time_s,g5_roll,ahrs_roll,gps_turn_rate_bank_deg,mag_turn_rate_bank_deg,yaw_gyro_turn_rate_bank_deg,fused_turn_rate_bank_deg,accel_roll_deg,roll_correction_target_deg,magnetic_roll_deg,magnetic_roll_innovation_deg,magnetic_roll_disagreement_deg,magnetic_roll_valid,error
96.081421,1.620000,0.000000,0.000000,0.000000,0.000000,0.000000,0.000000,0.000000,0.000000,0.000000,0.000000,0,-1.620000
96.281412,1.370000,0.820070,0.208937,-34.634850,0.615731,0.412334,0.000000,0.412334,16.328684,15.508614,2.653398,1,-0.549930
96.493507,1.190000,1.047332,0.358214,-22.748114,1.243064,-23.511509,-24.312149,-23.511509,18.270824,17.223492,1.671528,1,-0.142668
96.687637,1.090000,-0.622165,0.532005,-31.357508,1.698765,-26.117760,-27.233145,-26.117762,16.101883,16.724049,3.812405,1,-1.712165
96.883576,1.020000,-1.522506,0.484655,-48.387928,0.862059,-24.617437,-25.290794,-24.617437,13.192623,14.715129,2.082861,1,-2.542506
97.082629,1.080000,-2.270887,0.613136,-30.390511,2.676829,-19.830608,-21.475590,-19.830608,13.781576,16.052464,6.271609,1,-3.350887
97.281601,1.140000,-3.063416,0.613426,-32.056244,2.753296,-16.673887,-18.357248,-16.673887,12.668516,15.731932,8.344635,1,-4.203416
97.481980,1.150000,-2.807257,0.738691,-11.927060,2.586972,-9.603533,-11.266365,-9.603533,15.795079,18.602337,2.850529,1,-3.957257
97.688947,1.200000,-2.757369,0.842564,-16.113413,3.207552,-6.985640,-9.010698,-6.985640,14.713088,17.470457,3.913166,1,-3.957369
97.883615,1.190000,-3.475958,1.029156,-15.226312,1.261114,-4.698561,-5.843696,-4.698561,15.172987,18.648945,4.555095,1,-4.665957
98.084783,1.250000,-2.482659,1.075296,36.488354,1.529591,-3.615555,-4.917999,-3.615555,17.570065,20.052723,0.000000,1,-3.732659
98.281405,1.330000,-4.132189,1.216141,-24.297297,0.549574,-0.260507,-1.143364,-0.260507,13.642229,17.774418,8.022081,1,-5.462189
98.481482,1.370000,-4.481756,1.234864,-9.893165,0.730215,-0.631775,-1.614314,-0.631775,15.592896,20.074654,3.040699,1,-5.851756
98.682579,1.420000,-4.323252,1.101826,-6.779891,1.176026,-1.360045,-2.498971,-1.360045,15.065644,19.388897,4.453003,1,-5.743252
98.881412,1.490000,-3.074061,1.212759,-10.601302,2.571630,-5.712599,-7.604794,-5.712599,15.561548,18.635609,4.289321,1,-4.564061
99.082584,1.560000,-3.161919,1.252940,-23.013275,2.433022,-8.791021,-10.634003,-8.791021,12.533094,15.695013,4.665213,1,-4.721919
99.281598,1.670000,-3.873063,1.277843,-18.160736,2.296396,-5.629450,-7.416570,-5.629450,13.198162,17.071224,3.601398,1,-5.543063
99.481723,1.810000,-2.924823,1.384318,-32.029919,4.083008,-2.562737,-5.283781,-2.562737,11.334511,14.259334,1.378589,1,-4.734822
99.697198,1.960000,-2.688723,1.397563,-31.423498,2.725742,-3.945624,-6.006465,-3.945625,12.117620,14.806343,0.647696,1,-4.648724
99.883556,2.200000,-3.355735,1.624578,-25.225170,1.748281,-4.821180,-6.507609,-4.821180,11.600366,14.956100,2.275205,1,-5.555735
100.081422,2.320000,-3.232734,1.716840,8.480042,0.895898,-7.110769,-8.417138,-7.110770,14.965445,18.198179,6.213612,1,-5.552734
100.282911,2.250000,-3.339596,1.747697,-17.481565,1.405660,-6.162411,-7.739089,-6.162411,12.920155,16.259750,3.644365,1,-5.589596
100.482484,2.120000,-3.231262,1.713094,-31.590145,0.876886,-0.949462,-2.244452,-0.949462,9.166454,12.397717,2.487097,1,-5.351262
100.686646,2.060000,-3.933566,1.863957,10.751984,0.083969,-1.270489,-2.244452,-1.270489,14.627492,18.561058,6.981274,1,-5.993566
100.885846,2.000000,-3.588951,1.850295,9.570261,0.755302,-0.816575,-2.119374,-0.816575,13.786848,17.375799,8.661100,1,-5.588951
101.082890,1.830000,-4.109321,1.825380,4.033644,0.826256,-0.793556,-2.119374,-0.793556,13.958398,18.067719,7.068659,1,-5.939321
101.296714,1.600000,-3.624352,1.882065,-23.958923,0.540350,0.571938,-0.639270,0.571938,10.329114,13.953466,0.652376,1,-5.224352
101.486639,1.410000,-2.717900,1.815260,-26.930307,0.377108,0.972691,-0.161628,0.972691,8.417308,11.135208,2.947875,1,-4.127900
101.681404,1.230000,-3.111293,1.766207,3.263338,0.267101,0.729388,-0.311793,0.729388,12.503613,15.614905,5.737180,1,-4.341293
101.886143,1.050000,-3.225467,1.700401,-5.636392,1.317600,0.735484,-0.773516,0.735484,11.558406,14.783873,1.823084,1,-4.275467
102.081623,0.890000,-4.453461,1.642524,-0.113838,0.816674,0.638250,-0.591349,0.638250,11.303287,15.756747,1.338024,1,-5.343461
102.281410,0.690000,-5.395892,1.609978,4.037140,-0.059613,1.272750,0.497567,1.272750,12.057208,17.453100,6.018699,1,-6.085892
102.483535,0.500000,-5.993767,1.538041,6.153318,-0.072637,1.716261,0.955820,1.716261,11.750595,17.744362,7.540993,1,-6.493767
102.692690,0.320000,-6.631049,1.368670,4.049886,-0.396659,1.526512,0.955820,1.526512,12.179794,18.810844,6.636159,1,-6.951049
102.885472,0.320000,-5.778976,1.362084,16.841175,-2.297230,-1.976173,-1.508600,-1.976173,13.057652,18.836628,4.810644,1,-6.098976
103.086518,0.310000,-5.489336,1.174417,26.348761,-2.261026,-2.051905,-1.508600,-2.051905,15.121163,20.610500,0.362197,1,-5.799336
103.286517,0.290000,-4.861215,1.054335,14.223533,-0.943825,-0.815288,-0.870543,-0.815288,14.134612,18.995827,2.941083,1,-5.151215
103.482467,0.300000,-3.798664,1.047980,14.257850,-0.127167,1.065650,0.605243,1.065650,13.810153,17.608816,3.891696,1,-4.098664
103.688693,0.340000,-3.548988,0.883724,17.092562,0.116373,2.225039,1.699705,2.225039,15.571836,19.120823,0.610806,1,-3.888988
103.886770,0.360000,-3.049937,0.877007,6.475380,-0.395805,0.240601,1.699705,0.240601,14.000789,17.050726,3.735784,1,-3.409937
104.094529,0.460000,-2.167694,0.887981,8.718596,-1.347134,-0.229576,1.699705,-0.229576,13.695206,15.862900,2.956657,1,-2.627694
104.287000,0.560000,-1.736703,0.848177,4.583205,-1.107879,-0.661206,-0.531355,-0.661206,13.586949,15.323652,4.428084,1,-2.296703
104.487618,0.640000,-1.042732,0.895263,10.002335,-2.310495,-0.729506,-4.213998,-0.729506,14.068331,15.111063,3.795609,1,-1.682732
104.684484,0.670000,-2.382799,0.809727,6.263889,-2.579914,-9.551787,-8.666694,-9.551787,15.098181,17.480980,1.932428,1,-3.052799
104.881679,0.720000,-0.934508,0.798551,-7.711103,-1.855568,-4.345961,-3.817452,-4.345961,12.073418,13.007925,6.943943,1,-1.654508
105.083655,0.740000,-0.121473,0.753853,4.584441,-0.333106,-5.489728,-5.700102,-5.489728,15.373839,15.495312,1.176505,1,-0.861473
105.282960,0.770000,-1.484214,0.701556,-21.230850,-0.602792,-1.485359,-1.534741,-1.485359,14.905873,16.390087,0.000000,1,-2.254214
105.481401,0.780000,0.080308,0.774579,-1.212104,0.676774,3.219201,2.499876,3.219201,13.686629,13.606321,4.623630,1,-0.699692
105.712730,0.890000,1.234391,0.769073,-2.666633,1.824219,3.763216,2.466570,3.763216,14.652523,13.418132,2.807547,1,0.344391
105.882567,0.900000,0.786552,0.888862,-9.160782,0.220804,3.021403,2.466570,3.021403,12.940539,12.153987,5.907653,1,-0.113448
106.086666,0.890000,2.242987,0.907938,-11.521795,1.373290,-0.323181,-1.463795,-0.323181,13.024750,10.781763,7.456088,1,1.352987
106.281749,0.890000,2.402985,0.913484,-32.575066,2.625478,-3.284292,-5.053772,-3.284292,9.568745,7.165760,2.104531,1,1.512985
106.481380,0.910000,2.918447,0.870597,1.368379,2.657946,-2.020465,-3.784737,-2.020465,14.375582,11.457134,3.469543,1,2.008447
106.701931,0.970000,3.619133,0.880510,1.689641,3.852273,-1.418345,-3.784737,-1.418345,13.410846,9.791712,5.710290,1,2.649133
106.886657,1.070000,2.924008,0.919190,-15.086727,3.915138,0.021000,-2.396163,0.021000,12.426904,9.502896,3.562187,1,1.854008
107.086649,1.210000,2.646927,0.957444,-6.980566,3.984600,1.925069,-0.545953,1.925069,13.617873,10.970946,5.932040,1,1.436927
107.287524,1.320000,2.381885,0.974897,5.541807,4.201687,1.370494,-1.217798,1.370494,15.393959,13.012074,2.001825,1,1.061885
107.488506,1.340000,4.360223,1.026641,6.875824,4.728919,2.567515,-0.325568,2.567515,14.223908,9.863686,4.405089,1,3.020223
107.712029,1.330000,4.350444,0.986863,-6.025478,4.903759,3.651044,0.705733,3.651044,13.327210,8.976767,5.562044,1,3.020444
107.881720,1.400000,4.005511,1.053216,-6.875404,1.589797,0.913830,-0.407676,0.913830,13.029630,9.024118,8.109787,1,2.605511
108.081667,1.420000,2.694490,1.152331,2.822133,0.654645,-2.928399,-3.831887,-2.928399,13.917961,11.223471,5.154900,1,1.274490
108.281396,1.400000,2.880980,1.170007,-11.141428,1.645542,0.799140,-0.608634,0.799140,12.790987,9.910007,8.103086,1,1.480980
108.482761,1.520000,2.814547,1.158137,11.041997,2.151552,0.620144,-1.034701,0.620144,14.968785,12.154239,2.004667,1,1.294547
108.882685,1.620000,3.296789,1.290190,6.727070,1.631427,3.692262,2.231454,3.692262,14.981498,11.684710,3.436552,1,1.676789
109.081605,1.490000,4.908968,1.379900,19.031784,2.821983,3.583724,1.482783,3.583724,16.497364,11.588396,0.250265,1,3.418968
109.281443,1.420000,5.646510,1.391204,16.478205,2.859862,-1.785947,-3.911479,-1.785947,15.370245,9.723735,2.268099,1,4.226510
109.482792,1.410000,4.532301,1.456946,-23.281998,1.766237,-5.261996,-6.873588,-5.261996,15.763899,11.231598,0.000000,1,3.122302
109.741959,1.350000,4.464516,1.392282,14.852929,1.086930,-10.528963,-11.773398,-10.528963,14.258489,9.793973,4.144862,1,3.114516
109.885162,1.290000,3.412820,1.386308,-9.480425,0.833482,-10.115981,-11.225877,-10.115981,12.699281,9.286461,6.589372,1,2.122820
110.082452,1.260000,2.882515,1.299429,-5.582211,1.342895,-7.489549,-8.810711,-7.489549,13.668629,10.786114,5.555762,1,1.622515
110.284501,1.250000,3.616618,1.414272,-9.208567,0.950917,-5.708818,-6.891413,-5.708818,14.538204,10.921586,3.678529,1,2.366618
110.481490,1.250000,3.558100,1.431243,1.842042,2.197683,-1.623186,-3.437649,-1.623186,14.288639,10.730539,4.240545,1,2.308100
110.681479,1.250000,1.856407,1.457778,-9.774100,0.944918,-3.925694,-5.127042,-3.925694,12.771502,10.915094,6.298061,1,0.606407
110.881743,1.270000,-0.186217,1.370854,-1.283876,-1.126364,-5.119659,-5.241904,-5.119659,13.697816,13.884032,5.950323,1,-1.456217
111.085644,1.290000,0.746470,1.415990,16.679415,-0.923580,-6.534245,-6.780451,-6.534245,15.657995,14.911526,2.170941,1,-0.543530
111.281437,1.280000,1.096259,1.374738,-19.405685,0.698515,-4.824636,-5.861263,-4.824636,10.675250,9.578991,1.270152,1,-0.183741
111.481491,1.330000,0.756877,1.365058,-3.311949,2.353199,-1.429248,-3.288377,-1.429248,12.939471,12.182594,6.676300,1,-0.573123
111.682321,1.350000,0.804951,1.398445,2.975090,2.537606,0.852086,-1.115939,0.852086,13.836227,13.031276,4.990760,1,-0.545049
111.886510,1.360000,-2.290259,1.460730,12.288309,1.227373,-5.508496,-6.852548,-5.508496,15.053631,17.343891,2.956463,1,-3.650259
112.086486,1.300000,-2.569719,1.466875,-5.647279,1.433515,-5.551939,-7.002134,-5.551939,13.704374,16.274094,4.246163,1,-3.869719
112.283504,1.250000,-2.071341,1.536289,23.746119,3.096210,-6.720627,-9.036877,-6.720627,16.305605,18.376945,0.588165,1,-3.321341
112.482497,1.200000,-1.490175,1.396910,5.930474,4.937790,-4.789392,-7.956743,-4.789392,19.006464,20.496639,0.000000,1,-2.690175
112.681390,1.080000,-0.773973,1.438184,26.654062,5.205571,-7.674995,-10.996873,-7.674995,16.469698,17.243671,0.430140,1,-1.853973
112.888649,0.970000,-0.942659,1.408862,7.710744,2.024456,-7.963078,-9.679736,-7.963078,13.635109,14.577767,3.834756,1,-1.912659
113.082554,0.850000,-1.529041,1.333896,-10.973083,1.022111,-11.991089,-13.169092,-11.991089,12.891964,14.421005,5.818393,1,-2.379041
113.281384,0.700000,-1.372177,1.279951,20.205994,1.733346,-12.874050,-14.380699,-12.874051,15.588650,16.960827,0.040608,1,-2.072177
113.481677,0.590000,-0.875675,1.276144,-13.866143,2.975467,-12.300632,-14.426437,-12.300632,11.065713,11.941388,6.915758,1,-1.465675
113.684411,0.420000,-1.115509,1.169283,-1.600790,4.557262,-8.696997,-11.560268,-8.696997,12.755239,13.870748,4.506224,1,-1.535509
113.881730,0.330000,-1.117321,1.108512,-7.871574,2.787473,-11.026292,-12.974284,-11.026292,11.906331,13.023651,6.530485,1,-1.447321
114.084479,0.300000,-0.066885,1.101864,-13.468074,3.256312,-11.626440,-13.805528,-11.626440,11.664713,11.731598,7.037519,1,-0.366885
114.286488,0.250000,0.054398,1.054695,3.070783,3.695882,-10.695097,-13.070386,-10.695097,12.448119,12.393722,4.589571,1,-0.195602
114.484485,0.220000,-0.094153,1.107471,2.674435,3.498656,-10.990308,-13.293371,-10.990308,12.778617,12.872770,3.654527,1,-0.314153
114.694502,0.150000,0.015338,1.054212,-0.414698,2.771876,-6.367725,-8.280769,-6.367725,12.298658,12.283320,4.805267,1,-0.134662
114.887507,-0.050000,0.145600,0.888644,0.891807,2.708901,-5.097126,-6.923277,-5.097126,12.629111,12.483511,3.081296,1,0.195600
115.088224,-0.250000,-0.894190,0.912405,13.971732,1.957923,-5.554562,-6.989726,-5.554562,13.610424,14.504614,1.671473,1,-0.644190
115.283844,-0.470000,-2.285910,0.780649,27.542395,1.813482,-5.013547,-6.310613,-5.013547,15.338991,17.624901,2.430983,1,-1.815910
115.482673,-0.580000,-2.572201,0.657330,15.500165,1.568088,-4.473195,-5.585904,-4.473195,14.691351,17.263552,0.951185,1,-1.992201
115.683622,-0.610000,-2.945779,0.557060,5.745635,0.509104,-3.410084,-3.943166,-3.410084,12.403255,15.349034,2.278506,1,-2.335779
115.884481,-0.640000,-5.030521,0.407101,14.145351,-0.676075,-14.328407,-14.193920,-14.328407,13.830488,18.861010,0.818022,1,-4.390521
116.081464,-0.620000,-5.126311,0.367298,-5.469116,-1.547786,-13.616582,-13.026338,-13.616582,11.337493,16.463804,5.498530,1,-4.506311
116.281474,-0.570000,-5.689803,0.312981,-2.896318,-1.855718,-13.649487,-12.878119,-13.649487,11.405904,17.095707,5.855432,1,-5.119802
116.482492,-0.510000,-6.364806,0.198242,-10.693459,-1.161343,-12.396054,-11.914504,-12.396054,11.406535,17.771341,5.356080,1,-5.854806
116.682433,-0.460000,-5.723905,0.183939,6.054039,0.659423,-12.680368,-13.102049,-12.680368,13.102863,18.826767,2.689043,1,-5.263905
116.886646,-0.360000,-6.621701,0.070558,-6.836153,-0.595847,-13.649048,-13.386403,-13.649048,12.217774,18.839476,3.786423,1,-6.261701
117.082524,-0.260000,-6.875563,0.054907,-28.547861,-0.245898,-8.912557,-8.817061,-8.912557,7.582507,14.458070,3.984038,1,-6.615563
117.281389,-0.140000,-6.746222,0.033497,2.431748,0.902880,-6.416029,-6.884217,-6.416029,12.650618,19.396839,3.554581,1,-6.606222
117.482271,-0.050000,-7.815568,0.045077,-16.698277,1.438276,-3.483860,-4.193553,-3.483860,10.461104,18.276672,8.436768,1,-7.765568
117.683622,0.030000,-6.408619,0.008952,-9.819716,1.740964,-1.883088,-2.758046,-1.883088,11.689814,18.098433,6.085327,1,-6.438619
117.881390,0.130000,-3.699471,0.048714,-2.863174,3.851119,0.461176,-1.488740,0.461176,13.085299,16.784771,3.360489,1,-3.829472
118.088509,0.240000,-3.040648,0.106851,-11.567179,2.959800,1.216648,-0.316678,1.216648,11.660634,14.701282,6.564400,1,-3.280648
118.281490,0.330000,-3.463175,0.209829,-41.651714,2.538188,-1.027703,-2.401711,-1.027703,6.916184,10.379360,1.234851,1,-3.793175
118.495507,0.460000,-3.227266,0.235621,-40.993160,2.080076,1.418267,0.275143,1.418267,5.205297,8.432563,0.548749,1,-3.687266
118.683921,0.550000,-2.633438,0.255644,-31.284655,1.934893,4.155178,3.059909,4.155178,7.029023,9.662461,2.276881,1,-3.183438
118.881381,0.590000,-1.274828,0.333285,4.828856,2.237686,3.539758,2.254273,3.539758,11.734938,13.009766,7.166603,1,-1.864828
119.081409,0.640000,-1.674271,0.434562,15.531485,0.405179,1.083631,0.663760,1.083631,13.381958,15.056230,3.630063,1,-2.314271
119.282442,0.750000,-2.450566,0.510060,-35.551567,-0.680493,5.598902,5.684118,5.598902,6.143193,8.593760,0.731750,1,-3.200566
119.486652,0.820000,-1.442756,0.446422,-11.007014,-0.032418,5.666070,5.444372,5.666070,10.346656,11.789412,3.499839,1,-2.262756
119.688643,0.820000,-1.560334,0.532070,-28.186344,-0.456629,0.037720,5.437879,0.037720,7.144071,8.704405,3.059588,1,-2.380334
119.884500,0.880000,-0.877560,0.545628,-43.357342,-0.413712,0.065958,5.437879,0.065958,4.949093,5.826653,3.466828,1,-1.757560
120.084475,1.010000,-1.096714,0.737159,-43.382156,0.962227,0.849693,5.437879,0.849693,4.688182,5.784896,2.734872,1,-2.106714
120.293717,0.980000,-1.308212,0.731012,-21.948149,-0.519723,0.105644,5.437879,0.105644,7.924629,9.232841,4.027673,1,-2.288212
120.482510,0.910000,-2.159329,0.966562,-33.555489,-2.105675,-0.569556,5.437879,-0.569556,5.205479,7.364808,1.657746,1,-3.069329
120.682296,0.730000,-1.522835,0.937244,-36.265430,-1.488122,-4.494525,-4.219087,-4.494525,3.613982,5.136817,2.481377,1,-2.252836
120.885655,0.490000,-0.715653,0.870610,-8.310294,-0.042410,0.414100,-4.219087,0.414100,6.218016,6.933670,5.524169,1,-1.205653
121.081392,0.350000,-1.241503,0.940338,-2.534404,-0.533040,-5.764558,-5.968206,-5.764558,6.451850,7.693354,2.146245,1,-1.591503
121.282483,0.170000,-1.366210,0.796906,-5.957788,0.562778,-7.937603,-8.617445,-7.937604,7.670517,9.036728,3.679182,1,-1.536210
121.483572,0.070000,-1.964587,0.755372,-12.346431,1.237012,-9.903520,-10.899712,-9.903520,5.054343,7.018929,2.234661,1,-2.034587
121.686486,0.050000,-1.464631,0.733816,-12.517862,1.955064,-7.109221,-8.453661,-7.109221,4.741179,6.205810,0.359601,1,-1.514631
121.901654,0.140000,-1.296848,0.796344,-1.357081,1.469189,-9.614928,-10.725486,-9.614928,6.057757,7.354606,0.469878,1,-1.436848
122.088643,0.230000,-1.312795,0.708340,-9.552197,1.479617,1.093978,-10.725486,1.093978,4.992426,6.305221,2.426440,1,-1.542795
122.288849,0.280000,-0.575076,0.784451,10.929125,1.302389,1.043420,-10.725486,1.043420,7.182527,7.757603,0.134748,1,-0.855076
122.482707,0.320000,0.175950,0.677541,-6.479388,1.681629,1.179585,-10.725486,1.179585,5.734766,5.558815,1.255823,1,-0.144050
122.683529,0.400000,-1.203120,0.682232,23.965906,1.400277,-7.496190,-8.537444,-7.496190,9.894169,11.097288,0.598314,1,-1.603120
122.887250,0.430000,-1.347455,0.641959,15.620735,0.690039,-8.199574,-8.865573,-8.199574,8.491989,9.839444,2.055048,1,-1.777455
123.082427,0.460000,-1.955708,0.635468,19.165346,0.960647,-4.470546,-5.268604,-4.470546,9.648161,11.603868,2.771057,1,-2.415708
123.282496,0.560000,-1.575448,0.579182,35.859295,0.302415,-2.748892,-3.189691,-2.748892,12.127604,13.703053,6.244310,1,-2.135448
123.483559,0.640000,-1.532539,0.631145,14.219405,0.237378,2.255356,1.824540,2.255356,10.289515,11.822054,5.548652,1,-2.172539
123.681385,0.710000,-1.156451,0.685433,10.437861,0.533483,6.102972,5.493514,6.102972,9.165109,10.321560,1.476763,1,-1.866451
123.895514,0.730000,-2.151731,0.718132,13.695098,1.234265,3.044009,2.055751,3.044009,10.401631,12.553362,2.115933,1,-2.881731
124.085484,0.730000,-0.797404,0.830763,37.996731,3.141478,-3.593750,-5.579870,-3.593750,14.505078,15.302483,2.134758,1,-1.527404
124.282497,0.630000,-1.966752,0.753669,22.450993,1.374414,-3.665771,-4.729813,-3.665771,12.171793,14.138545,5.384763,1,-2.596752
124.493507,0.520000,-3.016768,0.848406,23.108265,0.161694,-6.465240,-6.970290,-6.465240,12.211922,15.228689,5.731250,1,-3.536768
124.694733,0.340000,-2.545120,0.787183,20.191900,1.262781,-6.357000,-7.381982,-6.357000,13.262849,15.807968,3.620193,1,-2.885120
124.892415,0.150000,-2.905890,0.742561,28.363142,1.521562,-9.810802,-10.942863,-9.810802,12.971852,15.877743,2.973782,1,-3.055890
125.084799,-0.010000,-3.376079,0.699878,13.011326,0.494562,-9.977808,-10.568300,-9.977808,10.285219,13.661298,7.424012,1,-3.366079
125.282589,-0.140000,-2.715390,0.661209,16.336241,-0.260668,-7.450544,-7.670149,-7.450544,11.510235,14.225625,5.304703,1,-2.575390
125.485640,-0.270000,-4.553140,0.623260,-7.122484,-1.476482,-11.460364,-11.033753,-11.460364,8.804365,13.357505,4.477742,1,-4.283140
125.682328,-0.310000,-4.065239,0.570118,-12.087721,-1.240589,-7.765879,-7.430643,-7.765878,7.222434,11.287674,1.561382,1,-3.755239
125.909323,-0.380000,-4.772547,0.559956,0.599913,-1.648476,-9.619394,-9.075134,-9.619394,8.934602,13.707149,6.998862,1,-4.392547
126.082499,-0.310000,-3.764676,0.570617,9.217052,-0.789387,-0.109385,-9.075134,-0.109385,11.078234,14.842909,6.016829,1,-3.454676
126.288511,-0.190000,-4.172000,0.421907,6.274254,-2.463204,-1.020649,-9.075134,-1.020649,11.263206,15.435205,6.102643,1,-3.982000
126.481504,-0.100000,-3.846710,0.322821,-15.075853,-2.459093,-1.023785,-4.065892,-1.023785,6.701195,10.547905,6.884075,1,-3.746710
126.682474,0.050000,-3.905617,0.415380,5.607489,-3.291087,-5.087791,-3.649938,-5.087791,10.959394,14.865011,7.556571,1,-3.955617
126.919982,0.140000,-3.131154,0.361313,10.352814,-2.267981,-5.200892,-4.272039,-5.200892,11.809032,14.940187,3.635391,1,-3.271154
127.081619,0.160000,-2.381800,0.352052,-45.592327,-2.840549,-0.324545,0.919704,-0.324545,4.553310,6.935110,1.655042,1,-2.541800
127.281382,0.200000,-2.570246,0.258268,-47.640320,-3.054945,-0.313178,1.085161,-0.313178,2.605743,5.175989,1.646827,1,-2.770246
127.482180,0.070000,-2.870608,0.234681,-43.233227,-3.145403,-1.478880,-0.066323,-1.478880,2.519480,5.390088,0.150488,1,-2.940608
127.689653,-0.060000,-2.330088,0.222570,-35.042736,-2.025822,0.272869,1.174495,0.272869,3.507225,5.837313,0.976991,1,-2.270088
127.920983,-0.110000,-2.555614,0.214715,-39.812237,-1.037565,-1.751090,-1.316226,-1.751090,0.960009,3.515623,1.413255,1,-2.445614
128.081491,-0.160000,-1.783736,0.195647,-41.184837,0.235468,1.984577,1.769020,1.984577,1.506848,3.290585,1.933516,1,-1.623736
128.281389,-0.250000,-1.186765,0.221717,-19.757305,0.378348,3.363770,3.063738,3.363770,3.492118,4.678883,2.899973,1,-0.936765
128.483859,-0.300000,-0.363167,0.320881,-11.437634,1.300669,2.914162,2.103387,2.914162,4.189731,4.552898,3.267599,1,-0.063167
128.682225,-0.320000,-0.591509,0.252933,-29.571447,0.870300,-1.116882,-1.678498,-1.116882,1.804639,2.396147,3.660232,1,-0.271509
128.967018,-0.360000,0.337786,0.265200,-21.647219,0.336300,-1.928396,-2.239141,-1.928396,2.661303,2.323517,3.240158,1,0.697786
129.083484,-0.640000,0.711067,0.195057,-28.098722,1.529433,-2.943149,-3.805394,-2.943149,0.804543,0.093476,4.134808,1,1.351067
129.285488,-0.720000,0.853862,0.149878,-18.130884,2.576689,-4.018145,-5.381428,-4.018145,1.992853,1.138990,5.478364,1,1.573862
129.481488,-0.630000,0.997004,-0.020001,-0.337284,2.440806,-2.337484,-3.601441,-2.337484,2.946810,1.949806,3.231622,1,1.627004
129.681389,-0.460000,0.112998,0.018707,18.007244,1.395799,-2.894188,-3.601441,-2.894188,4.988309,4.875311,0.272338,1,0.572998
129.881496,-0.280000,0.649977,-0.019305,32.629780,2.437149,-1.486804,-2.695726,-1.486804,8.146947,7.496969,4.104788,1,0.929977
130.081385,-0.110000,-0.194990,0.115950,0.556087,1.671945,-0.745484,-1.639432,-0.745484,4.182063,4.377052,1.365432,1,-0.084990
130.282565,-0.050000,-0.850900,0.072058,17.554291,1.730525,-5.458448,-6.359740,-5.458448,6.872673,7.723573,3.881797,1,-0.800900
130.485632,-0.070000,-1.234052,0.050850,44.887733,1.192998,-4.481406,-5.103330,-4.481406,11.163061,12.397113,6.775569,1,-1.164052
130.682161,-0.120000,-0.001179,0.079851,26.167870,2.700934,-1.789770,-3.180163,-1.789770,8.726966,8.728146,3.774857,1,0.118821
130.883788,-0.250000,-1.508752,-0.055056,14.846533,0.395492,-0.134059,-0.304277,-0.134059,8.084762,9.593513,2.056127,1,-1.258752
131.081488,-0.310000,-1.695737,-0.052373,32.792763,1.289675,-2.122422,-2.741073,-2.122422,10.919141,12.614878,6.400837,1,-1.385737
131.285510,-0.320000,-1.664644,-0.041769,25.908951,0.909291,-2.959942,-3.393703,-2.959942,9.696046,11.360690,8.215891,1,-1.344644
131.481420,-0.420000,-1.194293,0.027160,14.588104,1.193875,-2.389071,-2.964520,-2.389071,7.991246,9.185539,0.949553,1,-0.774293
131.681397,-0.510000,-2.240552,0.016139,34.380283,0.816330,-8.273746,-8.689980,-8.273746,11.151191,13.391743,4.571425,1,-1.730552
131.887645,-0.650000,-3.475428,0.072403,33.903679,2.042087,-6.125532,-7.182776,-6.125532,12.007621,15.483048,3.138158,1,-2.825428
132.084687,-0.660000,-3.715841,0.035463,31.298761,-0.175148,-6.319137,-6.249294,-6.319137,11.834044,15.549885,3.837723,1,-3.055840
132.281387,-0.740000,-3.912999,0.165750,12.284707,-1.801286,-0.817768,-7.353448,-0.817768,8.980475,12.893475,8.864920,1,-3.172999
132.486486,-0.790000,-4.269284,0.004398,-5.875028,-1.707512,-9.376184,-8.524628,-9.376184,7.538350,11.807634,2.616260,1,-3.479284
132.682179,-0.760000,-2.791330,-0.249012,25.096506,-1.510893,-9.404580,-8.524628,-9.404580,10.497872,13.289203,6.298932,1,-2.031330
132.891519,-0.820000,-1.741327,-0.322152,-9.431788,0.459469,-4.071725,-4.140383,-4.071725,7.066699,8.808025,1.058884,1,-0.921327
133.081392,-0.840000,-2.403345,-0.289568,-8.197501,0.334604,-6.767229,-6.789746,-6.767229,7.469027,9.872372,1.807503,1,-1.563345
133.281392,-0.800000,-1.035540,-0.271849,-19.158680,0.927715,-6.461813,-6.789746,-6.461813,5.928869,6.964409,2.581556,1,-0.235540
133.481513,-0.730000,-0.559016,-0.423809,-11.658672,0.159356,-8.941404,-8.809177,-8.941404,6.949883,7.508899,1.607505,1,0.170984
133.681386,-0.620000,-1.663766,-0.294825,-32.889893,-1.012942,-10.491712,-9.837828,-10.491712,2.242957,3.906723,1.658104,1,-1.043766
133.881483,-0.390000,-2.189616,-0.251322,-25.101368,-2.784103,-5.709744,-4.192032,-5.709744,4.005206,6.194822,0.804913,1,-1.799616
134.089347,-0.130000,-1.642653,-0.262481,-35.145485,-3.865438,-8.464744,-6.400784,-8.464744,2.360953,4.003606,2.558781,1,-1.512653
134.282205,0.070000,-2.282113,-0.299042,-36.268333,-3.101849,-6.926266,-5.225820,-6.926266,3.582392,5.864505,4.793199,1,-2.352113
134.485710,0.110000,-2.804421,-0.298588,-30.817562,-2.975579,-7.415802,-5.778719,-7.415803,3.290277,6.094698,4.220815,1,-2.914421
134.684960,0.170000,-1.207741,-0.231989,-23.356884,0.048588,-1.837501,-1.745800,-1.837501,3.165268,4.373009,5.924698,1,-1.377741
134.893504,0.160000,-1.908026,-0.183573,-14.045847,-1.530288,-2.602731,-1.745800,-2.602731,3.151162,5.059188,2.692562,1,-2.068026
135.086207,0.010000,-2.500707,-0.126143,-12.625160,-3.058336,-3.338040,-1.745800,-3.338040,3.813140,6.313847,5.127118,1,-2.510707
135.285654,-0.140000,-3.275859,-0.037581,-11.006120,-2.652374,-1.589210,-0.199952,-1.589210,2.964340,6.240199,3.734305,1,-3.135859
135.482114,-0.150000,-2.596188,-0.037581,-3.265654,-0.886098,-0.661791,-0.199952,-0.661791,4.143713,6.739901,2.961205,1,-2.446187
135.682160,-0.100000,-1.833689,0.036150,23.154020,-0.316200,-3.351145,-3.211120,-3.351145,7.293459,9.127148,0.205871,1,-1.733689
135.882295,0.060000,-1.367226,0.160186,10.528676,-1.046642,-3.034336,-2.591108,-3.034336,6.258744,7.625970,1.962610,1,-1.427226
136.097507,0.250000,-2.222675,0.061943,30.655680,-0.681518,-2.900896,-2.591108,-2.900896,8.934245,11.156920,3.647354,1,-2.472675
136.290504,0.270000,-1.975954,0.020612,30.626610,0.263883,-1.352511,-1.494758,-1.352511,10.213448,12.189402,0.831593,1,-2.245954
136.481509,0.250000,-2.293332,0.116152,5.690959,0.237350,-2.501357,-2.678108,-2.501357,6.203447,8.496779,2.007137,1,-2.543332
136.681675,0.260000,-2.321553,0.255872,25.528330,0.692876,-3.009698,-3.484073,-3.009698,9.621997,11.943550,0.098586,1,-2.581553
136.881752,0.140000,-2.388572,0.308079,10.924895,1.894583,-2.382741,-3.484073,-2.382741,7.424212,9.812784,1.806072,1,-2.528572
137.086755,0.050000,-1.615545,0.323398,38.219330,0.841937,-4.318475,-4.901142,-4.318475,11.678593,13.294138,5.416854,1,-1.665545
137.282741,0.040000,-1.149889,0.316996,35.235287,0.444997,-3.957696,-4.338693,-3.957696,11.383488,12.533377,4.449147,1,-1.189889
137.495517,0.090000,-1.538925,0.288437,38.639309,-0.574704,-5.583158,-5.440024,-5.583158,12.753368,14.292294,3.991647,1,-1.628925
137.686496,0.060000,-1.921243,0.253967,38.297344,-0.191685,-4.797795,-4.828936,-4.797795,13.812580,15.733824,1.558389,1,-1.981243
137.886764,0.000000,-1.959728,0.324488,37.634411,0.084756,0.723922,0.519300,0.723922,14.993994,16.953722,0.551394,1,-1.959728
138.082194,-0.040000,-1.067052,0.289579,15.448029,-0.074732,-0.555264,-0.662687,-0.555264,10.586134,11.653186,2.482427,1,-1.027052
138.281390,-0.070000,-1.118141,0.250977,25.416712,-0.061473,-1.967252,-2.062004,-1.967252,11.287131,12.405272,5.698830,1,-1.048141
138.482317,-0.040000,-0.943108,0.293087,29.140377,-0.385815,-10.048236,-10.001872,-10.048236,13.721805,14.664912,1.336622,1,-0.903108
138.682317,-0.050000,-1.375738,0.519190,-10.881036,-0.013370,-3.726058,-3.978968,-3.726058,7.638921,9.014659,5.838736,1,-1.325738
138.882295,-0.110000,-2.559864,0.362676,20.218590,-0.983991,-0.316820,-0.006163,-0.316820,12.134820,14.694683,4.103844,1,-2.449864
139.090509,-0.120000,-2.207408,0.359080,18.238539,-0.959836,-3.880492,-3.619463,-3.880492,10.994025,13.201433,6.391124,1,-2.087408
139.282510,-0.050000,-3.777228,0.348580,16.697464,0.456142,-3.217102,-3.619463,-3.217102,13.146149,16.923376,2.559938,1,-3.727228
139.483470,-0.150000,-3.921120,0.338721,6.114180,2.168235,-2.743716,-3.997193,-2.743716,11.097736,15.018857,6.257741,1,-3.771120
139.682112,-0.230000,-3.888601,0.359519,-0.154812,1.921569,-2.856649,-3.997193,-2.856649,10.641497,14.530098,6.740661,1,-3.658601
139.888715,-0.410000,-4.368210,0.395418,5.954502,1.301363,-5.616536,-6.464927,-5.616536,11.949607,16.317818,3.786443,1,-3.958210
140.097585,-0.590000,-4.799911,0.312318,-21.645872,0.265751,-6.155476,-6.464927,-6.155476,9.145775,13.945686,2.776347,1,-4.209911
140.283481,-0.580000,-5.698476,0.262542,6.596171,-0.827322,-5.271924,-5.013708,-5.271924,11.302171,17.000647,5.232687,1,-5.118476
140.482492,-0.520000,-5.887272,0.262542,7.581081,-1.162430,-7.722136,-7.272192,-7.722136,10.984713,16.871984,5.962795,1,-5.367272
140.685508,-0.560000,-5.230420,0.181505,12.917180,0.113061,-3.278465,-3.425748,-3.278465,12.666639,17.897060,2.817280,1,-4.670420
140.882508,-0.560000,-4.329615,0.168250,-2.640863,0.425102,-5.504488,-5.801164,-5.504488,11.104266,15.433882,5.155661,1,-3.769615
141.082193,-0.550000,-4.567066,0.138764,-1.173764,0.707506,-7.392416,-7.801382,-7.392416,10.783748,15.350814,5.810173,1,-4.017066
141.282131,-0.590000,-1.905470,0.081304,-4.213796,1.907451,-4.892523,-5.886900,-4.892523,10.256351,12.161821,7.215637,1,-1.315470
141.483508,-0.630000,-1.055416,0.025259,-0.126264,3.881327,-3.933608,-5.886900,-3.933608,11.210320,12.265736,5.048546,1,-0.425416
141.682149,-0.580000,-1.464833,-0.087057,-6.393656,3.251207,-4.304825,-5.886900,-4.304825,10.635036,12.099869,6.250032,1,-0.884833
141.885724,-0.430000,-1.531039,-0.053175,-1.867463,2.765918,-5.622606,-6.978977,-5.622606,11.020194,12.551232,5.354101,1,-1.101039
142.112037,-0.330000,-1.338262,-0.022702,-7.055637,2.406302,-3.768920,-4.960721,-3.768920,10.485705,11.823967,6.268706,1,-1.008262
142.281389,-0.240000,-0.594973,0.029822,-1.269238,3.865740,-3.016203,-4.960721,-3.016203,10.397919,10.992892,6.519728,1,-0.354973
142.482381,-0.120000,-1.095336,0.073988,3.918290,2.534005,-2.323774,-3.627771,-2.323774,11.843240,12.938576,5.013510,1,-0.975336
142.681714,-0.060000,-1.482629,0.136034,9.205418,1.956633,-2.581437,-3.627771,-2.581437,12.703115,14.185744,3.530332,1,-1.422629
142.881405,-0.040000,-1.169276,0.043092,-5.640088,2.948520,-2.703862,-4.199668,-2.703862,10.646610,11.815886,6.990998,1,-1.129276
143.108430,0.010000,-2.020579,0.032908,-6.712933,1.897519,-4.130704,-5.095918,-4.130704,10.697095,12.717674,6.587024,1,-2.030579
143.285775,0.080000,-0.551195,0.033099,-26.444559,2.718197,-5.690588,-7.066236,-5.690588,7.972406,8.523601,1.592174,1,-0.631195
143.485648,0.130000,-1.095858,0.044107,-19.595776,3.153595,-3.015144,-4.631298,-3.015144,8.449374,9.545232,1.050825,1,-1.225858
143.690718,0.220000,-1.518138,0.137517,-35.644840,2.919832,-1.975023,-3.503698,-1.975023,4.895255,6.413393,0.362112,1,-1.738138
143.885984,0.240000,-1.521832,0.211673,-20.364002,1.503609,-3.392573,-4.250214,-3.392574,7.332174,8.854006,1.024362,1,-1.761832
144.146144,0.240000,-2.379423,0.327375,-33.163307,0.210185,-8.521846,-8.786054,-8.521846,6.234151,8.613575,1.890012,1,-2.619423
144.281475,0.200000,-2.744409,0.315660,-30.710499,0.194000,-9.898058,-10.158746,-9.898058,5.667659,8.412068,3.533219,1,-2.944409
144.496685,0.180000,-4.246705,0.349226,-30.039507,-1.909908,-0.780341,-12.307037,-0.780341,3.895400,8.142105,2.832818,1,-4.426705
144.692507,0.130000,-5.237504,0.404674,-13.161358,-1.388177,-0.491752,-12.307037,-0.491752,6.045973,11.283476,0.255175,1,-5.367504
144.882468,0.030000,-4.008129,0.340525,-23.752153,-1.623833,-9.235882,-8.594228,-9.235882,5.187512,9.195641,3.131462,1,-4.038129
145.136387,-0.090000,-4.565950,0.322961,-15.428735,-0.087718,0.117622,-4.697541,0.117622,5.113350,9.679300,4.276422,1,-4.475950
145.281394,-0.180000,-3.967065,0.305024,-14.249233,0.061455,0.198459,-4.697541,0.198459,4.538331,8.505396,0.629975,1,-3.787065
145.481823,-0.310000,-2.835473,0.342225,15.787731,2.772691,1.557458,-4.697541,1.557458,8.404826,11.240299,2.396424,1,-2.525473
145.682093,-0.460000,-2.225667,0.258057,24.666908,3.443769,-0.812389,-2.663302,-0.812389,10.011105,12.236773,7.214198,1,-1.765667
145.887162,-0.600000,-2.862143,0.192011,-3.929559,2.157149,-5.639727,-6.814307,-5.639727,6.003349,8.865492,1.064890,1,-2.262143
146.137547,-0.710000,-2.048020,0.174027,10.985902,2.401960,-3.635274,-4.923268,-3.635274,8.399780,10.447800,1.566298,1,-1.338020
146.284496,-0.760000,-2.648107,0.052144,3.299273,2.875657,-2.032775,-3.496676,-2.032775,6.986570,9.634677,0.203782,1,-1.888107
146.483771,-0.660000,-3.318210,0.182235,26.225183,2.148816,-2.331151,-3.496676,-2.331151,10.396857,13.715067,6.858022,1,-2.658210
146.681635,-0.600000,-3.907673,0.059681,9.878520,0.460731,-3.236470,-3.496676,-3.236470,6.921348,10.829021,0.049485,1,-3.307673
146.885510,-0.610000,-3.609625,0.014874,-10.003383,1.005071,1.346943,0.836971,1.346943,4.890668,8.500293,1.561615,1,-2.999625
147.081693,-0.640000,-4.493752,0.037665,-9.927751,-0.377111,-2.622783,-2.453060,-2.622783,5.920044,10.413795,1.060084,1,-3.853752
147.282128,-0.570000,-3.854044,0.079076,-22.415442,-1.343059,-4.397345,-3.765353,-4.397345,4.149830,8.003874,0.340628,1,-3.284044
147.482082,-0.630000,-5.528380,0.025301,5.951627,-2.631178,-1.860458,-0.557519,-1.860458,7.826316,13.354696,1.026807,1,-4.898380
147.685763,-0.680000,-4.686257,-0.045017,25.469704,-2.248620,-3.379371,-2.232553,-3.379371,10.841020,15.527277,5.345165,1,-4.006257
147.885171,-0.670000,-5.133773,-0.091519,30.001671,-1.759259,0.069518,0.994907,0.069518,11.738926,16.872700,3.366541,1,-4.463773
148.084507,-0.630000,-4.919990,-0.172476,3.619461,-1.116899,-1.593677,-0.947463,-1.593677,8.387729,13.307718,1.513097,1,-4.289989
148.281401,-0.640000,-5.791324,-0.167070,16.463171,-0.654205,-2.203771,-1.793133,-2.203771,9.890080,15.681404,6.926794,1,-5.151324
148.481637,-0.710000,-5.171929,-0.230183,15.314709,-0.413147,-4.109761,-3.809610,-4.109761,10.098520,15.270450,6.406143,1,-4.461929
148.682120,-0.840000,-3.967380,-0.174655,30.942051,0.664886,-5.211190,-5.456305,-5.211190,12.093623,16.061003,2.912399,1,-3.127380
148.882176,-0.940000,-1.903583,-0.198834,17.324821,2.118349,3.209856,2.250098,3.209856,10.368876,12.272460,5.268733,1,-0.963583
149.082106,-1.100000,-0.791846,-0.234042,18.613338,2.551104,3.420195,2.250098,3.420195,11.005996,11.797842,3.965687,1,0.308154
149.283298,-1.240000,-1.185344,-0.370263,6.939805,1.429352,3.344335,2.774356,3.344335,9.523287,10.708631,6.752347,1,0.054657
149.483523,-1.310000,-1.762242,-0.289094,-3.739094,-0.426624,-1.521694,-1.163835,-1.521694,8.994852,10.757093,6.810817,1,-0.452242
149.690508,-1.360000,-2.489033,-0.419368,6.082212,-0.665749,-0.542558,-1.951112,-0.542558,12.084929,14.573962,1.708573,1,-1.129033
149.883539,-1.430000,-3.615315,-0.532706,11.315717,-0.981178,-0.756942,-1.951112,-0.756942,11.061326,14.676641,2.964243,1,-2.185315
150.082484,-1.420000,-2.893546,-0.568538,7.967312,-1.992010,-3.193848,-1.913574,-3.193848,9.946142,12.839688,5.992220,1,-1.473546
150.281604,-1.240000,-1.483733,-0.521518,6.713646,-1.480811,-4.564382,-3.563217,-4.564382,9.669507,11.153240,5.906527,1,-0.243733
150.483654,-1.060000,-1.527024,-0.615703,9.528338,-1.724601,-5.596368,-4.426216,-5.596368,10.822968,12.349993,4.012762,1,-0.467024
150.681702,-0.790000,-1.275830,-0.679603,0.681308,-2.614430,-0.658802,0.968350,-0.658802,10.796926,12.072756,6.621161,1,-0.485830
150.881507,-0.640000,-0.267636,-0.712540,-2.924316,-1.098184,0.549084,1.437977,0.549084,9.302605,9.570240,6.109756,1,0.372364
151.081396,-0.540000,0.430056,-0.708291,10.386876,-0.071601,1.278829,1.668774,1.278829,12.651346,12.221291,2.407781,1,0.970056
151.289502,-0.450000,-0.105883,-0.703743,7.569104,-1.316424,0.265935,1.276018,0.265935,12.569798,12.675680,3.252484,1,0.344117
151.485780,-0.290000,1.050654,-0.612785,-6.362821,-0.561890,1.642945,2.230282,1.642945,10.191640,9.140985,7.167291,1,1.340654
151.694507,-0.110000,0.823318,-0.515786,-18.633051,-0.107794,-0.401627,-0.089837,-0.401627,8.469707,7.646389,1.566864,1,0.933318
151.884506,-0.150000,2.447213,-0.427867,6.216594,1.669358,0.530909,-0.089837,0.530909,11.676327,9.229114,5.375811,1,2.597214
152.083776,-0.030000,1.732691,-0.308485,-11.239930,0.316803,0.004159,1.701450,0.004159,9.264208,7.531517,1.146171,1,1.762691
152.286770,0.200000,1.228475,-0.225325,16.965126,-0.712161,-0.473103,1.701450,-0.473103,13.433437,12.204963,1.775260,1,1.028475
152.488515,0.230000,1.384773,-0.228667,33.285107,-0.914337,-0.571502,1.701450,-0.571502,14.958756,13.573983,0.011840,1,1.154773
152.686490,0.220000,1.697406,-0.121897,22.760359,-0.739876,-0.430886,1.701450,-0.430886,13.053491,11.356085,3.188410,1,1.477406
152.882506,0.430000,2.541732,-0.071345,-13.390480,0.363429,1.076384,0.930342,1.076384,13.284148,10.742416,0.000000,1,2.111732
153.082481,0.510000,3.376156,-0.045620,11.727798,0.932264,0.443322,0.930342,0.443322,12.895131,9.518974,3.272020,1,2.866156
153.282548,0.480000,3.479493,0.057739,45.252872,3.149681,7.454638,5.902607,7.454637,21.748379,18.268887,0.000000,1,2.999493
153.482973,0.480000,2.880562,0.185230,-13.542442,2.587845,11.253010,9.866472,11.253010,14.547518,11.666956,0.000000,1,2.400562
153.687650,0.360000,3.653033,0.281567,42.054508,2.147296,8.650071,7.435639,8.650071,24.081238,20.428205,0.000000,1,3.293033
153.882560,0.120000,2.773916,0.279619,-29.011021,1.485156,4.980502,4.098114,4.980502,11.723028,8.949112,0.000000,1,2.653917
154.086751,0.100000,4.420355,0.376587,-1.645991,1.982107,0.941393,-0.237953,0.941393,15.638783,11.218428,0.000000,1,4.320355
154.283506,0.090000,4.487617,0.404226,-4.962979,-0.609385,-0.102580,1.149107,-0.102580,16.054007,11.566389,0.000000,1,4.397617
154.481486,0.020000,4.122612,0.428669,5.434961,-0.597081,-5.285834,-5.201628,-5.285834,13.797482,9.674870,0.651682,1,4.102612
154.690508,-0.060000,3.560531,0.464769,10.902095,-0.484063,-5.211275,-5.201628,-5.211275,19.622717,16.062187,0.000000,1,3.620531
154.882198,-0.130000,2.893532,0.273191,26.639629,0.975004,-7.072331,-7.696429,-7.072331,19.291658,16.398127,0.000000,1,3.023531
155.081394,-0.170000,2.345619,0.368437,-19.638998,0.804803,-8.826593,-9.438121,-8.826593,14.951404,12.605784,0.000000,1,2.515619
155.281735,-0.270000,1.874018,0.398342,-41.945606,2.015766,-8.246019,-9.438121,-8.246019,9.717961,7.843943,0.000000,1,2.144018
155.482569,-0.340000,2.383990,0.390854,36.134808,1.592053,-6.922631,-7.914085,-6.922631,22.066343,19.682354,0.000000,1,2.723990
155.681705,-0.500000,1.249435,0.278544,33.288189,0.900657,-5.886348,-6.475949,-5.886348,22.915720,21.666285,0.000000,1,1.749435
155.881626,-0.600000,1.187737,0.225115,30.822096,0.274609,-6.226087,-6.475949,-6.226087,20.334717,19.146980,0.000000,1,1.787737
156.086513,-0.760000,0.880769,0.134134,29.347301,-0.061506,-3.362242,-3.398556,-3.362242,20.159306,19.278538,0.000000,1,1.640769
156.281709,-0.960000,0.249809,0.061857,7.228025,-0.044336,-2.073054,-2.081815,-2.073054,19.691515,19.441706,0.000000,1,1.209809
156.483521,-1.020000,0.345230,-0.077160,30.345274,0.585013,4.992199,4.738273,4.992199,21.884674,21.539444,0.000000,1,1.365230
156.681476,-1.180000,0.152921,-0.139636,-9.381961,1.158198,-0.135471,-0.644752,-0.135471,12.097813,11.944891,1.195527,1,1.332921
156.882111,-1.360000,-1.002806,-0.129979,-27.299076,0.665836,-0.376824,-0.644752,-0.376824,12.617432,13.620238,0.000000,1,0.357194
157.089509,-1.760000,-3.313823,-0.135403,-30.228765,-1.278068,-1.351488,-0.644752,-1.351488,11.805137,15.118959,0.000000,1,-1.553823
157.283455,-2.580000,-3.717987,-0.430161,30.031775,-0.954069,-1.478947,-0.871195,-1.478947,20.334715,24.052702,0.000000,1,-1.137987
157.480993,-3.450000,-3.556183,-0.497683,25.816196,0.299167,-0.699826,-0.600568,-0.699826,19.043335,22.599518,0.000000,1,-0.106183
157.686520,-4.340000,-3.629448,-0.995444,22.940113,1.458858,2.678733,2.447025,2.678733,18.091412,21.720860,0.000000,1,0.710552
157.881394,-5.310000,-4.256634,-1.191076,20.302584,1.213214,-0.483803,-0.494872,-0.483803,17.778929,22.035563,0.000000,1,1.053366
158.089485,-6.130000,-4.065121,-1.472703,18.736113,-0.760029,-0.348929,0.767437,-0.348929,14.919377,18.984499,0.000000,1,2.064879
158.282574,-6.960000,-5.765413,-1.833411,2.906753,-3.305700,-1.802118,0.767437,-1.802119,13.802028,19.567440,0.000000,1,1.194587
158.482223,-7.940000,-6.905748,-2.116078,19.426575,-3.801786,-2.191495,0.767437,-2.191495,14.138994,21.044743,0.000000,1,1.034252
158.682539,-8.820000,-8.105838,-2.960383,-15.903028,-4.598670,-3.660679,0.118848,-3.660678,9.530586,17.636425,0.000000,1,0.714162
158.881384,-9.710000,-9.755140,-3.539582,-21.423555,-6.221224,-7.987823,-3.107419,-7.987823,2.221187,11.976327,2.099421,1,-0.045140
159.084537,-10.430000,-10.166658,-4.152719,-20.962061,-6.173285,-5.163002,-3.107419,-5.163002,4.805318,14.971976,0.000000,1,0.263342
159.294420,-11.210000,-11.410531,-4.885705,-12.863883,-7.307480,-6.096593,-3.107419,-6.096593,1.814144,13.224675,0.248827,1,-0.200531
159.481483,-11.840000,-11.193391,-5.214157,-17.237402,-6.715917,-5.965037,-3.107419,-5.965037,1.037303,12.230694,1.748549,1,0.646609
159.691760,-12.170000,-10.671124,-6.314569,6.591941,-7.505724,-6.910147,-3.107419,-6.910147,3.950526,14.621650,5.830293,1,1.498876
159.893098,-12.440000,-9.293283,-7.087656,22.085062,-6.315984,-6.701820,-3.107419,-6.701820,5.473856,14.767139,8.723027,1,3.146717
160.092507,-12.650000,-10.371821,-7.623863,-2.484464,-6.836194,-7.230029,-3.107419,-7.230029,2.128342,12.500163,3.309313,1,2.278178
160.299421,-12.710000,-9.017839,-8.135507,-30.090857,-5.932865,-15.120046,-8.085860,-15.120046,-1.236038,7.781802,3.622367,1,3.692161
160.482963,-12.780000,-9.707513,-8.342422,-30.087902,-7.451311,-7.896866,-6.628903,-7.896866,-2.311787,7.395726,6.402967,1,3.072487
160.682848,-12.770000,-10.115540,-9.068296,-1.503001,-9.349638,-9.208967,-11.918121,-9.208967,1.455166,11.570705,1.377254,1,2.654461
160.881612,-12.800000,-11.568563,-9.378719,-4.043738,-9.889862,-22.016792,-12.382503,-22.016792,1.522611,13.091175,0.005676,1,1.231437
161.083618,-12.970000,-11.528554,-9.754721,-13.700305,-10.665894,-21.390402,-11.180095,-21.390402,0.122708,11.651262,2.310286,1,1.441446
161.315054,-13.180000,-12.963331,-10.194000,-5.848799,-10.070561,-17.740421,-7.608142,-17.740421,0.969144,13.932475,0.054665,1,0.216669
161.484472,-13.360000,-14.010387,-10.354454,-15.401698,-10.314127,-25.281399,-14.947109,-25.281399,0.299031,14.309418,1.384371,1,-0.650388
161.689510,-13.540000,-14.523156,-10.830577,-31.026012,-9.435842,-22.751814,-12.618605,-22.751814,-2.772533,11.750624,0.085711,1,-0.983156
161.886769,-13.790000,-15.228596,-10.958504,-7.146827,-10.063074,-10.510789,-12.618605,-10.510789,-0.364045,14.864551,2.662709,1,-1.438596
162.082726,-13.930000,-15.760292,-11.109426,-0.762921,-11.628778,-11.369102,-12.618605,-11.369102,0.239244,15.999537,0.965654,1,-1.830292
162.328141,-14.250000,-16.153524,-11.371872,-14.705834,-12.925243,-11.663765,0.484792,-11.663765,-2.240294,13.913231,5.281309,1,-1.903524
162.488645,-14.540000,-16.914886,-11.235692,-10.453997,-13.780819,-10.312034,2.196221,-10.312034,-1.738856,15.176030,3.733181,1,-2.374887
162.681905,-14.810000,-17.928429,-11.928504,-21.739950,-14.359200,-10.947631,2.196221,-10.947631,-3.458885,14.469543,0.074158,1,-3.118428
162.883578,-14.930000,-18.387981,-11.988766,-40.709869,-13.511249,-8.879982,3.870026,-8.879982,-6.364673,12.023308,1.785550,1,-3.457981
163.087656,-14.970000,-17.324144,-12.321028,-40.879135,-14.232462,-8.741646,4.535100,-8.741646,-7.250078,10.074066,3.488772,1,-2.354144
163.331971,-15.110000,-16.735285,-12.874852,-43.657539,-13.752131,-16.351337,-3.179736,-16.351337,-8.572836,8.162449,4.579123,1,-1.625285
163.484497,-15.280000,-15.621904,-12.874852,-28.059065,-11.834368,-12.354610,-3.432359,-12.354610,-6.083174,9.538731,1.165882,1,-0.341905
163.686508,-15.360000,-15.638944,-13.375464,-29.857698,-11.570166,-22.513834,-10.041019,-22.513834,-7.719801,7.919143,2.798255,1,-0.278944
163.882495,-15.300000,-14.515473,-13.358733,-37.372086,-11.407600,-12.383167,-7.718588,-12.383167,-8.408642,6.106832,2.261390,1,0.784527
164.082476,-15.190000,-13.818616,-13.428460,-42.307777,-11.436806,-18.372284,-5.939651,-18.372284,-8.702110,5.116506,3.496235,1,1.371384
164.364996,-15.210000,-13.482803,-13.317864,-28.838486,-11.446973,-13.142710,-0.640518,-13.142710,-7.726350,5.756453,4.580808,1,1.727197
164.483441,-15.330000,-14.530247,-13.317864,-37.593929,-12.313087,-14.755905,-1.940430,-14.755905,-8.944726,5.585521,6.396490,1,0.799753
164.681891,-15.420000,-13.661756,-13.847488,-31.659601,-11.183073,-14.934049,-2.418768,-14.934049,-9.153538,4.508218,5.084159,1,1.758245
164.884660,-15.500000,-12.792691,-13.808197,-32.473389,-10.875853,-11.639316,0.702709,-11.639316,-9.586823,3.205869,3.222810,1,2.707309
165.082487,-15.640000,-13.000289,-13.605799,-17.892561,-10.529075,-10.800834,1.266603,-10.800834,-8.047042,4.953247,3.380466,1,2.639711
165.284528,-15.650000,-11.587182,-13.786326,-26.084469,-9.051851,-7.578302,3.910113,-7.578302,-8.824126,2.763056,6.253854,1,4.062818
165.484654,-15.640000,-10.077559,-13.709529,-20.762447,-9.217180,-2.788926,8.674428,-2.788926,-8.426570,1.650989,5.751075,1,5.562442
165.683554,-15.640000,-10.147549,-14.022346,-20.403736,-9.489018,-7.262526,4.493156,-7.262526,-8.726615,1.420934,7.073262,1,5.492452
165.884849,-15.600000,-11.024458,-13.936930,-13.924804,-8.968923,-12.883978,-1.431052,-12.883978,-7.670687,3.353771,6.556823,1,4.575542
166.082785,-15.420000,-9.921204,-13.759221,-23.979448,-8.078333,-12.758218,-1.839441,-12.758218,-9.355263,0.565941,4.984376,1,5.498796
166.281877,-15.090000,-9.646010,-13.596059,-1.367475,-7.484793,-11.098381,-0.557955,-11.098381,-6.244987,3.401023,5.009848,1,5.443990
166.485715,-14.710000,-10.501844,-13.421814,-0.798573,-10.362703,-15.389714,-3.497456,-15.389714,-6.260131,4.241714,3.336572,1,4.208156
166.692643,-14.460000,-10.873813,-13.447392,13.219033,-11.208966,-15.825634,-3.497456,-15.825635,-4.750981,6.122832,2.675741,1,3.586187
166.890640,-14.530000,-11.793979,-13.225181,-6.800249,-12.735793,-15.626686,-2.646199,-15.626686,-6.958278,4.835701,3.625875,1,2.736021
167.092659,-14.940000,-12.059760,-13.242969,4.045337,-13.508140,-14.809073,-1.433519,-14.809072,-6.194683,5.865077,4.023701,1,2.880239
167.283770,-15.340000,-13.581778,-13.255028,16.036360,-13.311659,-13.568349,-0.285006,-13.568349,-5.202039,8.379739,5.279321,1,1.758223
167.496685,-15.600000,-13.897164,-12.478498,-11.653889,-13.237605,-13.602411,-0.744360,-13.602411,-8.111677,5.785487,4.002485,1,1.702836
167.684508,-15.620000,-15.353962,-13.168039,11.410016,-13.407404,-18.561241,-5.273519,-18.561241,-5.719594,9.634367,3.033467,1,0.266038
167.882479,-15.780000,-15.608844,-13.049761,34.908310,-13.389476,-19.100609,-5.880992,-19.100609,-2.136170,13.472673,2.566876,1,0.171156
168.083650,-16.200001,-16.255859,-13.204191,5.370540,-13.305282,-19.351171,-6.096435,-19.351171,-6.549453,9.706406,0.707211,1,-0.055859
168.280484,-16.670000,-17.356646,-13.126951,-11.922629,-13.200004,-18.214964,-5.051487,-18.214964,-7.340670,10.015976,3.226966,1,-0.686646
168.489516,-16.650000,-17.978003,-12.913539,5.405360,-14.119523,-19.973454,-6.456922,-19.973454,-5.992042,11.985960,0.952981,1,-1.328003
168.684479,-16.139999,-17.529917,-13.281026,-15.942304,-14.569060,-14.367977,-0.442934,-14.367978,-6.358557,11.171360,3.544658,1,-1.389917
168.882475,-15.500000,-16.368404,-13.063686,-21.692606,-14.902146,-16.681387,-2.690388,-16.681387,-6.077328,10.291077,5.475953,1,-0.868404
169.087654,-15.240000,-15.705457,-13.553748,-20.245089,-14.604005,-19.366009,-5.287132,-19.366009,-7.465069,8.240388,2.468673,1,-0.465457
169.282618,-14.700000,-13.827063,-13.309013,-18.548347,-13.632661,-17.757141,-4.286304,-17.757141,-6.014591,7.812471,3.171158,1,0.872937
169.480659,-14.060000,-14.837924,-13.054241,-21.777842,-13.604426,-27.184536,-13.855203,-27.184536,-6.385103,8.452822,3.585802,1,-0.777924
169.680755,-13.770000,-15.463659,-13.430661,-38.772961,-13.637664,-25.953239,-12.419077,-25.953241,-7.751251,7.712409,4.127719,1,-1.693659
169.882277,-13.820000,-14.890585,-13.312271,-25.904650,-12.522735,-24.451313,-11.533810,-24.451313,-7.015549,7.875036,3.026894,1,-1.070585
170.084660,-13.780000,-16.306973,-13.280792,-26.004604,-11.184859,-25.609209,-13.376383,-25.609211,-7.252899,9.054073,1.238653,1,-2.526973
170.281594,-13.580000,-16.510286,-13.022161,-11.031375,-9.757478,-22.590340,-11.200521,-22.590340,-5.199321,11.310965,5.103349,1,-2.930286
170.494509,-13.720000,-16.170900,-12.523112,-14.597859,-7.914232,-10.178106,-11.200521,-10.178106,-6.553548,9.617352,1.346174,1,-2.450900
170.683494,-14.120000,-16.515194,-12.655897,-18.650230,-9.032554,-17.988737,-7.144513,-17.988737,-7.049079,9.466115,3.260798,1,-2.395194
170.880462,-14.590000,-17.017889,-12.508204,-16.889763,-10.454467,-16.770153,-5.288818,-16.770153,-6.577437,10.440452,4.886911,1,-2.427889
171.088508,-14.850000,-17.130239,-12.521137,-27.449371,-11.371475,-20.134590,-8.188284,-20.134590,-9.462667,7.667572,2.380607,1,-2.280239
171.281581,-15.000000,-17.139406,-12.360881,-23.049931,-12.209418,-25.071285,-12.786137,-25.071285,-7.906636,9.232771,6.004743,1,-2.139406
171.480412,-15.100000,-18.098057,-12.156559,-28.284883,-13.893844,-25.873722,-12.848521,-25.873722,-9.706196,8.391861,4.578726,1,-2.998056
171.687653,-15.390000,-19.106628,-12.652156,-36.751953,-12.992947,-22.884464,-10.061913,-22.884464,-10.848933,8.257695,4.096866,1,-3.716628
171.883645,-15.830000,-19.224670,-12.715479,-26.450949,-12.256290,-24.509094,-12.023211,-24.509094,-10.525762,8.698909,5.632067,1,-3.394670
172.080411,-16.150000,-19.225481,-12.945152,-21.125219,-11.408740,-24.200157,-12.023211,-24.200157,-10.205190,9.020291,5.208783,1,-3.075481
172.280412,-16.110001,-18.500086,-12.775938,-22.034845,-11.706550,-25.385359,-13.114927,-25.385359,-9.917046,8.583040,6.871008,1,-2.390085
172.480522,-16.139999,-20.212523,-12.789227,-30.004496,-12.779864,-25.358723,-12.574177,-25.358723,-11.152957,9.059566,5.588420,1,-4.072523
172.681573,-16.230000,-20.243267,-13.097310,-25.180992,-12.259725,-25.525459,-12.846942,-25.525459,-10.843736,9.399531,6.508426,1,-4.013268
172.880415,-16.129999,-19.264786,-13.117866,-28.423706,-12.447461,-23.911680,-11.129017,-23.911680,-11.057222,8.207563,5.609933,1,-3.134787
173.081840,-15.970000,-18.460228,-13.244773,-15.993794,-11.519066,-21.427559,-9.045638,-21.427559,-9.943603,8.516625,6.175405,1,-2.490228
173.282564,-15.550000,-18.252043,-13.321396,-28.932289,-12.650980,-22.161325,-9.175138,-22.161325,-10.861991,7.390052,5.178470,1,-2.702043
173.487630,-14.460000,-15.972856,-12.985755,-20.714535,-14.205167,-23.893856,-10.445753,-23.893856,-8.892263,7.080592,5.805774,1,-1.512856
173.685653,-13.240000,-15.272061,-13.369123,-23.333176,-14.613101,-23.722330,-9.731218,-23.722330,-7.442837,7.829225,4.747462,1,-2.032062
173.885964,-11.650000,-13.970530,-13.191382,-5.523990,-14.619182,-27.521938,-13.616655,-27.521938,-4.562937,9.407593,5.653022,1,-2.320530
174.083790,-10.060000,-13.195326,-12.908470,-9.346116,-14.672752,-23.865061,-10.074450,-23.865061,-2.799970,10.395355,7.532667,1,-3.135325
174.292508,-8.550000,-12.461769,-12.419522,-14.863911,-14.527276,-23.547848,-10.074450,-23.547848,-1.319815,11.141953,6.374622,1,-3.911769
174.487730,-7.130000,-11.942621,-11.516259,-28.203697,-13.505413,-20.306509,-7.521369,-20.306509,-0.894642,11.047979,5.347641,1,-4.812621
174.682475,-5.750000,-12.745880,-11.231834,-40.216724,-14.405206,-19.476978,-6.658460,-19.476978,0.147031,12.892912,7.962820,1,-6.995880
174.882477,-4.130000,-11.372218,-10.341579,-30.548876,-14.475116,-18.767971,-6.359622,-18.767971,2.307264,13.679482,7.635320,1,-7.242218
175.092805,-2.730000,-9.871526,-9.522966,-24.695137,-13.712021,-16.621943,-5.004449,-16.621943,3.463739,13.335264,6.210175,1,-7.141526
175.286786,-1.660000,-9.097858,-8.633824,-23.982656,-13.149899,-16.610374,-5.718513,-16.610374,5.242439,14.340298,7.050356,1,-7.437859
175.481959,-1.040000,-8.513728,-8.144972,-13.742257,-12.006306,-10.075639,-6.295828,-10.075639,4.406926,12.920654,3.954368,1,-7.473728
175.680448,-0.490000,-8.484817,-6.568151,-19.407858,-10.787401,-9.068597,-6.295828,-9.068597,5.917537,14.402353,7.341966,1,-7.994817
175.882569,-0.130000,-8.148952,-5.932910,1.196425,-9.014982,-24.326454,-16.534887,-24.326454,5.772822,13.921775,4.877238,1,-8.018952
176.083484,-0.150000,-9.167598,-5.062097,-8.299069,-9.080677,-21.504154,-14.230103,-21.504154,6.148624,15.316221,6.783772,1,-9.017598
176.280429,-0.490000,-9.064957,-4.236610,3.770869,-6.143577,-17.954321,-12.351483,-17.954321,5.661255,14.726212,5.889239,1,-8.574957
176.485842,-0.800000,-7.685734,-3.859668,-5.521616,-3.497816,-19.181805,-15.503061,-19.181805,5.718750,13.404484,6.270351,1,-6.885734
176.681539,-0.970000,-8.260417,-2.709528,1.921798,-3.851680,-18.678362,-15.397758,-18.678362,5.712392,13.972809,7.105162,1,-7.290417
176.881571,-1.190000,-8.905033,-2.265903,-15.377108,-3.879741,-18.470581,-15.397758,-18.470581,3.373180,12.278214,5.063610,1,-7.715033
177.081548,-1.240000,-10.666741,-1.874673,-3.654299,-5.132700,-18.679295,-15.175607,-18.679295,5.485981,16.152721,7.925965,1,-9.426742
177.280408,-1.620000,-9.471321,-1.615085,-3.445343,-2.806269,-15.832018,-13.621341,-15.832018,3.500276,12.971598,4.812470,1,-7.851321
177.483672,-2.010000,-10.929813,-1.485651,9.753901,-0.307618,-9.703125,-8.806490,-9.703125,4.480949,15.410763,6.736792,1,-8.919813
177.683494,-2.060000,-11.573749,-1.033465,2.567760,-1.363327,-6.937533,-5.739138,-6.937533,4.125805,15.699553,7.179477,1,-9.513748
177.885781,-1.840000,-11.386834,-0.940072,7.295803,-0.370893,-7.486485,-6.831002,-7.486485,4.610931,15.997765,6.427515,1,-9.546834
178.082779,-1.520000,-11.987517,-0.966087,7.916257,-1.651878,-4.786225,-3.477243,-4.786225,5.542448,17.529964,6.911240,1,-10.467518
178.284635,-1.090000,-12.038117,-0.907262,7.836255,-1.199889,-3.803693,-2.750118,-3.803693,4.884926,16.923042,5.767503,1,-10.948117
178.480644,-1.220000,-12.233747,-0.802448,4.278951,-0.771878,-4.682375,-3.895212,-4.682375,4.691278,16.925024,5.331723,1,-11.013746
178.684655,-1.660000,-12.928062,-0.792559,16.767778,-0.257503,-2.407571,-1.832385,-2.407571,4.922940,17.851002,4.706482,1,-11.268063
178.881583,-1.990000,-12.465482,-0.567816,12.793004,0.776683,-1.404736,-1.509170,-1.404736,5.057099,17.522581,5.639678,1,-10.475482
179.082551,-1.920000,-12.157357,-0.641277,19.770302,1.389260,0.153618,-0.220373,0.153618,5.053209,17.210567,4.135107,1,-10.237357
179.281865,-0.990000,-9.574468,-0.346953,19.568180,1.922476,0.567388,-0.220373,0.567388,6.567081,16.141548,5.260734,1,-8.584468
179.487392,0.640000,-8.343275,-0.173916,30.089056,1.067776,-0.914816,-1.361746,-0.914816,9.250056,17.593330,2.985448,1,-8.983275
179.680755,2.550000,-5.664319,0.362424,15.331577,-0.516539,-1.603297,-1.361746,-1.603297,10.739470,16.403790,4.387234,1,-8.214318
179.889636,4.260000,-3.641191,0.754900,25.721128,-2.149598,-3.813833,-3.116484,-3.813833,13.209773,16.850964,3.651580,1,-7.901191
180.086510,5.800000,-1.915045,1.400632,25.593719,-1.312830,-3.072583,-3.116484,-3.072583,15.421550,17.336596,3.379347,1,-7.715045
180.282492,7.150000,-0.342799,1.956767,21.181589,-0.928846,-5.785835,-6.299796,-5.785835,16.985428,17.328226,3.581184,1,-7.492799
180.500369,8.690000,1.507918,2.598092,25.150467,1.411367,-4.534709,-6.399063,-4.534709,18.909519,17.401602,4.449612,1,-7.182082
180.685641,10.260000,3.078613,3.706841,23.394993,2.847694,-2.534032,-5.811300,-2.534032,21.384802,18.306189,3.666349,1,-7.181387
180.885638,11.650000,5.124994,4.784163,31.673124,3.464274,-2.558651,-6.682869,-2.558651,22.844236,17.719242,3.102932,1,-6.525006
181.082592,12.560000,6.127450,5.596500,20.087484,3.641552,-1.348802,-5.967828,-1.348802,23.164642,17.037193,1.796444,1,-6.432550
181.281883,13.280000,7.659410,6.631457,24.873037,4.673328,5.418533,-8.447213,5.418533,24.431768,16.772358,3.376680,1,-5.620590
181.501354,13.840000,8.661280,7.087114,22.599461,6.369445,1.914857,-4.813422,1.914858,25.421038,16.759758,2.784662,1,-5.178720
181.693625,14.060000,7.512979,8.239508,18.936272,6.562540,5.217267,-1.650505,5.217267,24.643234,17.130257,3.132864,1,-6.547022
181.884777,14.250000,6.996839,9.007484,-12.497764,6.579805,8.201900,0.792244,8.201900,21.820408,14.823568,4.487465,1,-7.253161
182.083802,14.060000,6.994881,9.811000,9.711480,8.227920,8.063769,-0.724179,8.063769,22.794472,15.799591,3.913191,1,-7.065120
182.281899,13.610000,8.564352,10.096018,15.538436,8.718863,9.407440,-9.052238,9.407440,23.802275,15.237923,2.750463,1,-5.045648
182.523887,13.400000,8.526178,10.759521,6.974038,9.369340,10.187057,-9.052238,10.187057,24.321760,15.795582,3.897499,1,-4.873821
182.686508,13.240000,9.223652,11.894314,0.821528,11.940519,9.394888,-2.522529,9.394888,21.076571,11.852919,1.221533,1,-4.016348
182.882860,13.010000,8.397390,12.172938,9.292229,11.611129,11.542448,-0.349586,11.542448,23.022484,14.625093,1.946781,1,-4.612610
183.088637,12.960000,9.428139,12.198636,19.093811,11.374404,10.386644,-1.399876,10.386644,23.842119,14.413980,3.543186,1,-3.531861
183.284511,13.080000,9.133705,12.726491,13.903875,10.118526,11.092733,-0.329775,11.092733,24.216280,15.082575,2.964411,1,-3.946295
183.544287,13.270000,9.756697,11.975542,14.697803,9.640230,7.490590,-3.667624,7.490590,23.309893,13.553196,2.615431,1,-3.513304
183.681628,13.330000,9.369655,13.013451,13.396514,9.560545,8.415612,-2.871386,8.415612,23.632740,14.263085,2.953150,1,-3.960345
183.881571,13.250000,9.437672,12.993689,13.036084,10.284580,3.057549,-8.581585,3.057549,23.248770,13.811098,2.019743,1,-3.812328
184.081587,13.280000,9.421373,12.952757,9.362738,11.529182,4.994608,-7.246361,4.994608,22.640755,13.219381,2.628679,1,-3.858626
184.281574,13.860000,8.387364,13.352134,23.104445,11.225881,6.371304,-5.917703,6.371304,24.809103,16.421738,0.049450,1,-5.472635
184.481585,13.940000,7.347383,13.330420,14.961538,11.136019,4.769101,-7.464118,4.769101,24.581205,17.233822,4.101816,1,-6.592616
184.685550,13.870000,6.694660,13.573185,14.225942,10.346993,2.637030,-9.323059,2.637030,24.287022,17.592361,0.701534,1,-7.175340
184.882569,13.710000,6.552274,13.532308,15.727230,10.932049,0.536555,-11.695622,0.536555,24.333946,17.781672,3.385033,1,-7.157726
185.080749,13.540000,5.952169,13.923984,11.962899,9.519677,0.026208,-11.695622,0.026208,24.395855,18.443686,1.320000,1,-7.587831
185.280752,13.340000,5.124710,14.303307,5.394661,10.043071,2.557025,-9.616164,2.557025,22.334938,17.210228,1.421089,1,-8.215290
185.486861,13.350000,4.378107,14.242951,-12.310485,9.604207,-0.576934,-12.500513,-0.576934,20.984709,16.606602,2.875164,1,-8.971893
185.683483,13.170000,4.303737,13.983475,17.466194,10.665019,0.728951,-11.595297,0.728951,23.303720,18.999985,0.295061,1,-8.866263
185.885493,13.130000,2.750411,14.134725,26.990675,11.485194,-2.453897,-15.263856,-2.453897,24.657742,21.907330,1.730730,1,-10.379589
186.081572,13.010000,2.690366,14.020590,19.129196,11.844113,-0.733272,-13.665624,-0.733272,23.722069,21.031704,1.779911,1,-10.319634
186.282158,12.980000,1.984574,14.235957,20.775925,12.890086,0.820341,-12.742681,0.820341,24.077702,22.093126,2.173460,1,-10.995425
186.481486,12.880000,2.138650,14.388198,7.519188,12.572793,0.737815,-12.742681,0.737815,23.799080,21.660429,5.696665,1,-10.741350
186.680408,12.690000,2.672018,14.602465,-7.468051,12.725894,-4.343884,-18.008062,-4.343884,21.335812,18.663794,0.295792,1,-10.017982
186.880524,12.730000,2.465813,14.520102,7.580673,12.982185,-0.247310,-13.998453,-0.247310,22.621273,20.155460,1.443317,1,-10.264187
187.082564,12.680000,1.257073,14.438856,20.778164,12.343897,2.418931,-10.972445,2.418931,22.419077,21.162004,0.431921,1,-11.422927
187.283475,12.820000,0.947368,14.453808,18.593473,12.178713,4.622949,-8.693312,4.622949,24.176382,23.229013,4.121571,1,-11.872632
187.482136,13.030000,0.705119,14.471353,16.360819,11.852693,8.415942,-4.746080,8.415942,23.407227,22.702106,3.061121,1,-12.324881
187.684513,13.280000,3.275981,14.713324,19.262972,13.855636,15.520000,1.235521,15.520001,23.141525,19.865545,0.153669,1,-10.004019
187.880406,13.180000,3.167193,14.627612,23.247143,11.952168,13.811267,0.521377,13.811267,24.828325,21.661133,0.201403,1,-10.012807
188.080541,13.020000,2.392873,14.548018,28.745363,10.862822,15.711866,3.006447,15.711866,25.287006,22.894133,0.933392,1,-10.627128
188.282495,12.870000,3.310933,14.485404,26.981258,11.193027,16.351885,3.512668,16.351885,25.364180,22.053246,0.194801,1,-9.559067
188.481959,12.540000,3.604440,14.512207,17.596334,11.434905,12.366446,-0.607111,12.366446,23.344997,19.740557,1.137791,1,-8.935560
188.681902,12.560000,4.850007,14.501417,19.929811,12.520659,11.009790,-2.501248,11.009790,24.037724,19.187717,1.714903,1,-7.709993
188.881697,12.650000,5.287375,14.288131,36.224735,12.214199,6.581168,-6.669998,6.581168,26.581505,21.294130,2.921696,1,-7.362625
189.081572,12.730000,3.695090,14.080579,3.557736,11.937686,8.202538,-4.806594,8.202538,22.344515,18.649426,0.751223,1,-9.034909
189.281609,12.730000,5.132980,14.186991,21.132774,12.262839,9.287289,-3.937625,9.287289,25.476273,20.343292,1.319588,1,-7.597020
189.480738,13.290000,5.545459,14.213249,39.096416,12.590468,8.024881,-5.376978,8.024881,30.129286,24.583828,6.416700,1,-7.744541
189.695507,13.690000,5.800204,13.923553,46.873119,12.096909,10.618659,-2.384677,10.618659,32.116837,26.316633,1.781935,1,-7.889796
189.880506,14.060000,7.042758,14.160328,40.310528,12.545629,10.228945,-3.124033,10.228945,31.719934,24.677176,2.012474,1,-7.017242
190.083759,14.290000,6.496964,14.523616,32.609680,10.325218,6.068748,-6.355669,6.068748,31.120405,24.623442,5.701275,1,-7.793036
190.280749,14.410000,7.263317,14.642519,36.118885,9.562844,0.421624,-11.681058,0.421624,31.994190,24.730873,3.698206,1,-7.146683
190.483504,14.470000,7.143808,14.595556,35.420353,10.295179,-3.618872,-16.064240,-3.618872,32.699375,25.555567,2.739494,1,-7.326192
190.681629,14.500000,5.807213,14.631153,37.881981,9.637683,-5.258991,-17.393410,-5.258991,36.475529,30.668316,0.000000,1,-8.692787
190.880665,14.460000,6.284923,14.698743,22.315641,10.362453,-1.825475,-14.356072,-1.825475,33.586002,27.301079,0.000000,1,-8.175077
191.081586,14.270000,5.235141,14.846586,-1.940400,9.814402,8.054956,-4.275537,8.054956,31.375202,26.140060,0.000000,1,-9.034859
191.285732,14.300000,5.002317,14.931362,16.534334,10.694265,7.879196,-4.933618,7.879196,29.477880,24.475563,5.704866,1,-9.297684
191.486153,14.510000,4.903625,14.947492,-1.842054,10.587453,4.487885,-8.279588,4.487885,31.184704,26.281078,0.000000,1,-9.606375
191.680419,14.680000,6.370929,15.023164,-9.058384,13.023198,6.645924,-7.377257,6.645925,30.545048,24.174118,0.000000,1,-8.309072
191.880713,14.790000,5.620545,15.190749,-12.655311,12.812978,8.057339,-5.944525,8.057339,30.431185,24.810640,0.000000,1,-9.169455
192.085638,14.930000,6.231629,15.346011,11.350382,11.411269,13.378640,-8.961519,13.378641,31.908611,25.676983,0.000000,1,-8.698372
192.281592,15.060000,6.698212,15.567588,22.992498,10.910657,13.239122,-8.961519,13.239122,34.192707,27.494495,0.000000,1,-8.361789
192.482571,15.210000,8.349274,15.568124,1.947984,12.352974,13.960548,-8.961519,13.960548,31.435888,23.086615,0.000000,1,-6.860726
192.681635,15.130000,8.379213,15.261162,-14.779157,11.953647,13.533695,-8.961519,13.533694,29.699650,21.320436,0.000000,1,-6.750787
192.886619,15.000000,8.123019,15.765996,48.943611,11.677535,13.721766,-8.961519,13.721766,37.301708,29.178688,0.000000,1,-6.876981
193.083656,14.820000,9.470251,15.955618,-38.694592,12.633023,14.294321,-8.961519,14.294321,26.304220,16.833969,0.000000,1,-5.349749
193.282562,14.710000,10.084369,15.927200,-30.898363,13.743283,14.409983,-0.425259,14.409983,28.606995,18.522625,0.000000,1,-4.625631
193.481819,14.830000,10.567838,15.936579,4.225006,13.186181,14.526559,-0.034821,14.526560,28.707241,18.139404,4.545633,1,-4.262162
193.684170,14.960000,8.557922,15.757867,-8.492094,10.268887,12.978555,-0.034821,12.978556,30.671251,22.113329,0.000000,1,-6.402078
193.883668,15.030000,9.797828,15.853871,19.882086,11.248182,13.551027,-1.422981,13.551027,34.061752,24.263924,0.000000,1,-5.232172
194.084685,15.100000,9.457247,16.074417,48.289566,11.368508,13.721462,-1.422981,13.721463,37.869411,28.412165,0.000000,1,-5.642754
194.283499,15.220000,8.793332,15.951052,21.121244,10.385093,10.317188,-2.850884,10.317188,33.307308,24.513977,0.000000,1,-6.426668
194.481788,15.160000,9.437605,15.975664,8.402232,11.572126,9.830787,-3.943108,9.830787,31.090096,21.652491,0.000000,1,-5.722395
194.689126,14.990000,9.510562,15.461706,25.713251,12.036698,12.091930,-1.717515,12.091930,33.289867,23.779305,0.000000,1,-5.479438
194.880892,14.770000,10.058914,15.796307,42.296154,12.455186,17.617470,3.491723,17.617470,36.969921,26.911007,0.000000,1,-4.711086
195.084635,14.620000,9.670389,16.116785,39.005939,10.661028,13.147923,-0.240983,13.147923,36.512417,26.842028,0.000000,1,-4.949611
195.281484,14.430000,9.627166,15.711940,35.522346,10.165809,12.392268,-0.546606,12.392268,36.001251,26.374084,0.000000,1,-4.802835
195.485640,14.230000,9.026958,15.338284,32.121136,10.682835,14.777701,1.578733,14.777700,35.263699,26.236740,0.000000,1,-5.203041
195.688212,14.110000,8.411848,15.561563,28.344126,11.060819,13.198071,-0.113121,13.198071,34.219147,25.807299,0.000000,1,-5.698152
195.881579,13.830000,9.074548,15.357101,25.580116,12.655012,12.833980,-1.172077,12.833980,33.978470,24.903923,0.000000,1,-4.755452
196.080407,13.050000,8.566127,15.379147,22.796787,13.491556,15.685779,1.250427,15.685779,32.466908,23.900780,0.000000,1,-4.483873
196.286635,12.060000,8.313423,15.150692,20.212160,14.130265,11.926374,-2.714104,11.926374,33.684044,25.370621,0.000000,1,-3.746577
196.480712,10.750000,8.142535,14.999867,17.912422,14.708098,12.139879,-2.714104,12.139879,30.148718,22.006184,0.000000,1,-2.607465
196.700870,9.310000,6.808759,14.835658,15.387557,14.332951,14.781701,0.197396,14.781702,29.187567,22.378807,0.000000,1,-2.501241
196.891507,7.680000,4.829431,14.356085,13.746837,14.023121,14.182753,-0.006851,14.182753,28.020256,23.190826,0.000000,1,-2.850569
197.085475,6.060000,3.152160,13.960520,13.166045,12.889669,11.820240,-1.604855,11.820240,24.521391,21.369230,0.000000,1,-2.907840
197.282732,4.400000,1.706586,13.182971,12.476192,11.454152,10.554111,-1.764450,10.554111,23.467081,21.760494,0.000000,1,-2.693414
197.480680,2.870000,1.390654,12.232488,12.738574,10.430217,11.431407,-0.179213,11.431407,22.413338,21.022684,0.000000,1,-1.479346
197.772594,1.870000,1.282498,10.843806,14.552732,9.575150,10.883312,0.398508,10.883312,22.190306,20.907808,0.000000,1,-0.587502
197.881481,1.450000,1.196647,10.592570,-47.470093,8.597091,8.879046,-0.715784,8.879046,12.152583,10.955935,0.000000,1,-0.253353
198.081584,1.150000,-0.001852,9.749276,-28.690981,6.893755,5.501060,-2.820455,5.501060,14.783905,14.785757,0.000000,1,-1.151852
198.284180,0.870000,-0.246951,8.804494,-31.050726,6.195910,4.902210,-2.597992,4.902210,15.218121,15.465072,0.000000,1,-1.116951
198.481629,0.500000,-1.466507,8.261774,-9.126351,4.430848,1.015023,-5.331288,1.015023,12.871526,14.338033,3.135180,1,-1.966507
198.734294,0.130000,-1.624991,6.720641,22.496292,5.387396,3.416230,-2.792713,3.416230,20.234331,21.859322,0.000000,1,-1.754991
198.881486,0.060000,0.511874,6.364626,-42.126534,6.961910,4.619283,-2.043986,4.619283,11.190127,10.678253,0.000000,1,0.451874
199.081606,0.490000,-0.527283,5.760413,25.395958,5.717211,1.655540,-4.083272,1.655540,19.562496,20.089779,0.000000,1,-1.017283
199.282557,1.320000,0.517172,5.424902,-14.518141,4.856756,2.693792,-2.447037,2.693792,10.835331,10.318159,2.432331,1,-0.802828
199.480648,2.330000,0.157408,5.088482,-22.093237,3.118536,3.374373,-0.782565,3.374373,14.521307,14.363899,0.000000,1,-2.172592
199.682575,3.540000,1.945980,5.004076,26.431761,3.685696,-0.134548,-4.479434,-0.134548,20.331566,18.385586,0.000000,1,-1.594020
199.883513,5.060000,3.920356,5.035552,24.467667,4.327270,0.728789,-3.952622,0.728789,23.547594,19.627239,0.000000,1,-1.139644
200.080422,6.470000,5.109783,5.087756,24.437794,3.858975,-0.014998,-4.488363,-0.014998,26.796988,21.687204,0.000000,1,-1.360217
200.286647,7.960000,6.669743,5.379546,23.066553,4.155369,0.279094,-4.488363,0.279094,28.327005,21.657263,0.000000,1,-1.290257
200.487370,8.720000,5.645504,5.468418,21.982880,3.816846,0.154268,-4.488363,0.154268,28.483086,22.837582,0.000000,1,-3.074496
200.680606,8.030000,5.614066,5.976309,22.473854,6.221300,7.547617,1.448813,7.547616,26.003588,20.389523,0.000000,1,-2.415934
200.880528,6.840000,3.350482,6.297541,22.208019,7.233918,9.490505,2.724775,9.490505,26.104609,22.754128,0.000000,1,-3.489518
201.085644,5.320000,1.504716,6.440003,-18.522682,8.287373,13.058821,5.695132,13.058821,19.014713,17.509996,0.000000,1,-3.815284
201.282478,3.330000,-0.810482,6.390291,20.489813,8.893373,9.535079,1.893247,9.535079,23.402376,24.212858,0.000000,1,-4.140482
201.487623,2.170000,-0.852540,6.158679,20.581873,8.795309,8.971830,1.442940,8.971830,19.660542,20.513083,0.000000,1,-3.022540
201.688507,2.050000,-0.129200,6.120230,-3.655622,6.759789,7.231214,0.791205,7.231214,18.218073,18.347273,0.000000,1,-2.179200
201.881611,1.780000,0.036853,5.713993,19.531469,8.203359,7.749881,0.791205,7.749881,21.488552,21.451698,0.000000,1,-1.743147
202.080710,1.290000,0.402475,5.415484,-48.801975,8.746198,8.447309,1.366468,8.447309,8.738996,8.336520,0.000000,1,-0.887525
202.286173,0.770000,-0.388420,5.012661,-4.412137,8.437661,7.908641,1.183481,7.908641,16.509504,16.897924,0.000000,1,-1.158420
202.484636,0.400000,0.076536,4.470335,18.769810,8.486496,7.836493,1.183481,7.836493,19.296474,19.219938,0.000000,1,-0.323464
202.681619,0.360000,-0.445878,4.279030,17.070137,7.490758,6.763511,0.878616,6.763511,17.854023,18.299902,0.000000,1,-0.805879
202.882747,0.650000,0.520279,3.985222,16.615812,6.300997,6.021726,0.878616,6.021726,19.151428,18.631149,0.000000,1,-0.129721
203.095515,0.610000,1.454801,3.520790,6.665922,7.640484,7.987040,2.406402,7.987039,16.719692,15.264892,0.000000,1,0.844801
203.283477,0.810000,2.677631,3.252770,16.198759,8.861093,8.463334,2.406402,8.463334,16.911207,14.233576,0.000000,1,1.867631
203.482500,0.940000,3.248736,3.105635,-40.062832,9.319338,2.603263,-3.698847,2.603263,11.631728,8.382993,0.000000,1,2.308736
203.681617,0.950000,4.587826,2.904777,-21.473328,10.194839,3.780999,-2.768808,3.780999,12.305589,7.717763,0.000000,1,3.637826
203.883657,1.080000,5.299269,2.728547,-17.754398,9.163620,8.594113,2.648030,8.594113,13.220946,7.921677,0.000000,1,4.219269
204.083511,1.190000,4.904895,2.609911,0.512910,7.531162,8.280205,3.209668,8.280205,12.504002,7.599107,3.001306,1,3.714895
204.281621,1.130000,7.257457,2.568115,-25.551661,8.540583,10.349701,4.795352,10.349701,9.404919,2.147461,2.186889,1,6.127457
204.481972,0.870000,7.039625,2.583860,-11.615910,6.566137,12.942340,8.367341,12.942340,10.084508,3.044883,0.685726,1,6.169625
204.682755,0.700000,7.091005,2.422317,-10.157499,6.209540,4.315928,2.208147,4.315928,10.412105,3.321100,0.108066,1,6.391005
204.880835,0.510000,7.214474,2.098561,-12.204064,6.176332,0.380545,-3.918779,0.380545,9.017800,1.803326,2.608796,1,6.704474
205.085756,0.300000,6.428589,1.976429,-24.969498,6.187209,4.081819,-5.665578,4.081819,7.249206,0.820617,4.708651,1,6.128589
205.285769,0.290000,5.046655,1.995153,-12.760433,5.324822,3.659988,-5.665578,3.659988,8.318111,3.271457,3.568120,1,4.756655
205.480717,0.300000,5.372812,1.833109,4.148471,7.160241,4.496675,-5.665578,4.496675,9.874966,4.502154,0.035602,1,5.072812
205.680543,0.140000,5.396987,1.676408,-20.396370,6.040430,-2.664649,-6.523068,-2.664649,6.591949,1.194963,5.074785,1,5.256987
205.882561,0.180000,5.300377,1.700481,-8.578341,5.253952,-3.240074,-6.717290,-3.240074,7.758344,2.457966,3.573015,1,5.120378
206.081606,0.150000,5.076252,1.742381,-35.639427,4.259181,-9.189547,-12.190328,-9.189547,4.567193,-0.509059,3.024347,1,4.926251
206.281701,0.060000,5.019691,1.699862,-31.303301,1.639164,-7.028940,-8.698453,-7.028940,4.647578,-0.372113,0.369588,1,4.959691
206.484521,0.120000,6.237889,1.623983,-26.101871,0.994914,-3.049614,-4.359062,-3.049614,4.765892,-1.471997,1.922393,1,6.117889
206.686657,0.780000,6.795209,1.540193,-33.114025,1.755943,-0.732927,-2.380995,-0.732927,3.693271,-3.101938,3.435234,1,6.015209
206.889507,1.500000,6.279929,1.323129,7.665445,3.338257,-0.050302,-2.380995,-0.050302,9.817004,3.537075,2.688155,1,4.779929
207.081912,2.450000,6.292380,1.382694,-2.092724,2.275141,0.120559,-1.708358,0.120559,8.014146,1.721766,7.447004,1,3.842380
207.281637,3.600000,6.701677,1.644625,1.020223,2.522352,-2.375728,-4.459217,-2.375728,10.112600,3.410923,6.341315,1,3.101677
207.482865,4.960000,7.421647,1.885613,10.681161,2.476939,2.181276,-0.309143,2.181276,13.327683,5.906036,1.329232,1,2.461647
207.686752,6.200000,8.433469,2.611006,-1.898785,2.195002,-2.109506,-4.512510,-2.109506,18.027176,9.593707,0.000000,1,2.233469
207.882561,7.440000,9.079715,3.311887,10.391603,2.533249,-0.065297,-2.987865,-0.065297,16.241405,7.161691,0.578762,1,1.639715
208.083753,8.670000,9.437565,3.840339,-2.733940,2.216759,-2.440711,-5.469260,-2.440711,18.359005,8.921440,0.000000,1,0.767565
208.280631,9.650000,10.563821,4.766179,0.593686,2.509640,-4.489224,-8.127133,-4.489224,19.271317,8.707496,0.000000,1,0.913821
208.488518,10.500000,9.653206,5.473538,23.325611,3.388031,-7.378569,-11.620475,-7.378569,24.959124,15.305918,0.000000,1,-0.846794
208.681586,11.020000,9.769274,6.426754,13.041028,4.313048,-3.723453,-9.093354,-3.723453,19.851215,10.081942,0.885708,1,-1.250727
208.883513,11.580000,8.133499,6.645626,-7.659462,2.420336,2.387406,-2.145575,2.387406,22.416517,14.283018,0.000000,1,-3.446501
209.081881,12.390000,9.414309,7.275225,3.850392,2.899901,1.887598,-3.199965,1.887598,23.713615,14.299307,0.000000,1,-2.975692
209.282551,13.130000,9.645156,7.772421,-8.142364,5.209542,2.309103,-4.181879,2.309103,24.098881,14.453725,0.000000,1,-3.484844
209.485637,13.940000,10.045316,8.201424,2.375069,5.876138,3.102310,-3.931225,3.102310,26.567480,16.522163,0.000000,1,-3.894684
209.687170,14.610000,10.153910,9.411614,37.294353,5.484747,5.237851,-2.210330,5.237851,31.760189,21.606279,0.000000,1,-4.456090
209.882230,15.110000,11.163175,10.104550,33.905464,6.274119,5.098426,-3.090909,5.098426,32.392048,21.228874,0.000000,1,-3.946825
210.081762,15.220000,10.843049,10.928466,0.448494,6.753155,7.143945,-1.696866,7.143945,26.717146,15.874097,0.000000,1,-4.376951
210.281856,15.450000,11.105780,11.687773,32.921345,7.057538,7.173173,-2.199482,7.173173,31.041075,19.935295,0.000000,1,-4.344220
210.481514,15.600000,11.125254,11.981318,29.875111,7.341453,4.364308,-5.297076,4.364308,30.726562,19.601309,0.000000,1,-4.474747
210.687631,15.650000,10.712353,12.464988,26.888908,10.011205,3.528816,-7.709280,3.528816,30.776564,20.064211,0.000000,1,-4.937647
210.881773,15.490000,10.790572,12.413848,25.275791,11.637773,2.060349,-9.965576,2.060349,30.541592,19.751019,0.000000,1,-4.699428
211.084642,15.460000,11.978647,12.770490,24.048372,14.760182,13.765336,-9.965576,13.765337,31.270117,19.291470,0.000000,1,-3.481353
211.282559,15.510000,12.114949,13.287089,-19.523666,16.632395,14.959742,-9.965576,14.959742,23.106871,10.991921,0.000000,1,-3.395051
211.482579,15.760000,12.034498,13.296033,-30.147390,17.287624,15.291828,-9.965576,15.291827,23.482637,11.448139,0.000000,1,-3.725502
211.683636,16.160000,13.318622,13.971831,19.663757,17.293434,6.183005,-9.449628,6.183005,29.676571,16.357948,0.000000,1,-2.841378
211.885513,16.270000,11.927602,13.880116,18.361954,16.660200,4.069067,-11.326100,4.069067,29.188028,17.200546,0.000000,0,-4.342399
212.095735,16.379999,11.667325,14.761735,16.456835,13.483466,4.526786,-9.595815,4.526786,30.321583,17.757219,0.000000,0,-4.712674
212.285516,16.889999,12.264277,14.771173,14.100399,12.741569,8.880096,-4.876275,8.880096,28.844746,16.653782,0.000000,0,-4.625722
212.482698,17.230000,12.677863,14.319105,14.100399,12.588306,14.656270,1.202564,14.656270,28.844746,16.653782,0.000000,0,-4.552136
212.683635,17.650000,13.942611,14.585877,14.100399,14.055146,17.051470,2.730959,17.051470,28.844746,16.653782,0.000000,0,-3.707389
212.902749,17.959999,14.648757,14.797759,14.100399,14.755162,16.399584,1.623123,16.399584,28.844746,16.653782,0.000000,0,-3.311242
213.082002,18.030001,14.728909,15.119109,14.100399,16.590387,13.509570,-2.345177,13.509570,28.844746,16.653782,0.000000,0,-3.301092
213.283676,17.840000,14.795238,15.843237,14.100399,17.797592,13.005891,-3.814524,13.005892,28.844746,16.653782,0.000000,0,-3.044762
213.485641,17.600000,14.887709,15.987757,14.100399,16.875109,12.616908,-3.814524,12.616908,28.844746,16.653782,0.000000,0,-2.712292
213.685697,17.290001,13.654644,16.880871,5.837971,17.257074,12.692726,-4.376247,12.692726,27.390596,13.256445,0.000000,0,-3.635357
213.902973,16.650000,13.264347,17.012180,5.004319,16.372438,12.316063,-4.376247,12.316063,26.904152,13.583048,0.000000,0,-3.385653
214.087208,16.120001,13.726185,17.156969,4.200225,15.231766,15.763260,-0.431107,15.763260,26.965958,13.239773,0.000000,1,-2.393816
214.281615,16.080000,14.751010,17.204826,3.704398,15.331012,19.484190,3.216271,19.484190,27.787031,13.036021,0.000000,1,-1.328990
214.483629,16.379999,15.765873,16.642792,3.229694,15.460903,21.920837,5.596290,21.920837,25.851217,10.085344,0.000000,1,-0.614126
214.683705,16.170000,15.656853,17.030500,2.989042,13.445178,19.998526,4.760687,19.998526,26.624250,10.915104,0.000000,0,-0.513147
214.921884,15.670000,15.732016,16.855917,2.791954,13.615651,19.488529,4.258374,19.488529,25.166653,9.562585,0.000000,0,0.062016
215.081848,15.400000,15.115633,16.843435,2.181197,11.945016,18.652599,4.258374,18.652599,21.731319,6.615686,0.000000,1,-0.284367
215.281628,15.200000,15.845631,16.555717,1.901636,12.559280,17.416063,2.858564,17.416063,25.267971,9.422340,0.000000,1,0.645631
215.480697,15.320000,17.350967,15.976299,1.673686,13.663579,17.907146,2.788798,17.907146,23.875336,6.524368,0.000000,1,2.030968
215.686639,15.280000,17.534880,16.057297,1.462304,15.823178,23.735535,7.795297,23.735535,23.035809,5.500929,0.000000,1,2.254880
215.935905,15.300000,17.370653,16.059357,0.597879,15.476036,23.568554,7.795297,23.568554,24.453550,7.082897,0.000000,1,2.070653
216.081610,15.140000,18.216154,16.248535,0.528436,16.472277,24.155701,7.795297,24.155701,22.787666,4.571512,0.000000,1,3.076154
216.283481,14.720000,18.066545,15.995029,0.466038,15.488422,15.741726,7.795297,15.741727,22.655201,4.588655,0.000000,1,3.346545
216.482051,14.640000,18.607584,16.104889,0.408778,14.823614,15.464252,7.795297,15.464252,21.840347,3.232763,0.000000,1,3.967584
216.686631,14.230000,18.479055,15.673893,0.355760,14.608308,15.141100,7.795297,15.141100,21.758259,3.279203,0.000000,1,4.249056
216.937240,13.770000,18.483603,15.139535,0.308804,15.342022,15.398813,7.795297,15.398813,20.327862,1.844259,0.000000,1,4.713602
217.081581,13.380000,18.371290,15.166230,0.274649,14.227019,14.696625,7.795297,14.696625,19.755293,1.384003,0.000000,1,4.991290
217.281882,13.370000,18.767668,15.276965,15.709062,13.528099,14.402533,7.795297,14.402533,20.099661,1.331993,0.000000,1,5.397668
217.487229,13.760000,18.676735,15.003148,-1.837594,12.814596,9.686583,-4.222291,9.686583,21.439676,2.762941,0.000000,1,4.916735
217.685649,14.090000,19.946299,15.183046,-3.929538,12.385280,10.373425,-3.410738,10.373425,19.456827,-0.489471,0.000000,1,5.856298
217.936895,14.620000,22.152153,14.810102,48.922138,14.028893,7.538441,-6.941013,7.538441,27.645975,5.493822,0.000000,1,7.532153
218.083703,14.930000,21.158091,14.851054,51.201885,12.655203,7.910537,-5.842591,7.910537,27.285393,6.127302,0.000000,1,6.228090
218.283778,15.250000,21.216534,14.890547,18.016695,12.855738,13.873142,-7.432973,13.873141,25.024658,3.808125,0.000000,1,5.966534
218.485632,15.410000,21.944290,14.430038,19.231834,14.153685,14.291862,-7.432973,14.291861,25.611275,3.666985,0.000000,1,6.534290
218.680727,15.530000,21.515171,14.817836,16.396351,13.962775,14.390306,-8.491397,14.390306,19.022814,-2.363283,15.618316,0,5.985171
218.882575,15.470000,19.852308,14.544859,19.575218,13.396776,9.451895,-4.518923,9.451895,15.826460,-4.019793,18.413305,0,4.382308
219.082560,15.140000,17.282616,14.722430,19.669228,13.149297,11.925081,-2.010783,11.925081,28.518723,10.793898,17.679710,0,2.142615
219.280795,14.890000,16.501543,14.531808,17.130507,12.970119,15.179426,1.428463,15.179426,16.961466,0.459923,19.662991,0,1.611543
219.480557,15.160000,17.015148,14.572363,22.877659,13.507702,14.913267,0.873235,14.913267,16.961466,0.459923,19.226524,0,1.855148
219.680546,15.530000,18.430264,15.741524,1.253063,12.067665,15.332517,1.427922,15.332517,17.991680,-0.438583,13.874463,1,2.900264
220.004976,15.560000,18.747118,14.600844,22.001753,11.240462,16.287590,2.899161,16.287590,18.727869,-0.074726,19.382788,0,3.187118
220.089674,15.420000,18.609039,15.197060,42.845081,11.188469,14.152804,0.960040,14.152804,18.727869,-0.074726,19.453312,0,3.189039
220.285698,15.240000,19.297762,14.942779,20.179222,13.402956,15.065470,0.892603,15.065470,18.727869,-0.074726,22.427973,0,4.057762
220.483735,14.860000,18.178484,14.404514,25.311701,15.264828,15.877225,0.832353,15.877225,18.727869,-0.074726,22.048752,0,3.318484
220.682503,14.850000,17.792398,14.777690,18.338282,16.228279,12.734367,-2.768618,12.734367,18.727869,-0.074726,23.445787,0,2.942398
220.883501,15.000000,19.056677,14.271184,23.753271,17.597666,13.165808,-2.768618,13.165808,21.626442,2.826202,22.351540,0,4.056677
221.081610,15.610000,19.525045,15.244564,16.879263,14.779828,10.313068,-4.699127,10.313068,21.626442,2.826202,21.794796,0,3.915046
221.281843,15.700000,18.734976,15.616301,4.206718,13.768522,13.552389,-1.140022,13.552389,21.626442,2.826202,22.159386,0,3.034976
221.486650,15.520000,19.393845,15.562091,5.870346,11.674387,17.521427,3.768931,17.521427,21.626442,2.826202,19.528753,0,3.873844
221.681715,15.410000,20.089684,16.065077,4.437505,11.147792,18.122751,4.516317,18.122751,21.626442,2.826202,22.742546,0,4.679684
221.883464,15.480000,20.463230,15.827220,18.315664,10.856190,18.562588,5.220881,18.562588,21.626442,2.826202,19.360098,0,4.983231
222.093508,15.330000,19.159714,15.864408,5.848806,10.520197,12.745690,-0.446612,12.745690,21.626442,2.826202,20.934250,0,3.829714
222.286475,14.680000,18.090055,15.951912,32.906605,11.939487,12.990461,-0.955239,12.990461,21.203590,2.752331,15.645940,0,3.410055
222.483722,13.560000,17.461788,15.533399,30.034573,13.563705,14.574924,-0.124940,14.574924,17.389067,0.164600,16.032248,0,3.901788
222.689506,12.670000,16.518808,15.279419,39.660175,12.250952,14.532741,0.767555,14.532741,20.466557,3.947748,13.907952,1,3.848808
222.886480,12.770000,16.767712,14.948151,27.792376,13.367004,14.211855,0.054277,14.211855,19.443905,2.676193,12.139397,1,3.997711
223.083788,13.130000,16.715830,14.712455,45.117508,11.558288,13.812002,0.676631,13.812002,22.597263,5.881433,12.008728,1,3.585830
223.281595,13.780000,17.011198,14.704577,30.209179,10.438143,15.444119,2.872760,15.444119,20.476559,3.465361,11.145418,1,3.231198
223.485643,14.340000,16.849564,14.410522,27.406164,10.005827,13.565166,1.236917,13.565167,21.961298,5.111734,14.577690,1,2.509563
223.685184,14.530000,17.498268,14.613652,40.660011,11.126340,13.116995,0.246999,13.116995,23.673346,6.175077,12.185534,1,2.968268
223.885949,14.560000,18.019423,14.358431,37.097984,11.480377,11.516626,-1.402778,11.516626,24.163799,6.144377,13.072002,1,3.459422
224.083526,14.780000,16.431780,14.094043,35.415718,10.244834,9.464800,-2.704638,9.464800,24.292370,7.860590,13.000431,1,1.651780
224.282571,14.840000,17.211720,13.876011,34.205933,13.206638,8.153311,-5.388013,8.153311,23.724197,6.512478,10.568085,1,2.371719
224.480653,15.630000,17.847139,14.103524,28.129238,13.300014,9.995348,-3.706421,9.995348,24.205378,6.358238,10.043173,1,2.217139
224.683795,15.790000,19.608263,14.967304,10.166618,12.993735,9.538242,-4.442278,9.538242,22.668396,3.060133,12.967463,1,3.818263
224.883470,15.310000,19.019810,14.956160,14.823531,10.517342,5.225240,-7.511511,5.225240,23.295702,4.275892,14.160677,1,3.709809
225.084204,14.700000,18.563122,14.833410,32.765518,10.221565,5.015977,-7.511511,5.015977,23.684584,5.121462,11.519205,1,3.863122
225.283458,14.340000,16.336535,14.599948,24.208942,10.048195,5.590412,-6.733660,5.590412,23.353804,7.017269,13.187227,1,1.996534
225.482859,13.640000,15.022401,14.741326,13.283669,11.238791,9.069669,-3.920390,9.069669,21.340254,6.317853,11.941589,1,1.382401
225.682080,13.280000,15.017964,14.794852,30.210604,10.269716,13.478972,0.946689,13.478971,22.193245,7.175281,11.089666,1,1.737965
225.880946,13.230000,14.101088,14.620117,32.508327,10.939258,13.914571,1.134883,13.914571,22.410583,8.309496,11.529142,1,0.871088
226.086209,12.900000,13.638927,14.321620,8.284508,10.721148,10.148413,-2.372971,10.148413,19.687777,6.048849,10.733372,1,0.738928
226.283651,12.360000,13.232437,14.281885,-7.963516,11.958792,11.779363,-1.340976,11.779363,17.891729,4.659292,12.413446,1,0.872437
226.483849,11.680000,12.522968,14.425978,14.082537,10.931276,11.250427,-1.428200,11.250427,18.820787,6.297819,12.225837,1,0.842968
226.681635,10.900000,11.123069,14.060497,15.975891,10.215094,6.357389,-5.780406,6.357389,17.435854,6.312785,11.148399,1,0.223069
226.886656,9.830000,11.594774,13.848454,9.753514,12.150023,10.219730,-2.779509,10.219730,16.612530,5.017756,13.073546,1,1.764774
227.081487,8.300000,10.433854,13.267999,10.578820,13.722023,13.058782,-0.436229,13.058782,14.553499,4.119645,12.189907,1,2.133854
227.283756,6.770000,10.139255,12.645936,12.185727,14.561487,13.164714,-0.438998,13.164714,12.900744,2.761490,12.030714,1,3.369255
227.484691,5.770000,9.747891,12.502107,7.930811,12.861966,11.778358,-0.903678,11.778358,11.258462,1.510571,12.199738,1,3.977891
227.685723,5.000000,7.864762,11.642051,-10.188432,10.679041,9.620168,-1.540377,9.620168,7.882738,0.017975,11.700256,1,2.864762
227.880872,4.070000,7.922606,11.044669,13.763237,9.831230,10.712822,0.274872,10.712822,9.463623,1.541017,14.481333,1,3.852606
228.086647,2.830000,6.553710,10.016963,6.551582,7.324667,7.276231,-1.394585,7.276231,6.906910,0.353201,10.704560,1,3.723710
228.286652,2.080000,6.230771,9.226985,0.428170,8.434324,7.330313,-1.500341,7.330313,6.108935,-0.121836,12.440484,1,4.150771
228.483582,1.490000,6.855913,8.733483,7.584591,8.924095,4.508446,-4.320343,4.508446,5.294414,-1.561499,12.265633,1,5.365913
228.693631,0.700000,4.756089,7.522239,18.970753,4.579879,1.091585,-4.959474,1.091585,4.920604,0.164515,9.462028,1,4.056089
228.886476,0.240000,4.925267,6.835856,5.550234,3.708740,-2.309662,-7.581960,-2.309662,2.502745,-2.422522,8.920205,1,4.685267
229.080876,0.150000,6.419113,6.036331,10.263976,2.819859,-0.482510,-4.910604,-0.482510,3.363572,-3.055540,11.034425,1,6.269113
229.282568,-0.120000,6.631453,5.520078,-8.643040,1.652538,-2.826873,-6.413181,-2.826873,1.808042,-4.823411,9.860734,1,6.751453
229.481605,-0.850000,6.652752,5.080791,22.595722,1.590594,-0.153404,-3.489096,-0.153404,3.750597,-2.902154,11.267284,1,7.502752
229.685643,-1.900000,5.248007,3.730967,8.979531,1.189281,1.907435,-0.552689,1.907435,1.236007,-4.012000,11.427723,1,7.148007
229.881835,-3.060000,4.962512,3.095453,-27.360950,4.159547,3.074810,-0.552689,3.074810,-3.792298,-8.754809,9.083198,1,8.022511
230.085769,-4.340000,3.137063,2.186866,-14.680362,3.877417,2.694761,-0.552689,2.694761,-3.762583,-6.899645,13.558949,1,7.477063
230.289949,-5.720000,1.643076,1.463763,3.060866,2.758411,0.836060,-1.275027,0.836060,-3.579545,-5.222621,10.942389,1,7.363076
230.486512,-7.240000,0.086016,1.043734,-25.584145,1.830943,-1.025073,-2.462411,-1.025073,-9.497205,-9.583221,7.982446,1,7.326016
230.682755,-8.570000,-0.748668,-0.212292,-21.091177,1.850265,2.108931,1.289944,2.108931,-8.454206,-7.705538,12.738323,1,7.821332
230.882470,-9.910000,-1.879027,-1.245209,-19.557161,0.249177,4.392932,4.890948,4.392932,-12.270454,-10.391428,5.037908,1,8.030973
231.083215,-11.240000,-4.537983,-2.222389,-15.057311,-2.082786,-2.704704,-0.552117,-2.704704,-12.484651,-7.946667,10.424454,1,6.702016
231.282571,-12.450000,-5.335128,-3.219598,-18.412256,-2.776889,-2.889568,0.108675,-2.889568,-14.627248,-9.292120,8.576803,1,7.114872
231.483809,-13.530000,-6.456195,-3.887295,-6.783187,-3.645982,-2.065701,1.700938,-2.065701,-13.312802,-6.856607,12.799893,1,7.073805
231.682810,-14.550000,-7.668474,-5.664906,-13.734649,-5.768448,-5.727440,-0.010764,-5.727440,-16.769779,-9.101305,6.437119,1,6.881526
231.886658,-15.370000,-7.530555,-6.628132,-31.871313,-6.059710,-8.537022,-2.193101,-8.537022,-19.559772,-12.029217,7.132982,1,7.839445
232.088518,-16.100000,-8.956392,-7.558568,-35.096485,-7.249769,-14.429874,-7.252004,-14.429873,-20.396872,-11.440479,6.857222,1,7.143608
232.285775,-17.020000,-9.617796,-8.502031,-29.675676,-7.317936,-16.701569,-8.791586,-16.701569,-21.183044,-11.565248,9.030119,1,7.402205
232.483789,-17.780001,-10.892336,-9.198478,-0.336390,-7.532315,-8.365396,-8.791586,-8.365396,-19.320793,-8.428457,10.054544,1,6.887665
232.693786,-18.180000,-12.181802,-10.185253,-27.802279,-9.212619,-22.913527,-13.214590,-22.913527,-22.666265,-10.484464,5.532257,1,5.998199
232.892702,-18.530001,-13.161545,-10.721755,-7.973547,-11.807897,-23.068344,-11.803518,-23.068344,-20.016066,-6.854521,10.627706,1,5.368456
233.090930,-18.760000,-13.011687,-11.412996,-12.954972,-12.540495,-25.667728,-13.690982,-25.667728,-20.939974,-7.928287,9.473421,1,5.748313
233.282536,-18.980000,-13.989718,-12.315883,-50.075008,-12.268265,-12.292074,-12.013660,-12.292074,-28.878563,-14.888844,0.847748,1,4.990281
233.486641,-19.010000,-13.886295,-12.530991,-47.911438,-12.560768,-12.536164,-12.013660,-12.536164,-27.041101,-13.154806,5.307926,1,5.123705
233.681808,-18.940001,-14.986403,-13.725924,-41.009624,-14.258681,-13.992303,-12.013660,-13.992304,-26.953583,-11.967180,2.141708,1,3.953598
233.881694,-18.980000,-14.641670,-14.003533,-16.674049,-14.678660,-14.341097,-0.437136,-14.341097,-22.830599,-8.188929,5.570913,1,4.338329
234.101213,-19.070000,-14.316139,-14.203936,-5.672906,-13.814225,-14.009081,0.738024,-14.009081,-22.490276,-8.174137,10.406265,1,4.753860
234.290592,-19.430000,-14.061057,-14.674308,-32.199730,-13.288357,-13.981333,0.738024,-13.981333,-26.415236,-12.354178,0.033617,1,5.368943
234.485469,-19.680000,-13.588960,-14.799946,9.414572,-12.112682,-13.485320,-5.055574,-13.485319,-21.409000,-7.820041,5.827637,1,6.091041
234.683485,-19.719999,-12.894669,-15.452222,-37.003754,-12.220596,-13.836409,-5.055574,-13.836409,-27.176216,-14.281548,3.738314,1,6.825331
234.887653,-19.639999,-14.543318,-15.546832,-30.789049,-13.433307,-14.490069,-5.055574,-14.490069,-26.601362,-12.058044,1.802357,1,5.096682
235.118407,-19.870001,-15.474460,-16.046576,-30.248026,-15.073965,-26.259024,-10.762644,-26.259024,-26.298973,-10.824513,5.123972,1,4.395541
235.282598,-20.700001,-16.867535,-16.358450,-6.527816,-16.188324,-25.233833,-8.960444,-25.233833,-25.291492,-8.423958,11.533163,1,3.832466
235.483716,-21.440001,-17.573307,-16.316357,-35.710850,-16.200151,-24.934042,-8.675787,-24.934042,-29.411776,-11.838469,8.060520,1,3.866693
235.681131,-21.629999,-17.436102,-17.096216,-42.475243,-17.371883,-25.231068,-7.997018,-25.231068,-32.375294,-14.939192,10.284334,1,4.193897
235.885711,-21.830000,-17.958738,-17.216749,-38.436127,-19.288750,-26.141201,-7.888451,-26.141201,-37.054977,-19.096239,0.000000,1,3.871262
236.126892,-21.760000,-17.320976,-17.981634,-34.696823,-20.953611,-22.692635,-3.271416,-22.692635,-30.501829,-13.180853,10.979218,1,4.439024
236.282574,-21.540001,-16.685434,-18.207289,-31.466316,-20.684900,-19.213224,0.232871,-19.213224,-35.418125,-18.732691,0.000000,1,4.854567
236.486639,-21.379999,-16.686260,-18.113451,-29.454149,-19.462223,-21.937105,-2.989165,-21.937105,-35.104767,-17.944407,0.000000,0,4.693739
236.682568,-21.379999,-16.750002,-19.181568,-25.056120,-19.069277,-20.633612,-1.508188,-20.633612,-34.049908,-17.299906,0.000000,1,4.629997
236.883474,-21.379999,-14.581419,-19.453005,-25.056120,-17.195992,-19.988165,-1.663668,-19.988165,-34.049908,-17.299906,0.000000,0,6.798580
237.131953,-21.240000,-14.158995,-19.705536,-25.056120,-17.168814,-17.434692,0.946278,-17.434692,-34.049908,-17.299906,0.000000,0,7.081005
237.286628,-20.799999,-14.474085,-19.831978,-25.056120,-16.081335,-17.378712,0.577945,-17.378712,-34.049908,-17.299906,0.000000,0,6.325914
237.488515,-20.379999,-13.110343,-19.521812,-25.056120,-15.367024,-16.537336,0.907081,-16.537336,-34.049908,-17.299906,0.000000,0,7.269656
237.681564,-20.230000,-14.001467,-20.035465,-25.056120,-16.405352,-18.220409,-0.786394,-18.220409,-34.049908,-17.299906,0.000000,0,6.228533
237.883706,-20.120001,-12.856348,-19.812759,-25.056120,-15.463845,-15.667652,1.970650,-15.667651,-34.049908,-17.299906,0.000000,0,7.263653
238.141276,-19.990000,-13.188860,-19.618467,-10.213615,-16.792448,-18.346834,1.970650,-18.346834,-19.489943,-6.301083,0.000000,1,6.801140
238.281471,-19.879999,-13.404234,-19.887932,-9.837303,-16.003014,-19.539616,-1.594143,-19.539616,-19.489943,-7.109057,0.000000,0,6.475765
238.483507,-19.860001,-13.253435,-19.486280,-9.837303,-17.616482,-19.907225,-1.254006,-19.907225,-19.489943,-7.109057,0.000000,0,6.606565
238.682756,-20.129999,-14.178531,-20.100330,-9.837303,-18.920853,-17.538950,1.971641,-17.538950,-19.489943,-7.109057,0.000000,0,5.951468
238.882578,-20.650000,-14.016187,-20.087086,-9.837303,-19.719395,-17.313993,2.589247,-17.313993,-19.489943,-7.109057,0.000000,0,6.633813
239.141657,-20.530001,-14.539187,-19.813215,-9.837303,-20.205521,-18.814295,1.247557,-18.814295,-19.489943,-7.109057,0.000000,0,5.990813
239.283451,-20.959999,-13.817799,-20.418428,-9.837303,-18.179991,-22.236439,-2.937229,-22.236439,-19.489943,-7.109057,0.000000,0,7.142200
239.481511,-21.180000,-13.876203,-19.989813,-9.837303,-17.752914,-18.623302,0.419150,-18.623302,-19.489943,-7.109057,0.000000,0,7.303798
239.680783,-21.440001,-13.268860,-20.784355,-3.688728,-17.791077,-18.868567,0.419150,-18.868567,-14.969576,-1.635099,0.000000,0,8.171141
239.881823,-21.469999,-13.987462,-20.610126,-3.688728,-17.848289,-16.077187,3.152022,-16.077187,-14.969576,-1.635099,0.000000,0,7.482537
240.081482,-21.280001,-12.860979,-20.617731,-3.688728,-18.060570,-16.491772,2.847378,-16.491772,-14.969576,-1.635099,0.000000,0,8.419022
240.281481,-21.770000,-13.030509,-20.828064,-3.688728,-19.114223,-17.507513,2.463630,-17.507513,-14.969576,-1.635099,0.000000,0,8.739491
240.485506,-21.650000,-13.105183,-20.267263,-3.688728,-19.421780,-21.366922,-1.219025,-21.366922,-14.969576,-1.635099,0.000000,0,8.544817
240.681788,-20.920000,-13.669314,-21.010080,-3.688728,-19.605228,-26.965876,-6.658220,-26.965876,-14.969576,-1.635099,0.000000,0,7.250686
240.882550,-20.150000,-13.805783,-20.791702,-3.688728,-20.710354,-26.523350,-5.772322,-26.523350,-14.969576,-1.635099,0.000000,0,6.344216
241.083547,-19.780001,-14.825600,-20.878479,-3.688728,-22.000845,-25.155355,-3.715693,-25.155355,-14.969576,-1.635099,0.000000,0,4.954401
241.281790,-20.049999,-15.791888,-20.985401,-3.688728,-21.984999,-25.200891,-3.715693,-25.200891,-14.969576,-1.635099,0.000000,0,4.258111
241.485559,-20.170000,-16.443529,-20.293982,-3.688728,-20.606379,-24.636477,-3.973694,-24.636477,-14.969576,-1.635099,0.000000,0,3.726471
241.685516,-20.540001,-16.874577,-20.715797,-3.688728,-18.869892,-25.742035,-5.949190,-25.742035,-14.969576,-1.635099,0.000000,0,3.665424
241.882469,-20.510000,-16.252916,-20.669956,-3.688728,-16.913834,-24.875963,-6.084069,-24.875963,-14.969576,-1.635099,0.000000,0,4.257084
242.083485,-20.299999,-15.066290,-20.763947,-3.688728,-15.159730,-22.118248,-4.156409,-22.118248,-14.969576,-1.635099,0.000000,0,5.233709
242.281463,-19.930000,-14.810029,-20.401602,-3.688728,-16.542866,-24.474957,-6.002725,-24.474957,-14.969576,-1.635099,0.000000,0,5.119971
242.481521,-19.340000,-14.833544,-19.920105,-3.688728,-14.780267,-22.592484,-5.242298,-22.592484,-14.969576,-1.635099,0.000000,0,4.506456
242.682570,-19.170000,-15.319250,-19.570492,-3.688728,-15.845993,-23.181782,-5.473540,-23.181782,-14.969576,-1.635099,0.000000,0,3.850750
242.883680,-19.299999,-16.857605,-19.236500,-3.688728,-15.642738,-23.436008,-5.996389,-23.436008,-14.969576,-1.635099,0.000000,0,2.442394
243.081456,-19.530001,-17.778646,-19.233517,-3.688728,-17.459518,-22.385609,-4.039090,-22.385609,-14.969576,-1.635099,0.000000,0,1.751354
243.282197,-19.650000,-18.451187,-18.956394,-3.432737,-18.487701,-24.178272,-5.456223,-24.178272,-7.415800,10.754633,0.000000,0,1.198812
243.486639,-19.480000,-19.524189,-18.512589,-2.854937,-19.206898,-23.424948,-4.565205,-23.424948,-7.247852,12.276337,0.000000,1,-0.044189
243.685522,-19.230000,-18.933092,-18.694120,-2.653367,-18.290495,-24.364897,-5.872589,-24.364897,-6.795836,12.304885,0.000000,0,0.296907
243.883473,-19.570000,-19.112177,-18.415583,-2.019834,-18.621012,-24.636946,-6.118649,-24.636946,-11.701368,7.410809,12.874954,1,0.457823
244.082686,-19.580000,-19.176008,-18.388199,-1.777308,-18.766079,-26.947357,-8.370219,-26.947357,-7.107657,12.068352,0.000000,1,0.403992
244.281679,-19.370001,-20.681349,-17.917059,-1.556820,-20.794065,-29.090607,-9.735044,-29.090607,-12.917671,7.763678,9.193691,1,-1.311348
244.484651,-19.469999,-22.258730,-17.514460,-1.361194,-21.974459,-28.551302,-8.570641,-28.551304,-12.012299,10.246431,10.360022,1,-2.788731
244.682830,-19.670000,-23.393312,-17.926912,0.163964,-22.242088,-25.590485,-5.505986,-25.590485,-11.724954,11.668359,9.783683,1,-3.723312
244.882062,-20.240000,-24.526180,-17.811056,0.843990,-21.457685,-23.787012,-4.152641,-23.787012,-11.800018,12.726162,10.904085,1,-4.286180
245.082663,-20.450001,-25.025904,-17.663157,1.017027,-18.913786,-25.093613,-6.805141,-25.093613,-12.235668,12.790236,10.158068,1,-4.575903
245.282084,-20.520000,-24.340546,-17.375978,0.886118,-17.677546,-23.294859,-5.768097,-23.294859,-11.560621,12.779924,11.330705,1,-3.820545
245.482697,-20.610001,-24.782982,-17.068607,0.982424,-17.055607,-17.251602,-5.768097,-17.251602,-11.298098,13.484884,11.049142,1,-4.172981
245.686659,-20.820000,-25.375988,-17.211697,-2.639193,-17.145178,-17.178436,-5.768097,-17.178436,-11.621319,13.754669,10.617694,1,-4.555988
245.883481,-21.160000,-25.493559,-17.297237,1.618060,-18.142294,-16.723581,0.996183,-16.723581,-10.674820,14.818739,11.929499,1,-4.333559
246.082664,-21.090000,-24.227936,-17.431486,-17.811291,-18.088022,-19.093660,-1.333907,-19.093660,-13.658216,10.569719,4.789009,1,-3.137936
246.281774,-20.680000,-23.865536,-17.403433,-33.358040,-19.118849,-18.261141,-5.077489,-18.261141,-14.691730,9.173805,1.792253,1,-3.185535
246.481540,-19.900000,-23.114332,-17.421192,-35.032822,-19.831682,-18.626438,-5.077489,-18.626438,-14.958729,8.155603,1.434156,1,-3.214333
246.682577,-18.580000,-23.843672,-17.675505,-49.255791,-22.036547,-26.531429,-6.675405,-26.531429,-15.636299,8.207373,2.903097,1,-5.263672
246.881399,-16.610001,-21.666428,-17.587423,-48.292660,-21.560349,-21.173075,-1.599187,-21.173075,-15.435485,6.230943,1.981719,1,-5.056427
247.082611,-14.790000,-20.242867,-17.505341,-44.574387,-21.677641,-24.341518,-4.750026,-24.341518,-12.022123,8.220743,6.377412,1,-5.452867
247.281417,-12.950000,-20.057697,-17.000822,-39.694328,-21.723724,-24.112301,-4.750026,-24.112301,-9.532660,10.525038,0.856716,1,-7.107697
247.485720,-11.010000,-18.748604,-16.484140,-48.195484,-20.582926,-22.215916,-3.682383,-22.215916,-10.275055,8.473549,1.989771,1,-7.738604
247.691140,-9.200000,-18.248262,-16.168989,-33.163395,-18.146851,-20.732372,-3.574451,-20.732372,-6.149796,12.098467,2.771901,1,-9.048263
247.883546,-7.250000,-15.991096,-15.281487,-35.105778,-15.277404,-22.927553,-7.648107,-22.927553,-4.082519,11.908578,1.022971,1,-8.741096
248.083768,-5.250000,-14.595650,-14.455305,-33.872765,-14.224257,-17.181000,-2.841219,-17.181000,-1.960614,12.635036,3.591843,1,-9.345650
248.284644,-3.270000,-13.597002,-13.043036,-36.453785,-12.701848,-15.155453,-2.283010,-15.155454,-0.364251,13.232751,1.005328,1,-10.327002
248.483457,-2.130000,-12.768783,-11.674117,-39.083649,-11.576492,-13.970914,-1.864793,-13.970914,0.172014,12.940796,1.767851,1,-10.638783
248.683549,-1.460000,-12.277309,-10.949834,-22.370491,-10.837996,-12.408132,-1.514216,-12.408132,5.045866,17.323175,3.207436,1,-10.817309
248.881648,-0.950000,-11.961430,-9.536931,-16.173679,-10.608061,-12.822388,-2.749891,-12.822388,3.831667,15.793097,1.233553,1,-11.011430
249.082579,-0.610000,-11.554738,-8.359759,-0.982831,-9.744392,-9.950550,-0.898474,-9.950550,5.768481,17.323219,2.276688,1,-10.944738
249.595840,-0.270000,-10.405750,-5.597274,-16.418976,-9.375702,-7.116422,1.411612,-7.116422,4.239824,14.645575,3.372480,1,-10.135750
249.681665,0.110000,-11.277164,-5.306489,-13.725878,-9.300243,-6.022719,1.280647,-6.022719,3.412832,14.689997,0.477488,1,-11.387164
249.885633,-0.590000,-11.137499,-4.605223,15.297776,-8.460055,-6.113178,0.419461,-6.113178,6.857689,17.995188,8.571969,1,-10.547499
250.081852,-0.460000,-10.556950,-3.784583,16.320932,-6.212774,-7.821301,-2.822623,-7.821301,8.147026,18.703976,5.657917,1,-10.096950
250.285663,-0.650000,-10.474864,-3.152248,8.043829,-5.529723,-6.538725,-2.012998,-6.538725,6.814291,17.289156,0.522512,1,-9.824864
250.481559,-0.830000,-11.578658,-3.056820,-13.530058,-4.304529,-6.608014,-2.927339,-6.608014,3.244762,14.823421,2.224735,1,-10.748658
250.683475,-1.070000,-11.555451,-2.661228,-35.809410,-1.450548,-3.857811,-1.801923,-3.857811,0.052048,11.607499,0.230455,1,-10.485452
250.883480,-0.730000,-11.906986,-2.225515,-26.529984,-0.866008,-3.703768,-2.158007,-3.703768,1.147923,13.054910,1.342113,1,-11.176987
251.081401,-0.230000,-11.777369,-1.816119,-31.044518,-1.867481,-5.561554,-3.719755,-5.561554,0.382698,12.160067,0.640679,1,-11.547369
251.285919,-0.220000,-11.056341,-1.511211,1.793207,-1.987607,-10.056155,-8.258275,-10.056155,3.992777,15.049118,1.001471,1,-10.836341
251.482510,-0.750000,-10.825667,-1.314960,2.840643,-2.072561,-8.285816,-6.592056,-8.285816,3.790859,14.616527,0.685503,1,-10.075667
251.688199,-1.130000,-11.096921,-0.850185,-5.161664,-3.239157,-8.095757,-6.051086,-8.095757,2.453920,13.550840,0.736562,1,-9.966921
251.883475,-1.190000,-10.453665,-0.651615,-2.483978,-3.115896,-4.646693,-2.762938,-4.646693,3.439351,13.893015,3.613457,1,-9.263664
252.081484,-1.440000,-10.061722,-0.699589,24.372137,-3.207556,-1.953572,-2.762938,-1.953573,5.994714,16.056437,0.990210,1,-8.621721
252.300199,-1.450000,-9.180458,-0.865157,23.077332,-2.372935,-1.619046,-2.762938,-1.619046,7.041434,16.221891,0.694989,1,-7.730458
252.484650,-1.100000,-8.700586,-0.689006,-14.262551,-3.404283,-2.124411,-2.762938,-2.124411,4.068014,12.768600,0.181273,1,-7.600586
252.681854,-0.800000,-7.565932,-0.739436,-10.466273,-2.832995,-1.786216,-2.762938,-1.786216,2.461472,10.027403,0.587152,1,-6.765932
252.882138,-1.240000,-7.621618,-0.593898,15.517292,-3.035300,-1.814599,-2.762938,-1.814599,5.998162,13.619780,0.123392,1,-6.381618
253.082577,-1.870000,-7.231664,-0.743757,1.148856,-2.653016,-10.537017,-8.838631,-10.537017,2.547633,9.779297,1.743747,1,-5.361664
253.301658,-2.290000,-9.085749,-0.718034,-4.878255,-5.131180,-9.667608,-6.743001,-9.667608,2.488258,11.574007,2.506181,1,-6.795749
253.484652,-2.990000,-12.312366,-0.943429,9.181521,-5.952444,-7.640400,-4.192464,-7.640400,2.528483,14.840849,1.239601,1,-9.322367
253.685590,-3.730000,-12.891434,-0.988252,38.307903,-5.921881,-3.455066,-4.093014,-3.455066,6.756546,19.647980,2.802118,1,-9.161434
253.884481,-3.340000,-10.660455,-0.920306,20.463226,-3.713562,-0.946810,1.370124,-0.946810,5.280736,15.941191,6.638813,1,-7.320455
254.091657,-1.840000,-7.001722,-0.692788,28.934631,-2.613012,-0.282776,1.370124,-0.282776,8.578440,15.580162,4.238454,1,-5.161722
254.343006,-0.090000,-4.566578,-0.174857,21.987001,-2.615965,-1.510602,-2.966957,-1.510602,8.635928,13.202507,7.413079,1,-4.476578
254.483472,1.270000,-4.646451,-0.174857,-12.565288,-5.617111,-2.895984,-2.966957,-2.895984,7.032894,11.679344,1.512624,1,-5.916451
254.683563,1.240000,-3.813391,-0.426936,-6.057251,-4.412049,-6.916131,-4.496639,-6.916131,6.964519,10.777910,1.322692,1,-5.053391
254.881654,0.740000,-4.736879,-0.143307,33.582024,-1.616170,-6.163576,-5.283838,-6.163576,11.379875,16.116755,3.916538,1,-5.476879
255.082102,0.240000,-5.842384,0.148736,20.044191,-0.275784,-6.897337,-6.833814,-6.897337,9.677779,15.520164,5.803718,1,-6.082384
255.332911,-0.100000,-5.317478,0.618949,31.782885,0.097841,-4.353318,-4.587128,-4.353318,12.536077,17.853556,1.015016,1,-5.217478
255.483482,-0.130000,-4.566272,0.726831,24.077181,0.821723,-2.061389,-2.781725,-2.061389,11.276200,15.842472,1.118114,1,-4.436272
255.682595,-0.330000,-4.856922,0.813511,41.887337,-1.833314,-5.752275,-5.242373,-5.752275,15.856158,20.713079,0.000000,1,-4.526922
255.888507,-0.610000,-5.474670,0.837583,-19.028900,-2.321779,-7.404266,-6.662168,-7.404266,10.328405,15.803076,0.000000,1,-4.864670
256.086645,-0.980000,-6.736155,0.798668,48.682018,-2.244252,-11.663705,-10.940912,-11.663705,18.501440,25.237595,0.000000,1,-5.756155
256.334229,-1.110000,-7.442571,0.802275,47.544006,-0.046002,-10.542089,-10.863790,-10.542089,19.120930,26.563501,0.000000,1,-6.332571
256.482563,-1.240000,-6.564521,0.585481,26.171726,2.643055,-5.906714,-7.629379,-5.906714,16.313665,22.878185,0.000000,1,-5.324521
256.682595,-1.590000,-6.572591,0.543509,-0.905521,2.333883,-4.561243,-5.999939,-4.561243,12.411903,18.984493,0.000000,1,-4.982591
256.881384,-1.860000,-6.877882,0.777649,8.746258,1.287036,-8.497341,-9.529684,-8.497341,9.027372,15.905254,1.132084,1,-5.017882
257.085648,-1.580000,-6.102792,0.857827,-49.812016,1.374798,-9.033599,-10.149911,-9.033599,7.328066,13.430858,0.000000,1,-4.522792
257.396600,-1.580000,-6.392251,0.313204,23.760094,-0.808004,-8.038221,-7.929160,-8.038221,10.474463,16.866714,0.817061,1,-4.812251
257.482684,-2.080000,-6.107757,0.053656,-33.635201,-0.899498,-8.222307,-7.929160,-8.222307,10.855713,16.963470,0.000000,1,-4.027757
257.687694,-2.220000,-5.834036,-0.079032,-1.469664,2.173371,-9.317526,-10.364696,-9.317526,7.757475,13.591511,2.464541,1,-3.614036
257.886705,-2.260000,-6.456617,-0.342601,-3.398109,4.642223,-7.788771,-9.938581,-7.788771,7.720780,14.177397,2.613869,1,-4.196617
258.084502,-2.070000,-6.327950,-0.650893,-3.249011,5.862672,-10.186359,-12.792249,-10.186359,8.468457,14.796407,2.489523,1,-4.257950
258.281397,-2.230000,-5.741726,-0.709718,-19.706484,9.196651,-3.012349,-7.255816,-3.012349,5.868457,11.610184,4.830169,1,-3.511726
258.481444,-4.460000,-6.511168,-0.991746,-14.862999,8.805688,-3.276752,-7.255816,-3.276752,3.246210,9.757379,5.754600,1,-2.051168
258.687029,-5.770000,-6.599034,-1.440906,-23.681347,8.973513,-4.191835,-7.958138,-4.191835,0.580053,7.179087,0.208326,1,-0.829034
258.885654,-5.560000,-5.690251,-1.576069,-19.725513,8.815884,-6.162111,-9.782019,-6.162111,0.392197,6.082448,0.686997,1,-0.130251
259.081821,-3.630000,-3.973755,-1.290814,-9.702888,6.980203,2.844695,-9.782019,2.844695,3.216253,7.190008,0.407635,1,-0.343755
259.282119,-1.930000,-4.238479,-1.149594,5.293323,2.253354,-9.373429,-9.925309,-9.373429,7.295823,11.534302,3.799101,1,-2.308479
259.481485,-1.950000,-7.330302,-0.923634,10.562119,-2.900157,-10.119519,-8.213354,-10.119519,8.695785,16.026087,1.384497,1,-5.380301
259.681494,-2.800000,-6.821418,-0.916910,-8.616847,-3.977939,-8.845589,-6.398164,-8.845589,6.065916,12.887335,6.355483,1,-4.021419
259.884501,-3.080000,-7.320692,-0.899523,16.124428,-5.152713,-6.954948,-3.928830,-6.954948,8.834011,16.154703,0.365026,1,-4.240692
260.086507,-3.190000,-7.203910,-1.461990,9.683429,-4.366735,-6.922504,-4.008142,-6.922504,9.089824,16.293734,0.160640,1,-4.013910
260.283492,-3.020000,-6.661146,-1.896930,15.478240,-0.367016,-6.637351,-5.505378,-6.637351,9.400701,16.061846,1.062907,1,-3.641146
260.481519,-2.810000,-4.245523,-2.179407,-16.646639,5.718521,-10.027662,-11.797219,-10.027662,5.390999,9.636522,5.634717,1,-1.435523
260.681469,-1.920000,-2.594344,-2.600599,-11.848683,10.789955,-6.706038,-10.800715,-6.706038,7.108451,9.702795,3.904931,1,-0.674344
260.883488,-1.160000,-2.194896,-2.291420,21.346443,12.428895,-7.233714,-12.302452,-7.233714,9.787773,11.982669,0.161852,1,-1.034896
261.082094,-0.760000,-1.678719,-1.336436,19.119141,9.677413,-7.629547,-11.800035,-7.629547,10.568620,12.247338,0.269057,1,-0.918719
261.281682,0.020000,-1.251646,-0.270233,6.652877,3.998723,-9.006265,-10.870510,-9.006265,10.461498,11.713144,2.159497,1,-1.271646
261.484504,-0.680000,-1.760862,-0.183942,2.941464,-1.885755,-8.055961,-7.021112,-8.055961,10.443461,12.204324,1.458522,1,-1.080862
261.681402,-1.310000,-2.133149,-0.203104,-13.975213,-5.436751,-2.090011,0.729917,-2.090011,8.422296,10.555445,6.010313,1,-0.823149
261.883519,-2.080000,-3.250393,-0.517452,6.067355,-6.781446,-3.649449,-1.663997,-3.649449,8.829205,12.079597,2.813039,1,-1.170393
262.081406,-2.500000,-3.042307,-0.440122,26.693741,-3.012319,-1.726221,-3.650597,-1.726221,11.696361,14.738667,2.719599,1,-0.542307
262.283663,-2.290000,-1.765566,-0.525154,4.854049,1.660862,0.567854,-3.650597,0.567854,9.317465,11.083032,1.393131,1,0.524433
262.484754,-1.880000,0.205417,-0.837311,-8.495871,2.753942,-3.845901,-4.847255,-3.845901,9.040987,8.835570,3.673959,1,2.085417
262.683538,-1.170000,0.086863,-0.447541,-7.035841,1.829519,-1.633001,-2.323990,-1.633001,8.651978,8.565115,4.239133,1,1.256863
262.883478,-0.480000,0.689195,-0.426253,7.005983,-0.003560,-3.565142,-3.350235,-3.565142,11.386127,10.696932,1.796845,1,1.169195
263.089765,0.020000,0.899283,-0.403274,3.671387,-0.406267,-5.068778,-4.664007,-5.068778,11.255681,10.356399,2.976583,1,0.879283
263.282773,0.200000,1.408316,-0.354001,-4.682382,-1.579396,-8.310641,-7.343943,-8.310641,10.289037,8.880721,5.386244,1,1.208316
263.481459,0.190000,1.062604,-0.276977,-14.589974,-0.797589,-4.709357,-4.172074,-4.709357,10.531419,9.468815,1.208153,1,0.872604
263.681439,-0.190000,0.374329,-0.388471,0.266917,-0.153868,-7.691150,-7.419981,-7.691150,11.193034,10.818706,1.584143,1,0.564329
263.888649,-0.510000,0.088492,-0.263517,-7.603001,1.293179,-2.179593,-2.694424,-2.179593,9.208905,9.120414,6.215692,1,0.598492
264.082405,-0.380000,0.005207,0.164663,-19.450098,1.868353,1.016508,-2.694424,1.016508,7.648255,7.643047,3.219240,1,0.385207
264.281746,-0.800000,0.058091,0.331150,-8.295684,0.422434,0.376792,-5.546344,0.376792,9.060994,9.002903,4.509005,1,0.858091
264.485754,-1.790000,-1.818370,0.179935,11.550161,0.672820,0.426378,-5.546344,0.426378,9.320806,11.139175,2.419494,1,-0.028370
264.695509,-1.420000,-0.597658,0.499188,0.156118,-0.793899,-7.156308,-7.008952,-7.156308,10.079633,10.677291,2.550337,1,0.822342
264.895507,-0.650000,-0.282566,0.487846,-3.497468,-0.673241,-6.229607,-6.136909,-6.229607,8.837276,9.119842,5.754595,1,0.367434
265.086474,-0.470000,-0.399092,0.315589,13.340646,0.756876,-5.464114,-6.000347,-5.464114,11.480641,11.879733,1.072515,1,0.070908
265.282754,-0.280000,-0.198268,0.267468,5.669916,1.154161,0.710815,-2.860276,0.710815,11.161976,11.360244,1.830282,1,0.081732
265.482065,-0.390000,1.792233,0.365658,12.552711,4.253547,0.304748,-1.897728,0.304748,12.108471,10.316237,0.419576,1,2.182233
265.681502,-0.690000,1.763584,0.423962,3.517321,5.136817,0.187614,-2.592775,0.187614,10.258261,8.494678,1.907604,1,2.453583
265.889635,-1.080000,0.887173,0.199152,-9.711318,6.712847,-2.430723,-5.886723,-2.430723,8.537746,7.650573,5.226565,1,1.967174
266.084636,-1.640000,-0.893678,0.377442,-8.148787,6.592739,-10.283733,-13.768824,-10.283733,8.379476,9.273153,4.001775,1,0.746322
266.287490,-2.240000,-3.532768,0.558787,-7.358678,3.309138,1.933962,-15.482653,1.933962,5.913264,9.446032,6.585326,1,-1.292768
266.486644,-3.730000,-3.958131,0.467428,4.321294,0.120791,-13.784336,-14.078445,-13.784335,5.534384,9.492515,4.561311,1,-0.228131
266.682615,-4.480000,-5.146700,-0.009888,22.436247,-0.958037,-0.483963,-14.078445,-0.483963,8.717654,13.864354,2.334166,1,-0.666700
266.881392,-6.010000,-6.975271,-0.885598,-0.743289,0.706160,-0.089719,-14.078445,-0.089719,3.018977,9.994247,4.415447,1,-0.965271
267.082147,-8.550000,-8.493408,-1.385716,15.384366,3.254897,0.934590,-14.078445,0.934590,1.835065,10.328474,0.637700,1,0.056592
267.281395,-10.890000,-10.009871,-2.027503,15.814732,3.070334,0.521416,-14.078445,0.521416,0.525414,10.535285,1.526166,1,0.880129
267.484651,-12.470000,-12.949318,-2.946106,5.762381,1.242546,-14.925356,-14.193972,-14.925356,-2.691433,10.257885,1.468456,1,-0.479318
267.682150,-13.600000,-14.206156,-3.768421,21.011997,-0.227671,-14.281961,-12.283916,-14.281961,-1.834300,12.371856,2.792680,1,-0.606155
267.884768,-14.560000,-15.639945,-4.677849,13.065106,-0.684496,-13.947171,-11.265999,-13.947171,-4.221240,11.418705,0.045021,1,-1.079945
268.082746,-15.740000,-16.693804,-5.804492,-8.354794,-2.391968,-11.698032,-7.599802,-11.698032,-7.910219,8.783585,4.257674,1,-0.953804
268.286496,-17.250000,-17.769352,-6.868559,-14.430529,-2.552319,-14.072662,-9.362224,-14.072662,-8.279047,9.490305,3.411951,1,-0.519352
268.482980,-18.320000,-18.107990,-7.613885,-14.099025,-2.843076,-16.224072,-10.995590,-16.224072,-10.861065,7.246925,1.927503,1,0.212009
268.681388,-19.230000,-19.715578,-9.134455,-16.095657,-7.647233,-18.249086,-9.858242,-18.249086,-12.579288,7.136291,6.446644,1,-0.485579
268.882217,-20.330000,-19.406891,-9.928913,-43.544994,-8.891056,-17.722385,-8.312402,-17.722385,-18.420837,0.986053,4.648336,1,0.923109
269.081393,-21.190001,-19.633156,-10.924354,-33.328590,-10.993465,-16.188913,-5.230003,-16.188913,-17.256233,2.376923,7.998015,1,1.556845
269.282559,-21.820000,-19.862173,-11.695635,-19.805809,-13.494520,-19.235493,-6.640415,-19.235493,-17.153355,2.708818,4.449670,1,1.957827
269.498740,-22.340000,-20.164795,-12.485773,-6.798002,-16.032650,-25.349661,-11.132020,-25.349661,-15.338754,4.826041,9.940501,1,2.175205
269.685498,-22.549999,-20.219648,-14.042623,12.152781,-16.462582,-26.384621,-11.132020,-26.384619,-13.957536,6.262113,3.146014,1,2.330351
269.886493,-22.680000,-20.951742,-15.234734,-14.307283,-16.405716,-22.369362,-6.549136,-22.369362,-16.057381,4.894361,5.027531,1,1.728258
270.083482,-23.139999,-22.053877,-15.996068,-5.758913,-16.609182,-23.087574,-6.784947,-23.087574,-15.774529,6.279348,4.620314,1,1.086123
270.284484,-23.080000,-21.246197,-16.315834,-18.310322,-13.645989,-22.203915,-7.223003,-22.203915,-18.434101,2.812096,6.232593,1,1.833803
270.484497,-22.969999,-20.939476,-16.146210,-28.104973,-13.528402,-19.244745,-4.192079,-19.244745,-19.285841,1.653635,5.319572,1,2.030523
270.685637,-24.040001,-20.717394,-17.228659,-32.330856,-12.254620,-20.587641,-5.846002,-20.587641,-20.822763,-0.105370,8.349735,1,3.322607
270.882318,-25.330000,-22.460718,-18.343573,-27.957396,-12.754738,-25.003408,-9.454253,-25.003408,-21.643446,0.817272,9.443914,1,2.869282
271.081405,-25.920000,-23.585026,-19.181324,-30.045507,-12.764783,-27.984211,-12.011159,-27.984211,-22.864483,0.720543,11.762302,1,2.334974
271.281389,-25.559999,-24.541370,-19.347956,-52.337727,-14.338131,-30.657358,-13.814314,-30.657358,-25.935253,-1.393883,8.210535,1,1.018629
271.512322,-25.629999,-23.707624,-19.700869,-38.503071,-15.940639,-24.597485,-6.611738,-24.597485,-24.424675,-0.717051,8.160534,1,1.922375
271.684786,-25.100000,-23.111803,-21.234318,-38.632988,-19.110210,-28.420853,-8.248589,-28.420853,-23.519001,-0.407198,7.494143,1,1.988197
271.885520,-25.000000,-22.489323,-21.467072,-43.103504,-19.435019,-20.451046,-8.466593,-20.451046,-25.056576,-2.567253,5.088757,1,2.510677
272.081498,-24.870001,-20.876970,-21.909006,-44.572277,-16.921106,-20.965895,-1.550838,-20.965895,-23.274416,-2.397446,10.760044,1,3.993031
272.281384,-24.650000,-20.748079,-21.940554,-36.411194,-15.617763,-20.072170,-1.293014,-20.072170,-24.162525,-3.414446,6.764620,1,3.901920
272.523999,-24.549999,-20.393311,-22.368446,-28.152180,-11.650465,-16.707296,-1.293014,-16.707296,-22.545156,-2.151846,9.419849,1,4.156689
272.699524,-24.580000,-21.016468,-22.444719,-35.168568,-11.646572,-17.045647,-1.293014,-17.045647,-23.403296,-2.386827,9.250992,1,3.563532
272.886817,-24.549999,-20.754232,-22.494856,-31.843159,-11.864895,-17.099613,0.080261,-17.099613,-23.850809,-3.096577,6.028463,1,3.795767
273.088705,-24.620001,-20.494812,-22.619581,-22.346716,-13.317393,-17.968487,0.976974,-17.968487,-22.957323,-2.462511,6.846462,1,4.125189
273.283572,-24.400000,-21.280411,-22.626657,-21.840517,-15.311795,-18.969227,0.976974,-18.969227,-22.026350,-0.745939,8.196625,1,3.119589
273.537489,-23.730000,-20.218060,-22.536015,-31.578165,-18.201017,-20.070963,0.215080,-20.070963,-22.495955,-2.277895,7.811907,1,3.511940
273.681384,-22.639999,-17.793968,-22.621716,-25.796057,-19.551397,-21.733852,-0.647298,-21.733852,-19.809505,-2.015537,9.355866,1,4.846031
273.883560,-21.740000,-17.748180,-22.523102,-32.628456,-21.778082,-22.150593,-2.439898,-22.150593,-19.996988,-2.248808,5.999695,1,3.991819
274.086659,-21.549999,-18.778236,-22.363134,-29.098867,-21.071201,-21.717167,-2.439898,-21.717167,-19.146063,-0.367826,6.415354,1,2.771763
274.283488,-21.420000,-19.249779,-21.834021,-23.728975,-20.311071,-31.802380,-10.729834,-31.802380,-20.143215,-0.893436,5.718328,1,2.170221
274.528527,-21.059999,-20.799698,-20.508524,-9.582676,-20.988468,-31.578646,-10.161776,-31.578648,-17.298588,3.501110,7.012691,1,0.260302
274.694512,-21.280001,-20.176184,-21.833494,-9.321685,-20.128494,-29.536579,-8.555585,-29.536579,-17.106445,3.069738,6.225820,1,1.103817
274.887540,-21.299999,-20.244076,-21.492229,-13.193746,-19.231174,-30.188419,-9.826716,-30.188419,-17.044727,3.199348,7.967842,1,1.055923
275.084470,-21.480000,-21.821619,-21.282026,-9.493835,-20.189522,-31.180534,-10.444758,-31.180536,-17.652699,4.168921,6.945286,1,-0.341619
275.288760,-21.879999,-21.150558,-21.217190,-20.709244,-18.447950,-30.277328,-10.444758,-30.277328,-17.275660,3.874899,9.079391,1,0.729441
275.543983,-22.090000,-21.504061,-20.806581,-24.646765,-18.285498,-25.340748,-5.871038,-25.340748,-18.412350,3.091711,6.835382,1,0.585939
275.684653,-21.760000,-21.897017,-20.839184,-29.209461,-16.276674,-24.428968,-5.871038,-24.428968,-19.338245,2.558771,6.428511,1,-0.137016
275.881388,-21.420000,-22.225206,-20.946224,-27.489885,-17.348408,-21.693808,-2.546491,-21.693808,-17.542408,4.682798,7.970066,1,-0.805206
276.083655,-21.010000,-20.370991,-20.813211,-25.083834,-14.748824,-17.888613,-0.107596,-17.888613,-17.638250,2.732740,6.350922,1,0.639009
276.282293,-20.639999,-19.518093,-20.582737,-34.074383,-14.537201,-21.332634,-3.772664,-21.332634,-17.873827,1.644266,6.916673,1,1.121906
276.483544,-20.290001,-19.476929,-19.976812,-29.924292,-15.420232,-22.997662,-4.958168,-22.997662,-17.109390,2.367538,8.246683,1,0.813072
276.688641,-20.139999,-20.382565,-20.403429,-17.900171,-15.693997,-22.434669,-4.385955,-22.434669,-16.138973,4.243591,7.002351,1,-0.242565
276.882228,-20.000000,-20.402731,-20.452761,-14.570333,-16.526825,-23.300461,-4.810669,-23.300461,-15.885305,4.517426,6.593596,1,-0.402731
277.084785,-19.820000,-20.914879,-20.051262,-28.232920,-17.655273,-22.253500,-3.400232,-22.253500,-15.209180,5.705699,9.333110,1,-1.094879
277.288449,-20.190001,-21.563169,-20.087206,-21.714380,-19.802658,-23.830744,-3.885812,-23.830744,-16.349796,5.213373,5.990684,1,-1.373169
277.488519,-20.610001,-22.134481,-19.374435,-28.887384,-21.495089,-24.983276,-4.084531,-24.983276,-16.314640,5.819841,7.870814,1,-1.524481
277.682115,-21.090000,-24.232368,-19.977262,-34.018013,-23.134834,-24.304512,-2.748463,-24.304512,-16.853647,7.378721,9.309593,1,-3.142368
277.881685,-21.129999,-25.274370,-20.045443,-38.456306,-21.598028,-21.936047,-1.114311,-21.936047,-17.369129,7.905241,8.032149,1,-4.144371
278.086661,-21.559999,-24.670500,-20.271812,-18.660429,-20.117409,-20.757420,-0.562808,-20.757420,-17.556803,7.113697,7.256787,1,-3.110500
278.282197,-22.010000,-25.336256,-20.130039,-18.142487,-19.835604,-20.011175,-0.028352,-20.011175,-18.112612,7.223644,7.254314,1,-3.326256
278.482238,-22.420000,-25.392128,-20.064468,-25.018950,-17.249767,-21.887814,-3.230697,-21.887814,-19.533079,5.859049,5.227400,1,-2.972128
278.685513,-22.690001,-26.181509,-20.192303,-3.874459,-16.704348,-20.684551,-2.236225,-20.684551,-18.031765,8.149744,6.424688,1,-3.491508
278.881783,-22.690001,-27.218109,-20.285315,-11.052850,-16.755150,-25.012756,-6.492524,-25.012756,-19.035732,8.182377,6.108915,1,-4.528109
279.081511,-23.200001,-27.880260,-20.392900,-16.601118,-16.233210,-25.788874,-7.475819,-25.788874,-19.397430,8.482830,7.670597,1,-4.680260
279.281487,-23.570000,-27.440060,-20.001547,-27.329006,-16.118547,-22.150679,-4.090632,-22.150679,-20.740637,6.699423,6.225687,1,-3.870060
279.484723,-22.850000,-25.638636,-19.747234,-24.256962,-17.431458,-19.370523,-0.571241,-19.370523,-19.127588,6.511047,5.890921,1,-2.788635
279.688663,-21.090000,-24.323730,-19.861139,-13.493108,-19.491226,-18.601042,1.075141,-18.601042,-16.976479,7.347252,5.984677,1,-3.233730
279.881624,-19.760000,-22.513840,-19.791149,-12.131840,-20.126829,-22.106367,-2.147380,-22.106367,-14.507930,8.005910,8.528863,1,-2.753839
280.081514,-18.590000,-21.807961,-19.490898,-21.318369,-20.422527,-25.429586,-5.472874,-25.429586,-13.629623,8.178337,8.724675,1,-3.217960
280.283552,-16.660000,-19.752485,-18.939199,-14.613099,-20.160534,-25.832052,-6.282187,-25.832052,-11.440456,8.312029,8.121317,1,-3.092485
280.499516,-14.260000,-18.455660,-18.652514,-15.171710,-19.448179,-28.839458,-9.789113,-28.839458,-9.214754,9.240906,6.640948,1,-4.195660
280.690508,-11.970000,-17.909376,-17.834024,-21.440981,-19.564079,-27.916254,-9.339479,-27.916254,-7.295644,10.613731,6.027171,1,-5.939376
280.885650,-9.040000,-13.967866,-16.734661,-18.396381,-18.385500,-24.989790,-7.429709,-24.989790,-3.515221,10.452645,6.631674,1,-4.927866
281.083511,-6.630000,-12.536776,-15.390450,-18.264460,-17.723455,-24.581593,-8.024640,-24.581593,-0.425224,12.111552,7.110561,1,-5.906775
281.281411,-5.190000,-10.803638,-14.874318,-8.601185,-15.857703,-21.063618,-5.697607,-21.063618,1.596445,12.400083,6.836871,1,-5.613637
281.482141,-4.020000,-10.948289,-12.997979,-10.350435,-15.548883,-20.214649,-5.532395,-20.214649,1.157979,12.106268,3.785486,1,-6.928289
281.698794,-3.280000,-12.119937,-12.073428,-7.938951,-15.019897,-19.857424,-6.310761,-19.857424,3.042223,15.162160,4.739048,1,-8.839937
281.884483,-3.300000,-12.647108,-10.955874,-1.415043,-14.939294,-19.784060,-6.836475,-19.784060,3.270629,15.917737,4.765816,1,-9.347108
282.083803,-2.980000,-12.700235,-9.701164,7.049219,-15.118328,-16.672586,-4.262840,-16.672586,4.038705,16.738941,5.857589,1,-9.720236
282.281496,-2.220000,-11.472879,-8.744512,25.403345,-13.296164,-15.993220,-4.972882,-15.993220,5.221181,16.694061,3.640713,1,-9.252879
282.487508,-1.070000,-9.955918,-7.622172,28.548635,-12.072497,-10.150806,-4.972882,-10.150806,6.688750,16.644669,2.979331,1,-8.885919
282.681391,-0.400000,-10.971450,-6.811209,26.098665,-10.933183,-20.949408,-12.077211,-20.949408,7.429060,18.400511,5.636735,1,-10.571450
282.886658,-0.400000,-8.804041,-5.857645,-7.507082,-9.172250,-17.686172,-10.171226,-17.686172,6.526128,15.330169,6.738974,1,-8.404041
283.082328,-0.440000,-9.107091,-5.092537,5.363896,-8.061113,-11.101524,-4.524699,-11.101524,6.354723,15.461815,5.999885,1,-8.667091
283.281405,-0.700000,-9.081809,-4.622196,3.759355,-8.392678,-6.507437,-4.524699,-6.507437,6.439001,15.520809,7.958282,1,-8.381809
283.481386,-1.210000,-9.552052,-3.987971,6.806653,-6.327928,-5.334588,-4.524699,-5.334588,5.375704,14.927755,5.705678,1,-8.342052
283.687794,-1.770000,-9.461992,-3.635198,19.698540,-3.952273,-3.793736,-4.524699,-3.793736,5.308275,14.770267,5.466513,1,-7.691992
283.890510,-2.370000,-9.738605,-3.477012,11.302980,-1.625869,-2.551440,-4.524699,-2.551440,4.484540,14.223146,4.192497,1,-7.368606
284.086490,-2.420000,-9.317102,-3.004957,15.302414,-0.146285,-1.575621,-4.524699,-1.575621,4.745338,14.062441,5.034374,1,-6.897102
284.283484,-2.300000,-10.372087,-2.685277,6.050198,-2.748895,-2.717086,-4.524699,-2.717086,3.924961,14.297049,3.667233,1,-8.072087
284.482536,-1.950000,-9.520639,-2.392951,20.617615,-3.468211,-2.930581,-4.524699,-2.930581,5.587550,15.108190,4.693145,1,-7.570640
284.681416,-1.500000,-9.207186,-1.993782,9.580360,-4.477504,-3.343881,-4.524699,-3.343881,6.431386,15.638572,5.541396,1,-7.707186
284.884739,-1.660000,-8.946434,-1.853436,4.149342,-5.019582,-3.436509,-4.524699,-3.436509,4.395137,13.341572,3.819311,1,-7.286434
285.082220,-2.410000,-9.570706,-1.810388,-9.554804,-5.266360,-3.538374,1.266157,-3.538374,2.882985,12.453691,3.068179,1,-7.160707
285.283567,-2.930000,-10.532699,-1.569099,-16.926626,-6.577353,-6.845473,-2.772247,-6.845473,2.083163,12.615861,2.759621,1,-7.602698
285.482996,-2.870000,-10.487535,-1.506858,-12.661895,-7.467646,-4.487252,-0.501408,-4.487252,4.463820,14.951355,7.704797,1,-7.617536
285.683499,-2.620000,-8.952166,-1.337089,-16.863594,-6.661304,-2.685027,1.351392,-2.685027,3.518502,12.470667,6.004097,1,-6.332166
285.881498,-2.320000,-7.424467,-1.671360,-17.317034,-5.118522,-3.394941,-0.348228,-3.394941,4.737292,12.161759,7.165025,1,-5.104467
286.095759,-1.580000,-5.265429,-1.849442,-7.665992,-1.544685,-1.697063,-0.348228,-1.697063,5.597248,10.862678,5.139957,1,-3.685430
286.286512,-0.720000,-4.253485,-1.619801,-10.133529,-1.915409,-1.767605,-0.348228,-1.767605,5.636225,9.889709,5.228212,1,-3.533485
286.482894,0.250000,-2.921969,-1.148138,-2.098434,-0.878714,-1.136456,-0.348228,-1.136456,6.585657,9.507627,5.775779,1,-3.171969
286.683516,1.810000,-0.475154,-0.599186,-5.748256,1.679698,0.265780,-0.348228,0.265780,7.669303,8.144457,4.535587,1,-2.285154
286.881389,3.700000,3.048324,-0.030895,-16.669384,-0.078104,3.738679,3.793179,3.738679,10.047944,6.999620,5.371715,1,-0.651676
287.085444,5.350000,4.764891,0.668234,-29.909494,-1.254199,-1.070975,-0.777992,-1.070975,10.920270,6.155379,4.506983,1,-0.585109
287.283506,6.920000,5.853052,1.235980,-25.413237,-1.971602,-1.454800,-1.086989,-1.454800,13.371879,7.518826,7.300706,1,-1.066948
287.482454,8.400000,6.242573,1.518666,-19.257576,-2.877193,-1.417245,-0.737981,-1.417245,14.929262,8.686689,5.961714,1,-2.157427
287.712897,9.870000,7.979125,2.782168,-10.085354,-0.543202,-1.554380,-2.673863,-1.554380,16.432852,8.453726,4.893704,1,-1.890874
287.886515,11.600000,8.932921,3.692327,-14.370556,-2.184447,0.448153,-0.305787,0.448153,17.827709,8.894788,6.292764,1,-2.667079
288.088621,13.580000,10.680395,5.233444,4.035709,-1.524098,2.999372,1.144699,2.999372,20.783871,10.103476,5.158459,1,-2.899605
288.287772,15.290000,11.466498,6.604991,6.967447,-1.333835,0.160421,-2.475157,0.160421,22.702745,11.236247,5.393522,1,-3.823502
288.481793,16.950001,11.499611,7.219339,20.943077,-1.171921,-0.200356,-3.224065,-0.200356,26.192228,14.692617,7.163902,1,-5.450390
288.697950,18.280001,12.441733,8.856682,14.282712,1.263283,1.639846,-3.420137,1.639846,25.908426,13.466693,4.175571,1,-5.838267
288.886647,18.969999,14.273902,9.738441,21.376154,5.439188,3.274916,-4.313899,3.274916,27.184118,12.910216,4.711208,1,-4.696097
289.081645,18.990000,14.858735,10.970776,11.203799,7.681603,6.647452,-2.678736,6.647452,27.352879,12.494143,5.878281,1,-4.131265
289.281402,19.230000,12.750301,12.677303,17.332426,6.852348,4.545638,-5.219188,4.545638,26.779924,14.029623,5.294546,1,-6.479698
289.484291,18.260000,12.155972,13.438966,25.760157,8.628883,7.006091,-4.027833,7.006091,27.024441,14.868469,6.245871,1,-6.104029
289.712755,17.500000,10.672955,15.108631,18.316442,6.096758,6.574862,-4.027833,6.574861,25.668411,14.995457,4.288012,1,-6.827045
289.883493,17.600000,11.190708,16.123369,4.011964,4.017026,5.335005,-4.735193,5.335005,25.422365,14.231657,5.156866,1,-6.409292
290.095529,17.840000,10.221056,16.317842,12.501358,1.594970,5.241159,-3.715247,5.241159,25.245178,15.024122,5.510952,1,-7.618944
290.287645,17.879999,10.116523,16.441929,13.485917,2.907787,3.362772,-6.312087,3.362772,25.307215,15.190692,3.680779,1,-7.763476
290.481518,18.129999,10.053434,16.188164,9.319363,5.237596,1.900974,-8.963879,1.900974,25.720678,15.667244,3.936377,1,-8.076565
290.884657,19.080000,10.279525,17.399847,16.110607,6.524689,6.426429,-5.535839,6.426429,26.741890,16.462364,4.161825,1,-8.800475
291.081247,19.430000,11.392244,17.859673,9.626781,9.056087,4.572124,-8.885756,4.572124,26.798502,15.406258,4.958956,1,-8.037756
291.282759,19.680000,11.453478,17.847433,14.634149,11.045910,6.611609,-7.835062,6.611609,27.988651,16.535173,4.044518,1,-8.226522
291.483490,19.910000,11.295711,18.098560,5.154579,10.789654,4.478802,-9.965305,4.478802,26.333519,15.037808,3.999933,1,-8.614289
291.683481,20.270000,12.474422,18.967470,7.361295,11.584081,1.898820,-13.376956,1.898820,26.867432,14.393010,1.257273,1,-7.795579
291.881394,20.280001,12.106847,19.223518,20.032345,12.393841,2.703245,-13.105434,2.703245,28.270615,16.163769,4.633884,1,-8.173154
292.085659,20.320000,12.211850,19.567013,17.038351,15.205675,2.552188,-14.834157,2.552188,27.265978,15.054128,2.750162,1,-8.108150
292.281634,20.129999,12.010602,19.554239,17.001680,15.767736,0.235489,-17.425499,0.235489,27.272387,15.261785,4.679745,1,-8.119397
292.481408,20.110001,11.909453,19.677086,15.811854,15.468299,5.229951,-12.342742,5.229951,26.900290,14.990836,3.606607,1,-8.200547
292.683655,20.080000,12.104379,20.053308,13.444896,16.016335,7.553300,-10.481521,7.553300,28.269920,16.165543,4.403465,1,-7.975621
292.881494,20.080000,12.438113,20.322214,25.086275,16.655684,11.784159,-6.704790,11.784159,27.848869,15.410756,4.194693,1,-7.641887
293.091656,20.020000,10.166224,20.615582,38.422493,15.427242,9.308873,-8.712539,9.308873,28.781416,18.615192,3.055994,1,-9.853777
293.290741,19.959999,12.013666,20.208317,31.092453,17.892252,11.038854,-8.011432,11.038854,28.246128,16.232462,2.228706,1,-7.946333
293.486783,20.020000,11.433574,19.778769,29.381941,18.265388,6.579372,-12.661926,6.579372,28.777817,17.344242,1.632959,1,-8.586427
293.682869,20.090000,10.488605,20.315458,31.892258,17.936689,8.116295,-11.009779,8.116295,27.947443,17.458839,1.093271,1,-9.601396
293.881389,20.049999,11.828475,20.356251,26.541317,21.755199,5.733000,-15.322725,5.733000,29.095480,17.267006,1.648706,1,-8.221524
294.081490,20.110001,11.083611,20.734106,36.045738,21.445248,5.033852,-16.055824,5.033852,30.664299,19.580688,2.978653,1,-9.026389
294.286640,20.139999,11.935307,20.530548,44.342106,21.557089,3.814018,-17.229801,3.814018,31.345951,19.410645,0.414492,1,-8.204693
294.485652,20.180000,11.841857,20.274958,47.445885,20.211740,6.788514,-13.454835,6.788514,32.131142,20.289284,0.650463,1,-8.338143
294.681387,20.209999,10.736607,20.539993,44.768051,19.884857,6.014977,-14.197449,6.014977,32.664219,21.927612,1.427139,1,-9.473392
294.884476,20.010000,10.176024,20.662315,47.405392,20.080420,7.524763,-12.846605,7.524764,33.955662,23.779636,3.579845,1,-9.833976
295.081746,19.790001,11.478716,20.716684,42.554237,20.522404,7.496531,-13.123014,7.496530,31.017994,19.539278,4.599741,1,-8.311285
295.281496,20.070000,11.691579,20.758661,39.463905,20.617422,7.229795,-13.458246,7.229796,33.387100,21.695522,3.221443,1,-8.378421
295.485526,20.360001,12.156212,20.469500,52.233013,22.760740,10.167450,-11.447670,10.167450,37.067696,24.911484,3.729252,1,-8.203789
295.687509,20.490000,11.408262,20.838181,53.542217,23.740150,22.289165,-11.447670,22.289165,38.526760,27.118498,7.084389,1,-9.081738
295.886740,20.620001,12.464683,20.124458,47.986359,24.188194,22.453171,-11.447670,22.453171,36.764008,24.299324,9.097683,1,-8.155318
296.082682,20.370001,11.377404,20.291088,51.090763,23.194448,11.336642,-10.406125,11.336642,38.296059,26.918655,5.397820,1,-8.992597
296.283482,20.180000,11.775753,20.695324,46.220783,21.948475,10.588346,-10.733554,10.588346,37.991608,26.215855,6.144993,1,-8.404247
296.481389,20.330000,11.999496,20.633278,36.070194,21.472021,21.052650,-13.631691,21.052650,37.102222,25.102726,7.349155,1,-8.330504
296.683569,20.290001,11.408345,21.009697,36.289719,21.133667,21.071682,-13.631691,21.071682,37.190075,25.781731,6.936478,1,-8.881656
296.881612,19.840000,10.755754,20.804626,40.315750,21.204962,21.004795,-13.631691,21.004795,37.112045,26.356291,6.418274,1,-9.084246
297.087192,19.610001,11.545241,20.562340,26.324629,22.204624,21.383482,-13.631691,21.383482,35.167217,23.621975,8.456892,1,-8.064759
297.282334,19.770000,12.765818,20.444231,1.980921,24.402725,22.423477,-13.631691,22.423477,31.227898,18.462080,0.471027,1,-7.004183
297.482112,19.930000,12.289060,20.186188,26.309164,22.880161,21.703257,-13.631691,21.703257,35.212006,22.922947,8.157642,1,-7.640941
297.686626,20.010000,14.330257,20.473516,27.188604,21.555969,21.014744,-13.631691,21.014744,35.771469,21.441212,6.575249,1,-5.679743
297.882440,20.160000,13.805622,20.597012,17.440966,20.165314,20.381163,-13.631691,20.381163,34.873608,21.067986,7.944302,1,-6.354378
298.083678,20.120001,14.535144,20.568295,18.889071,19.624718,20.096506,-13.631691,20.096506,34.732094,20.196949,7.948467,1,-5.584857
298.285631,20.150000,14.186747,20.623827,14.419139,18.789894,19.706860,-13.631691,19.706860,35.345116,21.158369,6.734249,1,-5.963253
298.482248,20.030001,13.972268,19.869785,22.887480,18.954445,19.685452,-13.631691,19.685452,35.796883,21.824615,4.703671,1,-6.057733
298.682249,19.900000,15.236236,20.317699,21.653652,19.253183,19.785442,-13.631691,19.785442,34.079018,18.842781,5.917528,1,-4.663764
298.884639,19.620001,15.828495,20.260294,-24.651186,19.817846,17.831944,-2.207128,17.831944,34.652275,18.823780,0.000000,1,-3.791506
299.084637,19.680000,16.206303,20.292048,-4.682123,20.476780,20.384415,-0.517576,20.384415,34.048508,17.842205,0.000000,1,-3.473698
299.283524,19.570000,15.095324,20.583607,34.652569,18.802336,19.692970,-2.308336,19.692970,39.457062,24.361738,0.000000,1,-4.474676
299.482218,19.389999,14.773397,20.210543,10.819875,17.889589,17.371721,-1.919702,17.371721,35.948574,21.175177,0.000000,1,-4.616602
299.686644,18.879999,13.559874,20.674170,17.205248,18.295263,17.565014,-1.919702,17.565014,34.418732,20.858858,0.000000,1,-5.320126
299.882501,18.600000,14.629847,20.843731,27.716459,18.994442,19.996908,0.077822,19.996908,34.449711,19.819864,0.000000,1,-3.970154
300.093513,18.420000,14.225954,20.680971,47.611008,19.639622,19.664753,-0.495545,19.664753,39.309376,25.083422,0.000000,1,-4.194046
300.287504,18.090000,14.323619,20.488525,44.458694,18.235069,17.778288,-1.583509,17.778288,41.248817,26.925198,0.000000,1,-3.766381
300.484721,18.150000,13.216886,20.032919,5.882542,16.777142,12.865845,-5.784510,12.865845,34.922764,21.705879,0.000000,1,-4.933114
300.681624,18.180000,12.385412,20.498068,39.640205,16.725159,11.055079,-7.556535,11.055079,40.568951,28.183538,0.000000,1,-5.794588
300.887639,17.980000,11.309193,19.997250,37.126175,16.562973,18.280111,-7.556535,18.280111,39.356586,28.047394,0.000000,1,-6.670807
301.084648,17.690001,12.634453,19.945824,33.521240,16.639877,18.292850,-7.556535,18.292850,38.467262,25.832809,0.000000,1,-5.055548
301.281604,17.020000,11.747661,19.738516,30.070431,15.277618,17.508068,-7.556535,17.508068,38.860538,27.112877,0.000000,1,-5.272340
301.482203,16.540001,12.237309,19.300955,27.009739,16.377562,10.037195,-8.028742,10.037195,36.892117,24.654808,0.000000,1,-4.302691
301.685640,16.040001,12.577431,19.093941,24.164219,17.622116,18.358028,-8.028742,18.358028,34.579117,22.001686,0.000000,1,-3.462570
301.886720,15.580000,12.591392,18.446667,21.553186,18.571428,10.697096,-7.811953,10.697096,34.079456,21.488064,0.000000,1,-2.988608
302.082701,15.240000,12.145180,18.596640,19.158182,18.501917,13.414761,-5.134518,13.414762,35.146896,23.001717,0.000000,1,-3.094820
302.299237,14.760000,11.409762,18.210546,17.467796,17.991560,6.928173,-11.172880,6.928173,35.798225,24.388462,0.000000,1,-3.350238
302.484482,13.810000,11.799739,17.349712,16.484459,17.295996,17.752766,-11.172880,17.752766,33.666336,21.866596,0.000000,0,-2.010262
302.681498,13.670000,11.631899,17.429893,14.521765,16.172909,8.653722,-8.147679,8.653722,34.826370,23.194471,0.000000,1,-2.038101
302.883649,13.740000,11.850963,16.572571,13.146823,15.613173,7.929497,-8.502354,7.929497,33.934437,22.083473,0.000000,1,-1.889037
303.082334,12.710000,10.792408,16.794491,13.003427,12.708338,7.915589,-6.835825,7.915589,31.373869,20.581461,0.000000,1,-1.917592
303.283939,10.850000,8.538539,16.378223,11.374049,10.249343,13.313784,-5.437037,13.313784,30.044018,21.505478,0.000000,1,-2.311461
303.486639,8.250000,6.203083,15.021499,9.981454,9.146445,12.083972,-5.437037,12.083972,27.857891,21.654808,0.000000,1,-2.046917
303.694656,6.330000,4.927439,14.463018,9.387433,11.828746,13.145882,-5.437037,13.145882,24.849083,19.921644,0.000000,0,-1.402561
303.881509,4.250000,4.735575,12.748490,8.412600,14.480633,14.089705,-5.437037,14.089705,23.356285,18.620710,0.000000,1,0.485575
304.084489,2.700000,3.562331,12.102352,7.165061,15.335653,13.719003,-5.437037,13.719004,20.013887,16.451557,0.000000,1,0.862331
304.282329,1.220000,2.452019,11.168649,6.304853,15.560808,0.684410,-12.680319,0.684410,20.385118,17.933100,0.000000,1,1.232019
304.486512,-0.140000,1.472148,9.964437,5.468133,14.051523,12.305283,-10.937922,12.305283,18.289083,16.816936,0.000000,1,1.612148
304.682288,0.180000,2.239712,9.660348,4.801948,12.692368,2.725333,-8.451024,2.725333,19.579969,17.340258,0.000000,1,2.059712
304.884287,0.710000,2.490081,8.805379,4.565146,9.184093,0.944526,-8.050210,0.944526,18.818834,16.328753,0.000000,1,1.780081
305.081601,1.100000,3.814739,8.093904,5.559441,6.476572,1.474082,-5.811155,1.474082,20.791624,16.976885,0.000000,1,2.714739
305.283548,1.240000,3.451178,7.482148,6.872494,2.967551,0.543876,-4.680973,0.543876,19.278437,15.827259,0.000000,1,2.211178
305.481466,0.290000,3.751889,6.930978,6.025355,2.803381,1.901070,-2.966109,1.901070,19.533602,15.781713,0.000000,1,3.461889
305.682490,0.030000,4.456536,5.815856,5.272385,5.118927,3.045042,-2.422349,3.045042,19.127979,14.671444,0.000000,1,4.426536
305.903363,0.040000,2.339128,5.266604,4.490582,3.046487,-4.614789,-8.771335,-4.614789,19.044064,16.704937,0.000000,1,2.299128
306.086508,0.950000,4.610220,5.114578,4.059134,4.438416,-3.315022,-8.091519,-3.315022,19.678801,15.068581,0.000000,0,3.660220
306.282305,1.480000,4.425278,4.877997,3.784312,4.230552,-3.537245,-8.091519,-3.537245,20.609798,15.910956,0.000000,0,2.945278
306.481965,1.600000,4.127930,4.777029,3.143493,2.710977,-4.347517,-8.091519,-4.347517,19.478359,15.350430,0.000000,0,2.527930
306.681487,1.430000,3.918050,4.461664,2.720733,1.698492,-8.102575,-11.182652,-8.102575,19.058464,15.140414,0.000000,1,2.488050
306.896873,1.310000,3.253353,4.512876,2.319894,1.244017,-8.199690,-11.078136,-8.199690,19.719332,16.465979,0.000000,1,1.943353
307.082302,1.690000,3.400337,4.536783,2.081125,-0.209769,-4.884460,-7.047967,-4.884460,18.020128,14.619791,0.000000,1,1.710337
307.282293,0.920000,2.592854,4.032056,2.240622,-0.550296,-2.117894,-3.858773,-2.117894,19.349489,16.756636,0.000000,1,1.672854
307.489363,0.750000,1.013131,4.051346,4.328025,-0.207126,-3.235478,-5.157588,-3.235478,19.848198,18.835068,0.000000,1,0.263131
307.683562,0.210000,-0.917644,3.765083,3.974328,0.637521,0.472103,-1.729199,0.472103,18.518496,19.436140,0.000000,1,-1.127644
307.917586,-0.030000,-0.631639,3.599234,3.346986,1.176564,0.658699,-1.729199,0.658699,19.418457,20.050097,0.000000,1,-0.601639
308.082318,0.120000,0.626045,3.427279,3.042843,3.885136,2.244275,-1.411933,2.244275,17.299213,16.673168,0.000000,1,0.506045
308.281395,-0.300000,-0.418905,3.116116,2.637295,3.160445,-0.026128,-3.164408,-0.026128,16.941448,17.360353,0.000000,1,-0.118905
308.481385,-0.590000,-1.022803,2.828639,2.413931,1.996917,3.560441,1.147663,3.560441,18.286402,19.550060,0.000000,0,-0.432803
308.686167,-0.410000,0.054366,2.706425,2.010645,2.834070,1.936489,-0.833758,1.936489,16.877527,16.823160,0.000000,1,0.464366
308.915465,-0.120000,0.467853,2.540834,1.698080,2.641617,-0.348351,-2.939577,-0.348351,16.923788,16.455935,0.000000,1,0.587853
309.082449,-0.030000,1.169013,2.257348,3.262413,1.884499,2.070924,-2.939577,2.070924,18.060410,16.891396,0.000000,1,1.199013
309.281393,0.360000,-0.015229,2.124045,3.440929,0.773946,1.448995,-2.939577,1.448995,19.587374,19.602604,0.000000,1,-0.375229
309.482842,0.560000,-0.885722,2.070902,4.906291,1.281553,1.676228,-2.939577,1.676228,17.309177,18.194899,0.000000,1,-1.445722
309.683647,0.350000,-0.973970,1.862355,7.235746,1.674523,1.768440,-2.939577,1.768440,16.087812,17.061783,0.000000,1,-1.323970
309.946990,0.050000,-0.339646,1.757562,-32.777077,2.818553,2.295161,-2.939577,2.295161,13.954341,14.293987,0.000000,1,-0.389646
310.082493,-0.250000,0.398419,1.727449,-12.257639,2.971847,2.349648,-2.939577,2.349648,15.524055,15.125636,0.000000,1,0.648419
310.281388,-0.380000,0.622259,1.753685,-21.755602,3.261039,2.507362,-2.939577,2.507362,8.474688,7.852428,0.236640,1,1.002259
310.481975,-0.220000,1.286978,1.750798,19.782970,3.183345,2.467071,-2.939577,2.467071,18.617704,17.330727,0.000000,1,1.506978
310.682484,-0.410000,0.087829,1.543513,-11.871926,1.748595,1.646054,-2.939577,1.646054,9.824870,9.737041,2.088120,1,0.497829
310.994969,-0.500000,0.098139,1.323935,-13.669205,2.599535,1.988369,-2.939577,1.988369,8.907116,8.808977,0.615804,1,0.598139
311.087499,-1.260000,-0.713951,1.323935,0.693700,2.489735,1.906835,-2.939577,1.906835,8.773845,9.487795,3.205101,1,0.546049
311.281394,-1.980000,-0.185481,0.857381,-8.451717,4.828267,1.452754,-1.434899,1.452754,6.618842,6.804323,1.047296,1,1.794519
311.485650,-2.220000,-0.732651,0.857381,-16.296082,6.151627,4.086432,0.581928,4.086432,5.933424,6.666075,1.951026,1,1.487349
311.681634,-2.010000,-0.268016,0.711490,-26.204288,4.956289,3.549823,0.715933,3.549823,4.321500,4.589516,3.584703,1,1.741984
311.881476,-1.870000,0.308162,0.518844,-18.685581,2.582088,0.458329,-1.092138,0.458329,5.587078,5.278915,3.013684,1,2.178162
312.086655,-1.300000,3.677946,0.395575,-28.517752,4.529201,-6.382979,-8.845367,-6.382979,4.830267,1.152321,5.434552,1,4.977945
312.281394,-1.090000,3.000584,0.334805,-0.961260,4.256992,-5.758877,-8.054775,-5.758877,6.824355,3.823771,1.344197,1,4.090584
312.482013,-1.380000,3.037310,0.035992,-7.129618,5.429665,2.732828,-4.948782,2.732828,6.612296,3.574986,1.197526,1,4.417310
312.683651,-1.140000,3.675568,-0.302071,5.123875,7.254539,3.476234,-4.948782,3.476234,8.591249,4.915680,2.891298,1,4.815568
312.883544,-1.040000,4.726305,-0.171655,4.692245,9.093572,1.630256,-2.830702,1.630256,7.232565,2.506260,0.140290,1,5.766305
313.082535,-0.540000,4.831480,0.193556,-3.289649,8.143614,0.117880,-4.050704,0.117880,7.692842,2.861362,0.660938,1,5.371480
313.282496,-1.120000,4.739480,-0.087403,-14.960538,7.483827,-0.078122,-3.776334,-0.078122,5.350072,0.610592,3.237871,1,5.859480
313.487721,-1.150000,4.969081,0.065659,4.771061,6.187144,-0.649933,-3.776334,-0.649933,7.288686,2.319605,0.837602,1,6.119081
313.681738,-0.800000,4.870559,-0.037413,-9.657710,4.787342,1.138036,-1.236928,1.138036,5.520340,0.649781,3.790625,1,5.670559
313.882479,-0.380000,4.545041,-0.004788,-20.646685,4.418408,-2.941963,-5.148773,-2.941963,3.311342,-1.233699,3.910240,1,4.925041
314.083174,0.020000,4.315582,0.039324,10.236547,4.173009,-2.723288,-4.829454,-2.723288,7.485497,3.169915,1.199986,1,4.295582
314.281626,0.360000,5.332460,0.177336,9.072225,4.206815,2.192076,-5.771026,2.192076,9.105653,3.773192,0.806329,1,4.972460
314.482459,0.040000,4.124521,0.201298,-9.526094,4.073847,-1.975295,-4.112867,-1.975295,6.050211,1.925690,4.793431,1,4.084521
314.681424,-0.990000,3.692356,0.026782,-17.294609,3.669675,-1.957174,-3.805402,-1.957174,2.923455,-0.768901,8.096594,1,4.682356
314.881392,-1.580000,1.977751,0.056697,-10.107837,3.787424,-2.401914,-4.323974,-2.401914,3.081249,1.103498,6.584220,1,3.557752
315.096511,-1.850000,3.070982,-0.211921,-12.465478,7.184993,0.555969,-2.930567,0.555969,2.720633,-0.350349,6.326479,1,4.920982
315.286513,-2.050000,3.313998,-0.191633,-11.865900,7.338983,-3.800828,-7.374503,-3.800828,2.837347,-0.476650,4.024143,1,5.363997
315.486831,-2.070000,2.541626,-0.162832,-11.754169,5.035119,2.436143,-7.779257,2.436143,1.999735,-0.541891,3.425685,1,4.611626
315.695507,-1.910000,2.615700,-0.145111,-1.305835,4.151211,-8.248854,-10.251904,-8.248854,4.423023,1.807323,3.165647,1,4.525700
315.881485,-1.800000,2.681939,-0.129071,15.699188,1.014274,-3.861159,-4.303761,-3.861159,4.501147,1.819208,3.557743,1,4.481939
316.082325,-1.460000,3.773278,-0.003027,-22.034975,-0.658556,-3.685286,-3.354495,-3.685286,2.595461,-1.177818,1.566934,1,5.233278
316.282724,-1.200000,3.563829,-0.044011,1.571415,-1.183310,-3.612066,-2.998405,-3.612066,6.053852,2.490023,3.218750,1,4.763829
316.481410,-1.090000,1.824872,-0.102321,2.524129,-3.202268,-1.299849,0.352445,-1.299849,5.515005,3.690133,4.702242,1,2.914872
316.683665,-1.520000,2.000138,-0.598647,3.470998,-0.777140,-1.159848,-0.471954,-1.159848,5.125446,3.125308,4.108087,1,3.520138
316.882524,-1.110000,1.807968,-0.755267,-2.560822,0.014987,-3.321211,-2.951071,-3.321211,4.573099,2.765131,5.814231,1,2.917968
317.083477,-1.080000,1.518145,-0.775978,-4.849364,-0.895789,3.334712,4.170595,3.334712,4.961495,3.443350,4.720266,1,2.598145
317.282478,-1.220000,2.175238,-0.879471,-37.450623,0.235791,2.035557,2.357397,2.035557,-0.015165,-2.190403,0.425674,1,3.395238
317.482245,-1.420000,2.194393,-0.868020,-41.210819,-0.330522,1.758127,2.357397,1.758127,-0.625297,-2.819691,0.288408,1,3.614393
317.685653,-1.460000,2.476302,-0.805711,-4.303944,0.112805,-0.281420,0.065033,-0.281420,3.699995,1.223693,0.992458,1,3.936302
317.881607,-1.180000,1.928261,-0.715321,17.308054,-1.777570,-1.181413,0.065033,-1.181413,4.201109,2.272848,5.524551,1,3.108261
318.085514,-1.040000,1.789341,-0.609785,-32.199482,-2.291365,-3.411496,-2.002708,-3.411496,0.210072,-1.579269,1.185274,1,2.829341
318.286516,-1.150000,1.583415,-0.521109,-27.015207,-3.654484,-5.257328,-3.223817,-5.257328,0.024297,-1.559118,2.433423,1,2.733415
318.488512,-1.220000,1.160411,-0.716803,-35.853352,-4.594532,-4.162061,-1.506394,-4.162061,-1.898586,-3.058997,1.676255,1,2.380411
318.681389,-1.090000,1.151208,-0.663282,-35.045547,-5.491078,-5.834692,-2.757512,-5.834692,-1.832167,-2.983375,3.955390,1,2.241208
318.882492,-1.130000,0.882180,-0.604605,-47.594795,-4.645381,-12.827046,-10.202053,-12.827046,-4.622054,-5.504234,6.221778,1,2.012180
319.089645,-0.940000,2.654872,-0.480692,-38.174751,-2.550376,-11.717587,-10.202053,-11.717587,-2.898083,-5.552955,6.109513,1,3.594872
319.290507,-0.870000,1.301716,-0.522362,-31.333784,-1.713102,-9.847829,-8.730097,-9.847829,-2.665947,-3.967663,3.558542,1,2.171716
319.486787,-0.930000,1.701240,-0.682769,-25.557030,-1.497273,-1.061538,-8.730097,-1.061538,-2.678688,-4.379928,2.929943,1,2.631240
319.683484,-0.660000,2.807458,-0.585467,-16.260225,-1.536424,-1.060945,-8.730097,-1.060945,-0.940527,-3.747985,5.410852,1,3.467458
319.895833,-0.070000,2.509238,-0.308802,-3.141147,-1.258344,-0.783573,-8.730097,-0.783573,0.929570,-1.579668,2.922653,1,2.579238
320.082456,-0.280000,2.332246,-0.497264,-0.848916,1.466993,0.484864,-8.730097,0.484864,-0.012948,-2.345194,2.210191,1,2.612246
320.282780,-0.110000,0.900978,-0.018858,3.173052,0.046668,0.013905,-8.730097,0.013905,0.729179,-0.171798,2.238541,1,1.010978
320.483570,-0.580000,1.879589,-0.265933,1.316849,1.752962,-5.052176,-5.804398,-5.052176,0.325584,-1.554005,0.327392,1,2.459589
320.682464,-1.340000,0.730380,-0.229860,1.329134,2.721132,1.826580,0.580944,1.826580,-1.682524,-2.412904,0.599562,1,2.070379
320.885652,-1.940000,-0.505548,-0.288114,14.972078,3.608313,0.649234,-1.010866,0.649234,0.536532,1.042080,2.720089,1,1.434452
321.081497,-2.250000,0.063955,-0.392108,22.306795,4.505072,0.383316,-1.717894,0.383316,0.838040,0.774085,1.948646,1,2.313955
321.282513,-2.410000,0.584830,-0.396731,-15.295573,4.494583,-4.788728,-6.837654,-4.788728,-3.459915,-4.044744,3.303392,1,2.994830
321.485362,-2.660000,0.430800,-0.522233,-18.676334,3.746424,-5.158455,-6.770551,-5.158455,-4.109021,-4.539821,2.335285,1,3.090800
321.683560,-2.180000,-0.005685,-0.729746,-14.782162,3.888860,-7.848700,-9.428257,-7.848700,-3.690753,-3.685067,1.888780,1,2.174315
321.881402,-2.330000,-1.133442,-0.645192,-23.019016,1.767600,-7.921259,-8.482464,-7.921259,-4.967338,-3.833896,3.915512,1,1.196558
322.085881,-2.320000,-1.689998,-0.687431,-20.390518,1.831031,-7.999489,-8.482464,-7.999489,-4.578306,-2.888308,2.811669,1,0.630002
322.285633,-1.900000,-0.817254,-0.484019,-17.322250,-0.083445,-8.304532,-8.020800,-8.304532,-3.993331,-3.176077,2.871111,1,1.082746
322.485518,-1.380000,0.026577,-0.581430,-25.095272,-0.675087,-8.649058,-8.020800,-8.649058,-2.744820,-2.771397,6.622955,1,1.406577
322.681757,-1.120000,-0.880900,-0.398225,-7.509925,-1.881896,-9.160860,-8.020800,-9.160860,-2.614201,-1.733301,2.025754,1,0.239100
322.881628,-0.580000,-1.575234,-0.317766,3.952081,-3.283318,-3.439234,-1.638692,-3.439234,-0.332094,1.243140,3.244700,1,-0.995234
323.082505,-0.480000,-2.559894,-0.337888,-11.829921,-3.786909,-6.716803,-4.669154,-6.716803,-2.219701,0.340194,2.022420,1,-2.079894
323.282839,-0.440000,-2.430061,-0.047353,-16.032265,-2.929060,-15.599899,-14.111693,-15.599899,-4.072117,-1.642057,2.427655,1,-1.990061
323.489369,0.100000,-1.508769,-0.442305,5.471652,-1.677604,-12.390561,-11.330606,-12.390561,-0.474191,1.034578,4.114983,1,-1.608769
323.682494,0.470000,0.124648,0.309892,-3.977840,-2.022925,-12.368382,-11.511865,-12.368382,-0.519288,-0.643936,4.263741,1,-0.345352
323.882536,0.080000,-2.302051,0.650372,-1.800899,-4.087739,-13.230548,-11.511865,-13.230548,-1.118399,1.183651,1.751238,1,-2.382051
324.094823,-0.780000,-3.913083,0.543772,-6.015313,-4.088396,-9.891788,-8.104781,-9.891788,-2.127924,1.785159,4.568882,1,-3.133083
324.285491,-1.510000,-4.126038,0.585657,-5.603539,-2.708311,-9.166108,-8.104781,-9.166108,-3.266654,0.859383,5.181777,1,-2.616038
324.483480,-1.250000,-4.479378,0.368289,-15.767767,-3.232776,-11.705468,-10.273224,-11.705468,-3.784315,0.695062,4.300998,1,-3.229378
324.684495,-1.090000,-5.217262,0.205334,-18.664871,-2.245548,-11.293331,-10.273224,-11.293331,-4.125850,1.091412,6.479366,1,-4.127262
324.882563,-0.860000,-4.722142,0.354900,-4.815042,-0.372798,-10.737759,-10.728809,-10.737759,-2.782861,1.939281,2.807114,1,-3.862142
325.099941,-0.690000,-4.476038,0.271997,5.247920,-0.254633,-8.436696,-8.445378,-8.436696,-1.781590,2.694448,4.966943,1,-3.786038
325.284653,-0.950000,-4.195629,0.236673,9.635079,-0.009702,-8.235896,-8.349381,-8.235896,-1.356750,2.838879,4.137945,1,-3.245629
325.483184,-1.160000,-4.940444,0.201094,3.076988,0.598428,-5.639993,-6.039754,-5.639993,-3.494363,1.446082,0.134472,1,-3.780445
325.682459,-1.460000,-5.770079,0.166861,5.563294,1.969382,-8.817449,-9.885571,-8.817449,-2.604743,3.165336,2.091188,1,-4.310079
325.890623,-1.440000,-6.018000,-0.002982,10.787736,1.370456,-10.586566,-11.270303,-10.586566,-1.948590,4.069410,2.299797,1,-4.578000
326.178993,-1.210000,-6.915975,-0.071190,10.961031,1.402876,-11.152936,-11.833263,-11.152936,-2.232902,4.683073,2.859688,1,-5.705975
326.282799,-1.040000,-7.834623,-0.122924,36.463158,0.316603,-9.996079,-10.092918,-9.996079,2.500924,10.335546,0.387517,1,-6.794623
326.482265,-0.890000,-8.002049,-0.181800,29.391096,-0.162985,-6.592299,-6.419906,-6.592299,0.676942,8.678991,1.707257,1,-7.112050
326.683556,-0.660000,-8.548340,-0.096718,33.531757,-0.417201,-10.654021,-10.397062,-10.654021,2.654988,11.203328,5.554205,1,-7.888340
326.883574,-0.620000,-7.947186,-0.134729,38.738461,0.113315,-8.372716,-8.362009,-8.372716,4.459516,12.406702,5.910668,1,-7.327186
327.131153,-0.540000,-6.900177,-0.215901,39.600567,2.829681,-5.780380,-7.087270,-5.780380,6.428700,13.328876,2.627591,1,-6.360177
327.282521,-0.170000,-7.080278,0.036773,40.741901,1.640559,-6.467039,-7.305705,-6.467039,7.480907,14.561186,1.272775,1,-6.910278
327.483801,0.050000,-6.529770,0.062926,36.131119,1.264672,-6.556857,-7.220656,-6.556857,7.169796,13.699566,2.819321,1,-6.579770
327.682466,0.010000,-6.505346,0.471798,28.121317,-0.849234,-3.626840,-3.438121,-3.626839,6.566370,13.071716,3.764830,1,-6.515346
327.882576,0.150000,-4.630924,0.556881,25.334173,-2.105965,1.985936,2.760478,1.985936,7.203852,11.834776,3.621469,1,-4.780924
328.082493,0.210000,-4.643494,0.564980,9.883493,-2.075655,1.817465,2.572802,1.817465,6.329661,10.973155,5.403293,1,-4.853494
328.286632,0.040000,-4.955146,0.389513,7.149124,-1.880114,1.488088,2.233389,1.488088,4.723536,9.678682,7.287429,1,-4.995146
328.486517,-0.220000,-3.362247,0.302133,23.016716,-0.041845,3.246966,3.116823,3.246967,7.392547,10.754794,2.162398,1,-3.142247
328.681476,-0.550000,-3.760492,0.151904,27.733313,1.012677,2.073681,1.491390,2.073681,7.274337,11.034828,1.313717,1,-3.210492
328.881836,-0.660000,-3.899251,0.288251,41.362000,1.312250,5.636590,4.836339,5.636590,9.884873,13.784124,3.996994,1,-3.239251
329.082782,-0.550000,-3.287816,0.469588,15.618029,1.873890,6.093562,4.921824,6.093562,6.765212,10.053027,1.673112,1,-2.737816
329.281609,-0.730000,-2.273874,0.359615,20.106295,1.360140,8.805771,7.945894,8.805771,7.511152,9.785026,0.293107,1,-1.543874
329.482394,-0.870000,-1.895861,0.399637,-18.309010,0.981211,10.304399,9.613975,10.304399,6.841463,8.737324,0.000000,1,-1.025861
329.682488,-0.940000,-0.608277,0.385319,24.509672,1.308906,9.354097,8.506985,9.354097,7.704203,8.312479,1.370165,1,0.331723
329.881428,-1.070000,0.664825,0.344303,19.051529,1.047035,2.990404,2.294735,2.990404,7.474384,6.809559,1.108068,1,1.734825
330.081381,-1.150000,0.657337,0.199857,4.817676,0.262436,6.934470,6.703324,6.934470,5.464807,4.807470,3.552190,1,1.807337
330.294514,-1.170000,0.694566,0.010339,39.043018,0.435543,1.060446,0.837505,1.060446,15.242384,14.547817,0.000000,1,1.864566
330.481332,-0.780000,2.074071,-0.105984,26.434055,0.833252,2.461185,2.097551,2.461185,8.971048,6.896977,3.204978,1,2.854071
330.681382,-0.420000,2.540502,0.090377,37.344707,0.664393,1.647880,1.270495,1.647880,16.417170,13.876667,0.000000,1,2.960502
330.882796,-0.350000,3.467511,0.183953,-6.270807,0.437281,-1.661704,-1.972321,-1.661704,10.347220,6.879709,0.000000,1,3.817511
331.086508,-0.560000,2.634922,0.020167,36.449905,-0.825538,-2.565405,-2.162720,-2.565405,14.706415,12.071493,0.000000,1,3.194922
331.282568,-0.770000,1.968422,0.071498,34.148853,-0.527286,-5.993121,-5.765227,-5.993121,15.080269,13.111847,0.000000,1,2.738422
331.482568,-1.110000,1.625072,0.002151,-10.710691,0.315015,-4.966553,-5.125136,-4.966553,10.653973,9.028901,0.000000,1,2.735072
331.687656,-1.500000,0.901555,-0.143567,28.463217,0.429214,-3.512686,-3.655510,-3.512686,13.894035,12.992480,0.000000,1,2.401555
331.883646,-2.340000,-0.444584,-0.236834,25.434105,0.353732,-2.455164,-2.513613,-2.455164,14.963502,15.408087,0.000000,1,1.895415
332.082568,-3.480000,-1.073233,-0.492367,-9.020110,0.205877,-2.632450,-2.489205,-2.632450,9.118894,10.192126,0.000000,1,2.406767
332.281601,-4.800000,-1.165965,-0.865486,21.685541,-1.060061,0.167363,1.130137,0.167363,12.781821,13.947786,0.000000,1,3.634035
332.482812,-6.260000,-1.808216,-1.040516,19.358847,-1.313087,-0.456001,0.720801,-0.456001,10.177622,11.985838,0.000000,0,4.451785
332.681488,-7.770000,-3.794444,-1.902604,16.900896,-3.215805,-2.453500,0.105705,-2.453500,8.963309,12.757753,0.000000,1,3.975556
332.887640,-9.310000,-5.059930,-2.685322,14.796869,-3.471251,-2.559139,0.519147,-2.559139,6.814231,11.874162,0.000000,1,4.250070
333.081606,-10.700000,-6.553741,-3.439726,13.484182,-3.501621,-4.897012,-1.426339,-4.897012,5.495808,12.049549,0.000000,1,4.146258
333.283474,-11.940000,-7.305949,-4.247114,11.844376,-3.696293,-5.233753,-1.426339,-5.233753,0.926689,8.232638,10.659238,1,4.634050
333.485687,-13.170000,-9.472192,-5.124662,11.599869,-4.515981,-8.262629,-3.601641,-8.262629,-1.707315,7.764877,7.836431,1,3.697808
333.683557,-14.400000,-9.688473,-6.321600,11.572349,-3.110289,-7.135470,-2.419526,-7.135470,-3.545826,6.142647,7.197706,1,4.711527
333.881464,-15.580000,-11.989966,-7.223608,1.909086,-4.997550,-9.378242,-3.267664,-9.378242,-4.456973,7.532993,7.899113,1,3.590034
334.082608,-16.389999,-12.182200,-8.196917,-22.371275,-4.738750,-10.012390,-3.544556,-10.012390,-9.179726,3.002475,0.526291,1,4.207799
334.283899,-16.730000,-11.031163,-9.019235,13.647346,-4.558599,-14.071679,-7.282763,-14.071680,-5.347620,5.683543,8.727310,1,5.698836
334.481486,-16.990000,-11.481465,-9.508538,9.016864,-5.865015,-9.274878,-1.588101,-9.274878,-6.188088,5.293377,7.935822,1,5.508534
334.686783,-17.290001,-11.297612,-10.782497,-7.841383,-6.927488,-9.743198,-0.888206,-9.743198,-8.690727,2.606885,3.687151,1,5.992389
334.884754,-17.590000,-12.102874,-11.269524,-14.218770,-8.153172,-11.715919,-2.004572,-11.715919,-9.364600,2.738274,3.102025,1,5.487126
335.081483,-17.840000,-12.224932,-11.782184,14.459277,-9.408475,-11.411964,-0.816635,-11.411964,-6.495653,5.729279,8.638359,1,5.615068
335.282593,-17.879999,-12.302360,-12.297979,-3.519242,-9.199341,-11.068174,-0.319514,-11.068174,-9.300198,3.002162,3.344652,1,5.577640
335.481927,-17.860001,-11.722189,-12.775130,-14.725899,-8.754153,-10.252868,0.511774,-10.252868,-9.596447,2.125742,2.217525,1,6.137812
335.683652,-17.920000,-12.568402,-13.680116,-10.075376,-10.025787,-9.803175,2.049776,-9.803175,-8.278471,4.289931,3.980564,1,5.351598
335.882624,-17.990000,-12.198895,-14.049696,12.065038,-10.609613,-12.324841,0.004814,-12.324841,-5.004349,7.194545,9.476879,1,5.791105
336.083568,-17.940001,-11.894935,-14.377620,12.144530,-11.282202,-14.391696,-1.561785,-14.391696,-4.484989,7.409946,10.525671,1,6.045066
336.283497,-17.900000,-13.302199,-14.615075,-24.515720,-13.032420,-15.922146,-2.098398,-15.922147,-8.736808,4.565392,1.449840,1,4.597800
336.483511,-17.889999,-13.761607,-14.790398,-17.132429,-13.880348,-15.193938,-0.858566,-15.193937,-8.598577,5.163030,0.715419,1,4.128392
336.689508,-17.889999,-14.416281,-15.284234,-8.098290,-14.521495,-15.761430,-0.858566,-15.761431,-7.769159,6.647121,0.783543,1,3.473719
336.881437,-17.870001,-15.422222,-15.098098,-11.840494,-15.117393,-18.084871,-2.983515,-18.084871,-7.641889,7.780333,3.736318,1,2.447779
337.082554,-17.790001,-16.436806,-15.071996,-34.442566,-15.979016,-20.106117,-4.580612,-20.106117,-11.689583,4.747223,3.706788,1,1.353195
337.282567,-17.670000,-17.335171,-15.137049,-41.111202,-16.728672,-21.580275,-5.501598,-21.580275,-12.146810,5.188361,2.745467,1,0.334829
337.481717,-17.809999,-17.898123,-15.439304,-23.669260,-16.835205,-22.965916,-6.828660,-22.965916,-9.787119,8.111004,7.167989,1,-0.088123
337.688714,-18.020000,-18.219772,-16.002047,-42.862247,-16.304024,-22.981693,-6.828660,-22.981693,-14.606422,3.613350,1.170447,1,-0.199772
337.882604,-18.200001,-18.566454,-15.931198,-27.288084,-16.930416,-20.412127,-3.981320,-20.412127,-10.969214,7.597239,2.710982,1,-0.366453
338.082616,-18.320000,-18.892769,-16.042997,-37.994507,-16.448824,-19.855797,-3.609886,-19.855797,-13.189438,5.703331,2.834375,1,-0.572769
338.285509,-18.520000,-18.880178,-15.679832,-34.780205,-17.345577,-17.832882,-1.114646,-17.832882,-13.517716,5.362462,1.889920,1,-0.360178
338.482893,-18.719999,-18.589567,-16.137043,-42.347595,-17.684473,-19.088427,-2.177667,-19.088427,-14.816334,3.773233,5.119750,1,0.130432
338.681679,-18.910000,-18.779942,-16.555880,-38.226315,-17.287920,-17.240746,-0.318845,-17.240746,-15.345285,3.434656,4.566841,1,0.130058
338.882664,-18.990000,-17.999172,-16.389791,-35.568672,-16.832516,-15.589162,1.021991,-15.589162,-14.536598,3.462574,4.916467,1,0.990828
339.081711,-19.270000,-17.851519,-16.643427,-40.477863,-16.616352,-15.698552,0.931339,-15.698552,-16.965839,0.885679,3.942376,1,1.418482
339.283218,-19.660000,-18.719690,-16.143576,-34.301971,-16.196558,-16.989862,-0.590685,-16.989862,-16.652224,2.067467,5.541382,1,0.940310
339.484647,-19.780001,-17.497862,-16.517872,-22.914694,-15.686296,-21.319128,-5.217042,-21.319128,-15.214498,2.283364,6.307103,1,2.282139
339.683560,-19.830000,-17.527596,-16.717552,-24.509693,-16.027206,-21.694983,-5.322603,-21.694983,-16.061802,1.465794,3.357630,1,2.302404
339.882551,-19.780001,-17.092623,-16.703459,-22.316690,-16.187960,-20.711948,-4.266239,-20.711948,-16.038391,1.054232,3.265715,1,2.687378
340.081737,-19.740000,-17.275028,-16.947615,-35.358440,-17.904392,-20.382162,-2.956159,-20.382162,-16.793467,0.481562,4.236490,1,2.464972
340.317098,-19.740000,-17.247921,-16.352751,-22.727913,-18.298342,-20.062038,-2.496304,-20.062038,-15.592462,1.655459,6.346825,1,2.492079
340.495686,-19.680000,-18.005533,-17.102430,-28.271891,-18.451927,-20.273483,-2.496304,-20.273483,-15.959111,2.046422,6.575037,1,1.674467
340.681784,-19.450001,-19.329735,-17.574375,-30.520367,-18.852247,-17.764229,-0.090744,-17.764229,-16.571060,2.758675,4.688471,1,0.120266
340.882610,-19.450001,-19.904644,-17.694765,-24.324072,-19.822142,-21.994980,-3.244244,-21.994980,-15.969711,3.934933,5.764652,1,-0.454643
341.083647,-18.980000,-19.063841,-18.189274,-29.078615,-19.590570,-23.324665,-4.434741,-23.324665,-15.585522,3.478319,6.609893,1,-0.083841
341.288172,-18.469999,-18.407938,-17.478819,-34.032066,-19.070364,-22.645130,-4.142108,-22.645130,-15.469308,2.938630,7.140594,1,0.062061
341.482733,-18.160000,-18.066885,-18.008654,-22.610928,-17.770988,-22.604427,-4.714607,-22.604427,-14.351875,3.715010,6.599507,1,0.093115
341.682495,-18.040001,-17.917883,-17.958080,-14.475430,-18.390312,-26.018507,-7.844310,-26.018505,-14.389139,3.528744,6.020120,1,0.122118
341.883563,-18.000000,-17.721598,-17.717833,-20.837934,-18.615051,-26.010754,-7.844310,-26.010754,-14.340299,3.381299,4.465395,1,0.278402
342.081463,-18.219999,-17.918474,-17.697687,-18.057232,-19.307081,-26.468466,-7.966081,-26.468466,-14.111423,3.807051,4.703822,1,0.301525
342.286806,-18.450001,-17.769331,-16.985931,-10.105260,-19.516687,-24.432442,-5.853457,-24.432442,-13.672995,4.096336,5.252215,1,0.680670
342.481437,-18.639999,-18.513206,-17.519499,-14.629090,-20.445881,-24.696489,-5.713800,-24.696489,-13.808947,4.704260,6.877787,1,0.126793
342.682538,-18.870001,-18.922319,-17.682074,-22.366098,-20.750879,-24.446180,-5.229703,-24.446180,-15.183857,3.738462,5.339449,1,-0.052319
342.885635,-19.070000,-19.210884,-17.802973,-12.036676,-20.478128,-24.370255,-5.229703,-24.370255,-13.889228,5.321656,6.182764,1,-0.140884
343.082892,-19.260000,-18.618574,-17.742519,-9.021949,-20.096556,-24.149240,-5.229703,-24.149240,-14.643116,3.975458,2.770047,1,0.641426
343.319068,-19.420000,-19.544600,-17.729017,-5.646899,-20.951153,-23.364040,-4.023956,-23.364040,-14.435413,5.109186,3.802933,1,-0.124599
343.481600,-19.650000,-19.298571,-17.359522,-14.012893,-20.936115,-20.144356,-0.773745,-20.144356,-15.819618,3.478952,3.470552,1,0.351429
343.681693,-20.139999,-19.169683,-17.860991,-11.419923,-20.298283,-20.666126,-1.586491,-20.666126,-15.052641,4.117043,4.347584,1,0.970316
343.881564,-20.590000,-19.690813,-17.982264,-4.125334,-19.202562,-19.647970,-1.055557,-19.647970,-15.255395,4.435418,3.773965,1,0.899187
344.082619,-20.990000,-21.000885,-18.195942,-15.129057,-19.138128,-20.306648,-1.639614,-20.306648,-15.826585,5.174300,6.043058,1,-0.010885
344.307830,-21.209999,-20.178450,-18.386005,-11.263326,-17.950293,-21.140608,-2.972461,-21.140608,-16.201315,3.977135,4.903885,1,1.031549
344.481747,-21.260000,-18.914104,-18.445343,-6.207544,-16.754519,-20.572390,-2.972461,-20.572390,-14.580823,4.333282,6.759517,1,2.345896
344.683621,-21.410000,-18.467722,-18.756077,-8.715940,-16.620749,-16.223248,1.465165,-16.223248,-15.190516,3.277206,6.521231,1,2.942278
344.884503,-21.400000,-17.452145,-19.093237,-20.829416,-16.934050,-13.834402,4.179242,-13.834402,-15.978582,1.473562,5.546491,1,3.947855
345.086797,-20.870001,-17.263746,-19.130039,-12.103575,-17.758097,-15.721473,2.722596,-15.721472,-15.037237,2.226509,6.261199,1,3.606255
345.334524,-19.809999,-15.872621,-18.991495,-15.823459,-17.748968,-16.350416,2.019815,-16.350416,-13.846937,2.025683,4.239079,1,3.937379
345.483565,-18.230000,-15.445354,-19.029442,-15.224763,-17.483784,-13.670260,4.586352,-13.670260,-12.267486,3.177869,6.007827,1,2.784645
345.682569,-16.379999,-12.853155,-18.759848,-20.208944,-17.301289,-13.910992,4.119576,-13.910993,-9.533509,3.319646,7.538315,1,3.526844
345.881409,-14.410000,-12.258356,-18.284580,-16.378216,-17.209837,-15.682865,2.064342,-15.682864,-8.167002,4.091354,5.496579,1,2.151644
346.085650,-12.440000,-9.547421,-17.716776,-18.795742,-16.164803,-15.516600,1.424189,-15.516600,-5.054823,4.492598,5.923262,1,2.892579
346.339784,-10.550000,-7.185376,-17.012007,-22.671230,-16.475590,-15.170800,1.572997,-15.170801,-3.424379,3.760997,4.395031,1,3.364624
346.486777,-8.660000,-6.239231,-16.487963,-14.755736,-16.346659,-13.862374,2.554936,-13.862375,-0.928084,5.311147,4.847755,1,2.420769
346.684518,-6.770000,-4.848600,-15.469074,-8.334070,-14.606588,-14.231140,0.806691,-14.231140,1.542635,6.391235,3.597474,1,1.921400
346.888508,-5.270000,-3.625460,-14.490830,-5.470926,-14.010890,-12.360961,1.889899,-12.360961,3.712201,7.337662,5.734549,1,1.644540
347.082498,-3.920000,-2.777189,-13.277971,-7.339073,-12.838789,-12.049414,1.008966,-12.049414,4.485742,7.262931,3.579114,1,1.142811
347.282860,-2.760000,-2.925642,-12.113078,-2.960445,-13.216533,-10.268520,2.396285,-10.268520,6.808603,9.734244,3.622570,1,-0.165642
347.485471,-2.250000,-2.414757,-11.447112,9.257059,-10.935518,-8.795030,2.396285,-8.795030,8.219503,10.634261,3.137951,1,-0.164757
347.684504,-1.910000,-1.908185,-9.962233,16.773880,-9.281281,-7.595063,2.026694,-7.595063,8.499845,10.408030,2.482975,1,0.001815
347.882482,-1.560000,-1.781879,-8.908709,11.924921,-7.331909,-5.960557,2.159752,-5.960557,8.366222,10.148101,2.874688,1,-0.221879
348.082744,-1.320000,-2.852919,-7.866762,13.986203,-5.999032,-3.922709,3.010188,-3.922709,9.282573,12.135491,3.658578,1,-1.532919
348.282484,-1.170000,-2.976663,-7.106253,18.563494,-5.161416,-1.493699,4.640136,-1.493699,9.682817,12.659479,2.570003,1,-1.806663
348.481423,-1.230000,-3.949504,-6.409773,-8.399981,-5.926749,-4.769591,1.398671,-4.769591,7.622004,11.571507,5.135018,1,-2.719504
348.687736,-1.370000,-3.909712,-5.469222,1.989525,-5.548044,-3.919402,1.589231,-3.919402,8.318652,12.228364,3.686951,1,-2.539711
348.881623,-1.500000,-3.461339,-5.105128,5.759081,-4.843990,-4.778345,0.196214,-4.778345,8.077742,11.539081,3.084493,1,-1.961339
349.081420,-1.760000,-4.021345,-4.492565,13.253641,-4.324059,-1.973313,2.434999,-1.973313,8.481269,12.502613,3.767413,1,-2.261345
349.282879,-1.870000,-3.825649,-4.221383,9.142633,-3.209511,-1.280448,2.434999,-1.280448,7.864960,11.690609,3.900876,1,-1.955649
349.483821,-1.980000,-2.472248,-3.918741,18.025215,-1.756762,-3.491129,-0.653378,-3.491129,9.371519,11.843767,4.585876,1,-0.492248
349.681710,-1.970000,-2.350469,-3.286463,10.560117,-1.706039,-4.036761,-1.422855,-4.036761,7.836462,10.186931,1.156365,1,-0.380469
349.884500,-1.920000,-2.660601,-3.043323,6.257970,-2.159062,-1.552173,1.049019,-1.552173,8.286663,10.947264,1.537193,1,-0.740601
350.083499,-2.300000,-2.594206,-2.824538,8.641835,-1.916903,-1.029942,1.340779,-1.029942,8.545845,11.140051,4.040221,1,-0.294206
350.295531,-2.690000,-3.250695,-2.639376,1.371581,-3.182736,-1.613741,1.297315,-1.613741,6.872002,10.122696,2.281959,1,-0.560694
350.480410,-2.650000,-4.411009,-2.670291,-4.239670,-4.619089,-0.992796,2.651894,-0.992796,7.353931,11.764940,3.944848,1,-1.761009
350.680548,-2.380000,-4.103890,-2.656731,0.575704,-5.286893,-0.906610,3.065202,-0.906610,6.891226,10.995116,4.681278,1,-1.723890
350.879810,-2.170000,-3.963944,-2.615925,4.395259,-4.565426,-1.181194,2.409482,-1.181194,8.169989,12.133932,3.749515,1,-1.793944
351.083561,-2.140000,-3.633698,-2.377821,-5.697938,-3.868545,-0.494217,2.628966,-0.494217,7.106719,10.740417,0.855665,1,-1.493698
351.281739,-2.100000,-1.350638,-2.216606,0.722491,-3.285805,1.767066,4.518271,1.767066,8.636594,9.987232,2.969974,1,0.749362
351.482505,-1.950000,-1.340838,-2.200242,-11.815858,-2.879534,2.790616,5.330504,2.790616,7.833735,9.174573,1.930550,1,0.609162
351.680496,-1.700000,-0.609104,-1.833499,-1.377786,-2.942693,2.942408,5.330504,2.942408,8.142928,8.752032,1.974816,1,1.090896
351.884508,-1.790000,-0.526508,-2.057468,-5.651529,-1.912590,1.339535,3.324564,1.339535,8.525177,9.051685,3.518863,1,1.263492
352.081502,-1.750000,-0.632461,-1.876533,-18.174982,-2.419371,1.335165,3.483117,1.335165,6.853330,7.485791,2.867686,1,1.117539
352.281426,-1.500000,-1.531200,-1.767940,-2.787202,-2.864961,-1.944304,0.372146,-1.944304,9.166449,10.697649,3.684709,1,-0.031200
352.485280,-1.190000,-2.649622,-1.716698,-6.990395,-3.134502,-2.641768,-0.216168,-2.641768,8.838794,11.488416,3.243322,1,-1.459622
352.681542,-0.980000,-2.818245,-1.593666,-8.697509,-2.794340,-0.983204,1.210799,-0.983204,8.762671,11.580915,2.930607,1,-1.838245
352.881558,-0.760000,-3.104780,-1.428841,-5.794228,-2.595773,-1.118649,0.956861,-1.118649,8.889889,11.994669,4.802182,1,-2.344780
353.081847,-0.590000,-3.534587,-1.257619,1.952729,-2.826877,-2.453063,-0.410814,-2.453063,10.177833,13.712420,4.832028,1,-2.944587
353.284643,-0.470000,-3.423704,-1.060613,-10.993803,-3.681211,-2.171244,0.199668,-2.171244,9.243818,12.667522,2.819789,1,-2.953704
353.479528,-0.330000,-2.016287,-0.922309,-10.325584,-2.190057,-0.827070,0.729113,-0.827069,9.083389,11.099676,5.266350,1,-1.686287
353.680856,-0.540000,-2.512088,-0.731371,-17.012211,-2.310262,-3.427324,-1.906507,-3.427324,8.075886,10.587974,3.285167,1,-1.972088
353.883512,-1.060000,-2.869094,-0.757286,-12.789130,-0.635674,-2.818321,-2.121841,-2.818321,8.002934,10.872028,3.548464,1,-1.809094
354.079496,-1.460000,-3.626765,-0.709196,-3.054218,-1.143156,-1.309523,-0.383347,-1.309523,8.447831,12.074596,4.785361,1,-2.166765
354.279838,-1.550000,-4.932993,-0.695301,-18.799660,-1.950447,-1.861506,-0.538632,-1.861506,6.107359,11.040352,3.933770,1,-3.382993
354.482498,-1.480000,-4.548756,-0.704744,7.335629,-0.871196,-2.897001,-2.109031,-2.897001,8.330296,12.879051,4.396471,1,-3.068756
354.686507,-1.310000,-3.791415,-0.635110,-2.095290,0.136077,-4.813209,-4.563693,-4.813209,7.704942,11.496357,3.099494,1,-2.481415
354.880755,-1.140000,-4.875237,-0.575475,-5.072348,-1.626167,-5.793180,-4.692359,-5.793180,7.885136,12.760372,5.412113,1,-3.735237
355.081795,-0.520000,-5.174449,-0.530350,-19.542952,-2.248788,-7.643687,-6.254118,-7.643687,7.222158,12.396607,4.130955,1,-4.654449
355.283782,0.620000,-3.774432,-0.296567,-12.257217,-1.242727,-5.234356,-4.464709,-5.234356,9.081231,12.855663,2.694585,1,-4.394433
355.479612,2.080000,-2.304526,-0.176760,-5.724063,-0.633023,-3.154463,-2.749571,-3.154463,10.497802,12.802328,1.919097,1,-4.384526
355.680849,3.830000,0.892540,0.192536,-12.609558,1.173182,-3.735377,-4.418236,-3.735377,12.550872,11.658332,4.185524,1,-2.937460
355.879523,5.470000,1.862311,0.777611,9.730612,2.213123,-1.081609,-2.576976,-1.081609,15.839770,13.977459,4.192349,1,-3.607689
356.081494,7.120000,2.587409,1.398765,-14.361691,1.222843,-2.736417,-4.047221,-2.736417,16.009251,13.421841,2.935452,1,-4.532590
356.284634,8.570000,3.901708,2.399122,12.034396,2.492879,-1.671440,-4.117440,-1.671440,18.931410,15.029702,2.863840,1,-4.668292
356.480510,9.890000,5.417156,2.671149,0.024621,3.665686,0.637929,-2.530488,0.637929,19.092655,13.675499,1.958158,1,-4.472845
356.680514,11.050000,6.135870,4.104617,-5.891263,4.268446,0.867156,-3.319376,0.867156,20.851419,14.715549,3.308033,1,-4.914130
356.879452,12.170000,7.559670,4.865102,4.664114,4.742939,1.773901,-3.030119,1.773901,23.198124,15.638454,3.948919,1,-4.610330
357.083498,13.280000,8.397131,6.009669,9.577762,5.575035,4.426179,-1.366172,4.426179,24.597321,16.200190,4.446350,1,-4.882869
357.280547,14.300000,8.833494,7.128696,12.454883,6.527044,6.025615,-0.802255,6.025615,25.207050,16.373556,1.768251,1,-5.466506
357.484461,15.200000,9.257866,7.529921,14.737676,6.519144,7.866732,0.842200,7.866732,26.267000,17.009134,0.269444,1,-5.942134
357.678665,15.570000,8.478612,8.959161,8.850096,7.035235,3.832086,-4.165112,3.832085,27.764801,19.286190,4.547579,1,-7.091388
357.879770,15.920000,9.922798,9.739361,5.886357,8.866203,5.124420,-4.050094,5.124420,26.895399,16.972601,2.799658,1,-5.997202
358.079693,16.290001,11.283751,10.705791,25.420015,9.936589,9.150197,-1.170993,9.150197,29.446360,18.162609,2.393225,1,-5.006250
358.279469,16.410000,10.059776,11.605841,11.947587,9.957524,10.048589,-0.733094,10.048589,28.658863,18.599087,1.189138,1,-6.350224
358.479691,16.430000,10.212364,11.987849,17.141691,9.714334,10.117997,-0.733094,10.117997,28.203434,17.991070,0.488804,1,-6.217636
358.681912,16.400000,12.039965,12.959487,20.054701,9.990335,14.011166,2.536255,14.011167,29.178879,17.138914,3.961500,1,-4.360035
358.880868,16.590000,13.409773,13.576239,9.088650,10.784302,15.275359,3.095089,15.275358,27.400434,13.990662,2.152727,1,-3.180227
359.086509,16.540001,13.913498,13.791057,17.665094,11.848451,13.872445,1.052691,13.872446,28.517128,14.603630,1.709776,1,-2.626503
359.280249,16.440001,12.732857,14.269913,-8.156596,10.606485,10.235378,-2.202821,10.235378,26.306356,13.573500,2.582979,1,-3.707144
359.485328,16.430000,12.371883,14.042876,1.093507,11.512654,10.705427,-2.237668,10.705427,25.797045,13.425161,0.297031,1,-4.058117
359.685690,16.430000,12.937839,14.739836,14.937406,12.493045,12.654700,-0.961739,12.654700,29.817060,16.879223,4.478775,1,-3.492162
359.885517,16.379999,12.231505,14.844223,15.151602,12.058347,12.340616,-1.151516,12.340616,27.744745,15.513240,0.524813,1,-4.148494
360.079485,16.400000,12.070059,15.357494,4.059762,13.499399,12.869110,-1.559337,12.869110,26.912071,14.842012,2.304014,1,-4.329941
360.279480,16.330000,12.152276,15.464536,4.952920,13.072259,11.953080,-2.315317,11.953080,26.763353,14.611077,1.892080,1,-4.177724
360.493011,16.309999,12.530319,15.022188,16.274233,14.323232,13.928272,-0.977160,13.928271,28.368595,15.838276,1.649824,1,-3.779680
360.679623,16.260000,10.817435,15.810596,11.295094,12.393877,10.089993,-4.012243,10.089993,27.920509,17.103073,0.723764,1,-5.442565
360.880820,16.190001,11.407513,15.645209,11.790839,13.434813,10.262314,-4.277697,10.262314,26.708933,15.301420,0.823103,1,-4.782488
361.084657,15.980000,10.021987,16.004313,13.179977,11.772458,14.313637,0.425251,14.313637,27.266834,17.244846,2.421410,1,-5.958013
361.279544,15.860000,10.111989,15.986201,24.429790,11.642568,14.701928,0.887543,14.701929,29.325056,19.213066,0.523561,1,-5.748011
361.516954,15.740000,10.078597,15.359262,9.262871,11.651720,16.244162,2.371439,16.244162,26.227257,16.148659,0.824926,1,-5.661403
361.683483,15.650000,10.193507,16.218042,22.897188,11.321239,16.141079,2.371439,16.141079,28.876368,18.682861,0.708666,1,-5.456492
361.880495,15.520000,9.554511,16.171230,23.499992,11.200080,14.061995,0.376339,14.061995,29.352818,19.798306,0.449051,1,-5.965489
362.082501,15.380000,9.230493,16.093479,23.904470,11.667656,16.588076,2.707508,16.588076,29.006922,19.776428,0.177654,1,-6.149508
362.280775,15.320000,9.715600,16.011234,37.463272,11.589462,17.743502,3.943154,17.743502,30.613165,20.897564,3.053911,1,-5.604400
362.524321,15.190000,10.675013,15.071292,46.023685,12.513619,20.237368,5.983532,20.237368,33.067936,22.392923,7.854879,1,-4.514987
362.683493,15.110000,11.111047,16.058897,29.646191,12.989666,18.989103,4.464822,18.989103,29.865801,18.754753,5.099463,1,-3.998953
362.883758,15.110000,11.404959,15.997550,26.007074,13.297616,15.384573,0.736989,15.384573,29.845245,18.440287,4.893679,1,-3.705041
363.084737,15.100000,10.577666,15.925286,24.916281,12.132573,16.808109,2.779180,16.808109,30.436819,19.859154,1.647387,1,-4.522334
363.280478,15.090000,10.400849,15.888446,21.261614,12.574943,15.789586,1.557892,15.789586,30.479187,20.078339,2.134607,1,-4.689151
363.528641,15.060000,10.778131,14.990132,37.729935,13.756815,15.437141,0.566979,15.437141,32.154167,21.376038,7.458643,1,-4.281870
363.681785,15.040000,12.301609,15.976630,29.007492,15.300479,16.205534,0.566979,16.205534,30.062551,17.760942,9.049606,1,-2.738391
363.885660,15.020000,11.866673,15.897986,42.003910,15.106789,17.484747,1.982358,17.484747,34.068836,22.202164,1.647560,1,-3.153328
364.080555,14.890000,13.336610,15.936910,20.508112,15.311147,17.027229,1.403201,17.027229,30.370205,17.033596,7.732430,1,-1.553391
364.279629,14.800000,13.672272,15.842301,18.227057,15.570724,19.196857,3.490345,19.196857,32.237358,18.565086,5.193703,1,-1.127728
364.481050,14.730000,13.709302,15.846911,20.200642,15.054278,17.438152,1.987558,17.438152,30.500698,16.791397,7.112053,1,-1.020698
364.684473,14.650000,12.858649,15.649963,13.233307,14.709294,15.266009,0.086381,15.266009,30.470547,17.611897,6.960957,1,-1.791350
364.880476,14.570000,12.851896,15.721053,14.344617,14.266951,13.095012,-1.898990,13.095012,30.260113,17.408216,7.577665,1,-1.718103
365.094596,14.560000,12.914337,15.539500,12.343728,14.429300,12.935125,-2.049275,12.935125,29.649647,16.735310,5.670578,1,-1.645663
365.279482,14.700000,12.797917,15.419306,10.436274,14.523187,15.538749,0.567502,15.538748,30.402792,17.604874,5.657286,1,-1.902082
365.483482,14.710000,12.566320,15.522005,21.202314,13.963942,14.342448,-0.400525,14.342448,32.442585,19.876265,2.067074,1,-2.143680
365.683649,14.670000,13.529202,15.578356,7.449843,14.831204,15.457208,0.252428,15.457209,29.295959,15.766758,6.692280,1,-1.140799
365.878848,14.480000,13.338530,15.417308,13.187876,14.756819,14.244987,-0.858950,14.244987,29.883957,16.545427,4.078867,1,-1.141470
366.082177,14.280000,14.259096,15.463306,22.584213,14.822977,15.236002,0.092860,15.236002,31.001717,16.742620,2.446470,1,-0.020904
366.278647,14.150000,13.380752,15.106428,18.777517,13.514519,15.239754,0.929281,15.239754,30.028996,16.648243,2.579485,1,-0.769248
366.479573,14.020000,13.169891,14.960633,14.582391,13.316030,15.067612,0.929281,15.067612,28.824635,15.654743,4.071564,1,-0.850109
366.684509,14.090000,14.731709,15.005577,-2.303475,12.661016,15.767025,1.933729,15.767026,28.067636,13.335927,7.103043,1,0.641709
366.884677,14.260000,14.868004,14.768548,5.110039,12.840396,16.942242,3.137770,16.942242,28.797396,13.929392,5.748953,1,0.608004
367.079630,14.460000,14.816221,14.750808,6.953382,13.171041,15.646169,1.685244,15.646169,29.325151,14.508930,3.845972,1,0.356221
367.280578,14.790000,14.552434,14.961968,-1.664656,13.975637,18.075285,3.606481,18.075285,27.482567,12.930133,6.498484,1,-0.237566
367.479575,15.100000,15.425972,14.868700,13.906819,14.453389,16.985813,2.324767,16.985813,30.536274,15.110302,2.103674,1,0.325972
367.679758,15.190000,16.518711,14.962856,-26.967659,15.536092,18.005758,2.756284,18.005758,27.684330,11.165619,0.000000,1,1.328712
367.882625,15.070000,17.083622,14.898545,23.884583,16.217579,18.652994,3.094932,18.652994,35.123795,18.040173,0.000000,1,2.013622
368.081539,15.040000,16.382494,15.026353,15.192585,15.084628,18.150423,3.094932,18.150423,32.146343,15.763849,0.000000,1,1.342494
368.280018,15.130000,16.668634,15.073816,-6.482334,14.976136,14.147945,-0.877031,14.147946,32.246525,15.577890,0.000000,1,1.538634
368.479593,14.810000,16.878412,15.029131,-16.183798,15.361696,15.611081,0.415667,15.611081,29.135235,12.256823,0.000000,1,2.068412
368.679910,14.520000,16.111731,14.752275,-0.502523,15.517469,17.211178,2.076305,17.211178,26.134544,10.022814,5.107285,1,1.591730
368.880583,14.410000,15.730305,14.885897,-2.201092,15.930935,17.584972,2.176556,17.584972,25.415129,9.684824,7.674452,1,1.320305
369.081513,14.090000,15.338380,14.588035,6.565795,15.818905,14.975226,-0.228244,14.975225,26.870872,11.532493,3.823517,1,1.248380
369.286510,13.450000,16.462288,14.703851,-4.959979,17.008251,17.753679,1.897629,17.753679,24.240301,7.778013,7.387423,1,3.012288
369.478504,12.620000,15.102566,14.600155,-0.464221,16.541759,18.187767,2.616810,18.187767,24.422970,9.320404,4.135023,1,2.482566
369.681713,11.680000,15.178802,14.390034,-27.666327,15.541453,16.347792,1.382047,16.347792,22.984570,7.805768,0.000000,1,3.498801
369.880779,10.600000,13.597266,14.408621,-0.356010,14.480911,14.058993,-0.385772,14.058993,21.516811,7.919545,4.797173,1,2.997266
370.084632,9.340000,12.267362,13.957716,-33.155254,13.482038,11.589985,-2.129892,11.589985,19.263735,6.996373,0.000000,1,2.927361
370.281717,8.010000,10.856097,13.532035,-0.353225,13.359670,11.430780,-2.015072,11.430780,17.875879,7.019782,5.133459,1,2.846097
370.482483,6.670000,9.343819,12.659098,-7.272450,13.432174,8.179279,-5.067400,8.179279,18.985746,9.641928,0.000000,1,2.673819
370.681710,5.350000,9.034000,11.914513,39.495823,12.743484,8.027929,-4.612812,8.027929,25.743784,16.709784,0.000000,1,3.684000
370.883653,4.100000,7.682954,11.266526,19.346138,12.635307,9.701373,-2.249543,9.701373,16.087730,8.404777,2.108719,1,3.582954
371.085395,3.080000,6.071415,10.558422,-8.782394,12.170637,9.302399,-2.062131,9.302399,11.682487,5.611073,6.758751,1,2.991415
371.281731,2.450000,5.680893,9.844202,-22.774681,10.991879,8.064120,-2.353920,8.064120,12.763400,7.082507,0.000000,1,3.230893
371.480479,1.970000,4.912653,9.347713,-13.742856,10.014713,9.858688,0.177475,9.858688,13.181909,8.269255,0.000000,1,2.942653
371.680173,1.500000,1.888665,8.150283,-27.102184,6.991848,4.761077,-2.809989,4.761077,11.975517,10.086853,0.000000,1,0.388665
371.881529,1.130000,2.497447,7.535379,25.991337,7.271203,1.442536,-5.960755,1.442536,13.890285,11.392838,3.126920,1,1.367447
372.081743,0.830000,2.339439,6.794250,9.714497,6.683098,3.924430,-2.814245,3.924430,12.209646,9.870207,0.836524,1,1.509439
372.279707,0.700000,2.150411,6.108045,3.951538,4.741142,1.058589,-4.531835,1.058589,10.675578,8.525167,1.704753,1,1.450411
372.480799,0.680000,2.212306,5.901124,28.916430,4.860619,1.481234,-3.899638,1.481234,14.071929,11.859623,3.828495,1,1.532306
372.687512,0.750000,1.446739,5.069376,-2.294383,3.631796,0.763791,-3.586795,0.763791,13.526579,12.079840,0.000000,1,0.696739
372.881471,0.830000,2.131748,4.695278,-4.817359,3.481342,0.020853,-4.067457,0.020853,14.432363,12.300615,0.000000,1,1.301748
373.087640,0.840000,1.003916,4.190128,37.956905,2.137733,-0.259527,-3.423458,-0.259527,19.472744,18.468828,0.000000,1,0.163916
373.285506,0.740000,1.850347,3.750420,14.231866,3.572346,4.337899,0.676516,4.337899,12.936665,11.086318,2.083102,1,1.110347
373.483478,0.660000,1.589539,3.467253,12.706929,2.623067,3.606194,0.446492,3.606194,16.700544,15.111006,0.000000,1,0.929539
373.683635,0.530000,1.135352,3.240135,-35.381477,1.818863,2.975991,0.446492,2.975991,9.449938,8.314586,0.000000,1,0.605352
373.883636,0.450000,1.242397,2.997580,27.371550,1.125576,0.081266,-1.980312,0.081266,14.574001,13.331605,6.386005,1,0.792397
374.080570,0.470000,1.211348,2.701164,-1.832798,0.862360,-1.532806,-3.314568,-1.532806,11.336381,10.125032,0.827715,1,0.741348
374.279881,0.460000,1.394000,2.490587,-5.671628,-0.401988,-7.413130,-8.457430,-7.413130,10.566352,9.172352,2.033714,1,0.934000
374.480903,0.450000,2.115514,2.433039,0.328291,0.977772,-6.137599,-7.843005,-6.137599,10.964321,8.848806,1.348521,1,1.665514
374.680325,0.410000,0.650397,2.157411,-4.430221,0.133387,-4.630064,-5.775463,-4.630064,14.076914,13.426517,0.000000,1,0.240397
374.880719,0.340000,0.360286,2.030037,3.138824,0.117296,-8.044312,-9.117979,-8.044312,14.391850,14.031564,0.000000,1,0.020286
375.085637,0.300000,-0.260274,1.844477,32.126152,-0.347361,-5.527622,-6.276179,-5.527622,20.017870,20.278145,0.000000,1,-0.560274
375.280562,0.240000,-1.080614,1.759339,28.844511,-0.998765,-3.154173,-3.534460,-3.154173,19.322218,20.402832,0.000000,1,-1.320614
375.488081,0.230000,0.590752,1.712731,25.790340,0.142047,1.495153,0.567764,1.495153,18.733715,18.142963,0.000000,1,0.360752
375.680563,0.200000,1.058115,1.563097,23.085989,-0.689645,-1.705231,-2.141957,-1.705231,19.016962,17.958847,0.000000,1,0.858115
375.881536,0.110000,0.814138,1.512726,20.325512,-0.341637,-2.441675,-3.027220,-2.441675,19.022505,18.208366,0.000000,1,0.704138
376.079602,0.010000,0.670152,1.405416,18.036543,-0.402620,-0.253486,-0.754885,-0.253486,19.865385,19.195232,0.000000,1,0.660152
376.281510,-0.050000,1.573078,1.274110,15.950814,0.716787,-2.538072,-3.533521,-2.538072,21.040043,19.466965,0.000000,1,1.623078
376.479544,0.030000,1.728211,1.238731,14.226521,1.389554,-2.228423,-3.542565,-2.228423,20.248182,18.519972,0.000000,1,1.698211
376.684634,0.060000,1.651622,1.179742,-33.544361,1.409766,-2.247811,-3.542565,-2.247811,11.384375,9.732752,0.000000,1,1.591622
376.880418,0.050000,1.047870,1.239918,-30.712765,0.615334,-2.596366,-3.523992,-2.596366,13.271683,12.223813,0.000000,1,0.997870
377.079486,0.010000,2.004864,1.047894,-6.919844,1.287147,-4.962370,-6.129891,-4.962370,11.539909,9.535045,1.031071,1,1.994864
377.288644,-0.050000,1.190819,1.004521,-38.270302,1.008818,-0.943475,-1.950144,-0.943475,12.113274,10.922455,0.000000,1,1.240819
377.489515,-0.070000,0.997007,1.081829,-12.931972,1.259184,2.845024,1.674518,2.845024,10.142639,9.145633,0.839555,1,1.067007
377.709697,-0.080000,2.155303,0.872480,-1.610007,1.775932,0.809700,-0.519946,0.809700,15.105887,12.950584,0.000000,1,2.235303
377.881716,-0.100000,2.527184,0.964582,-29.308437,3.071578,3.941197,1.923118,3.941197,11.403623,8.876439,0.000000,1,2.627183
378.088505,-0.130000,4.751059,0.933406,0.261709,4.251670,4.589839,1.997301,4.589839,14.184382,9.433323,0.000000,1,4.881059
378.279669,-0.220000,3.639596,0.876555,23.547491,4.298785,3.766021,1.178351,3.766021,20.059595,16.420000,0.000000,1,3.859596
378.479554,-0.260000,4.064200,0.833145,22.107267,3.100754,2.484028,0.517078,2.484028,17.242384,13.178184,0.000000,1,4.324201
378.681104,-0.360000,4.320910,0.791315,20.847317,2.922963,3.640410,1.755889,3.640411,16.360165,12.039255,0.000000,1,4.680910
378.884639,-0.480000,5.425517,0.873389,-48.773144,2.434721,3.226935,1.572880,3.226936,9.439651,4.014134,0.000000,1,5.905517
379.082521,-0.540000,4.927556,0.778711,24.165787,1.229136,1.663618,0.659695,1.663618,20.346365,15.418809,0.000000,1,5.467556
379.279586,-0.560000,5.348205,0.609562,-24.734768,1.695198,-0.526249,-1.678629,-0.526249,11.721473,6.373268,0.000000,1,5.908205
379.488636,-0.610000,5.433700,0.660831,-9.500793,2.916072,-2.593730,-4.382182,-2.593730,9.082628,3.648928,0.734267,1,6.043700
379.679668,-0.630000,5.028764,0.425445,27.796352,2.259379,-2.205757,-3.574667,-2.205757,19.853775,14.825011,0.000000,1,5.658764
379.880580,-0.610000,3.690214,0.532836,-15.123542,2.364360,-5.209984,-6.658582,-5.209984,6.862680,3.172466,5.982972,1,4.300214
380.084637,-0.510000,4.005216,0.463615,-1.288253,2.810177,-8.407742,-10.044638,-8.407742,10.125388,6.120172,0.638593,1,4.515216
380.278635,-0.450000,4.062260,0.416816,-25.179338,1.894967,-5.222871,-6.378763,-5.222871,6.917740,2.855480,5.348417,1,4.512259
380.480241,-0.520000,3.835626,0.401780,-9.093996,1.749529,-3.421379,-4.497034,-3.421379,10.122103,6.286477,0.399325,1,4.355626
380.686951,-0.560000,4.080029,0.300039,-17.927860,0.774762,-3.927080,-4.476212,-3.927080,7.860012,3.779984,4.563109,1,4.640028
380.883745,-0.570000,4.032662,0.225143,-30.692329,2.580666,-3.073307,-4.476212,-3.073307,5.012959,0.980297,4.090524,1,4.602662
381.084649,-0.600000,3.064320,0.232109,-22.884678,2.275015,-5.197065,-6.450627,-5.197065,5.958767,2.894447,7.153286,1,3.664320
381.279590,-0.470000,4.570636,0.338701,-6.617687,2.870190,-3.954521,-5.558966,-3.954521,8.207529,3.636893,3.963788,1,5.040636
381.483748,-0.320000,3.862174,0.205476,-22.784876,1.344899,-8.247199,-9.022387,-8.247199,6.664948,2.802775,7.235997,1,4.182174
381.720093,-0.240000,3.872414,0.391086,-40.392685,0.760913,-7.983391,-8.482638,-7.983392,3.174736,-0.697678,0.519408,1,4.112414
381.883189,-0.240000,2.729963,0.391010,-8.837871,-0.158328,-8.366297,-8.482638,-8.366297,6.107975,3.378013,0.477705,1,2.969963
382.081506,-0.280000,3.266850,0.311840,-0.287256,1.133893,-6.918126,-7.640993,-6.918126,7.809359,4.542509,4.920859,1,3.546850
382.279596,-0.320000,4.454434,0.309003,1.434932,1.033554,-5.710570,-6.381849,-5.710570,7.915225,3.460791,4.282145,1,4.774434
382.481115,-0.370000,4.281083,0.366071,-10.293977,0.370325,0.368198,-3.140542,0.368198,4.791970,0.510887,3.035033,1,4.651083
382.720212,-0.390000,3.871462,0.363173,-29.748127,-0.190103,0.086535,-3.392108,0.086535,3.104072,-0.767391,4.386436,1,4.261462
382.879482,-0.500000,2.680431,0.336054,1.946977,-1.385573,-0.524760,-8.114470,-0.524760,6.829702,4.149271,6.529750,1,3.180431
383.079501,-0.540000,2.434247,0.163688,5.270370,-0.929633,-0.382973,-8.114470,-0.382973,6.645104,4.210857,6.361635,1,2.974247
383.281492,-0.510000,2.166256,0.290771,4.616436,-1.548783,-7.002774,-6.373767,-7.002774,7.307001,5.140744,4.736033,1,2.676256
383.479560,-0.550000,2.552804,0.329081,7.775060,0.124642,-4.008919,-4.235781,-4.008919,7.532812,4.980008,5.157586,1,3.102804
383.723724,-0.620000,3.322953,0.239340,9.719233,0.153417,-2.870301,-3.066679,-2.870301,7.679925,4.356973,3.997309,1,3.942953
383.880560,-0.640000,1.822880,0.361733,-38.371208,-1.159047,-1.493933,-1.095276,-1.493933,1.712225,-0.110655,1.480946,1,2.462880
384.079867,-0.700000,1.649231,0.288653,-12.929527,-1.649808,-3.963425,-3.282847,-3.963425,5.339880,3.690649,0.144756,1,2.349231
384.284645,-0.760000,0.819457,0.390001,28.427145,-2.517986,-5.768606,-4.704614,-5.768606,10.382211,9.562754,0.892336,1,1.579457
384.481302,-0.910000,1.326790,0.354592,8.817272,-0.334960,-4.107880,-4.117696,-4.107880,8.187727,6.860937,2.305699,1,2.236790
384.729045,-1.040000,1.494845,0.277569,-3.909770,-1.429400,-5.767579,-5.191663,-5.767579,6.172447,4.677602,5.793758,1,2.534845
384.879603,-1.130000,0.291030,0.149784,18.024151,-0.265451,-5.249496,-5.191663,-5.249496,8.021340,7.730310,2.481573,1,1.421030
385.078415,-1.190000,1.284648,0.005862,11.992796,0.294456,-5.041504,-5.191663,-5.041504,8.052458,6.767809,2.788112,1,2.474648
385.279656,-1.200000,0.013061,0.068140,-4.351274,-0.001696,-9.773444,-9.806666,-9.773444,6.251546,6.238485,5.405623,1,1.213061
385.481478,-1.220000,0.524082,0.060856,16.549026,-0.552943,-8.188372,-7.942328,-8.188372,8.052136,7.528054,2.261888,1,1.744082
385.975700,-1.200000,1.112382,-0.069339,29.490421,0.721140,-5.914028,-6.259144,-5.914028,10.574824,9.462442,2.861322,1,2.312382
386.078440,-1.060000,1.692166,-0.110072,6.704767,2.335421,1.112674,-6.259144,1.112674,8.645020,6.952854,0.808885,1,2.752166
386.278409,-0.960000,0.871574,-0.140605,20.658922,1.163396,0.511395,-6.259144,0.511395,12.232363,11.360789,4.906402,1,1.831574
386.485518,-0.830000,0.317111,-0.256037,24.317350,1.319794,-6.168951,-6.700830,-6.168951,10.607762,10.290651,2.106174,1,1.147111
386.736957,-0.770000,1.133896,-0.107579,-9.412930,1.588174,-5.645157,-6.385454,-5.645157,7.286217,6.152321,3.857670,1,1.903896
386.878663,-0.760000,0.506307,-0.145155,-2.546887,3.181528,-11.465686,-12.983872,-11.465686,11.658462,11.152154,0.000000,1,1.266307
387.078463,-0.660000,0.261552,-0.114631,-41.795406,4.168941,-10.956717,-12.983872,-10.956717,8.254291,7.992739,0.000000,1,0.921552
387.279604,-0.610000,0.909575,-0.023964,-28.283478,4.077103,-11.364417,-13.379735,-11.364417,10.022380,9.112804,0.000000,1,1.519575
387.479613,-0.640000,0.393799,0.050652,4.232262,2.374289,-11.381473,-12.593944,-11.381473,10.309746,9.915947,1.585549,1,1.033799
387.681646,-0.640000,0.402344,0.104635,-7.059447,3.375888,-9.892176,-11.632438,-9.892176,12.960019,12.557674,0.000000,1,1.042344
387.879824,-0.570000,0.565744,0.125277,-5.145783,2.833038,-10.712731,-12.126024,-10.712731,11.673486,11.107741,0.000000,1,1.135744
388.080570,-0.480000,0.124063,0.011029,37.418968,3.236011,-5.377892,-7.001413,-5.377892,18.905184,18.781120,0.000000,1,0.604063
388.278426,-0.410000,-0.194259,0.095988,-15.725546,3.340240,1.718114,-10.023305,1.718114,11.633761,11.828020,0.000000,1,0.215741
388.478626,-0.310000,0.427314,0.044644,10.164921,2.833974,1.439309,-10.023305,1.439309,14.052580,13.625266,0.000000,1,0.737314
388.678476,-0.250000,0.115262,0.116795,-29.523111,2.223140,1.169967,-10.023305,1.169967,10.661064,10.545802,0.000000,1,0.365262
388.882633,-0.220000,-1.614227,0.180562,-23.629955,1.518088,-7.603807,-8.453132,-7.603807,10.549647,12.163874,0.000000,1,-1.394227
389.079583,-0.190000,-1.320661,0.325764,29.625605,2.391519,-9.070481,-10.429123,-9.070481,16.369781,17.690443,0.000000,1,-1.130661
389.279559,-0.170000,-1.929103,0.398116,35.419498,1.965113,-5.743083,-6.924697,-5.743083,18.239107,20.168211,0.000000,1,-1.759103
389.481805,-0.200000,-2.809908,0.432266,33.155125,0.700165,-2.857370,-3.423585,-2.857370,20.312668,23.122576,0.000000,1,-2.609908
389.679650,-0.220000,-2.107081,0.475837,32.379189,-0.762770,-1.559822,-1.416356,-1.559822,18.358362,20.465443,0.000000,1,-1.887081
389.879832,-0.260000,-0.531513,0.518664,4.203049,-0.136521,-0.894458,-1.085529,-0.894458,15.201163,15.732677,0.000000,1,-0.271513
390.078463,-0.270000,0.375143,0.581754,30.264709,0.134921,-1.659906,-2.018243,-1.659906,19.811079,19.435936,0.000000,1,0.645143
390.281222,-0.210000,-0.556012,0.423093,28.680149,1.251553,0.495345,-0.341978,0.495345,18.850296,19.406307,0.000000,1,-0.346012
390.479553,-0.010000,0.064014,0.598316,28.686775,1.308355,3.607342,2.656603,3.607342,19.462847,19.398832,0.000000,1,0.074014
390.679590,0.090000,-1.420136,0.602934,-16.724882,0.242944,2.481744,2.058805,2.481744,13.972172,15.392308,0.000000,1,-1.510136
390.879616,0.040000,-2.352362,0.730729,29.272863,0.019810,-2.569135,-2.944404,-2.569135,19.474373,21.826735,0.000000,1,-2.392362
391.079857,-0.110000,-3.328144,0.685706,-32.710144,-1.017535,0.026318,0.192233,0.026318,10.302197,13.630341,0.000000,1,-3.218144
391.282647,-0.240000,-4.032825,0.755554,28.800671,-1.975700,0.708002,1.318075,0.708002,20.086912,24.119738,0.000000,1,-3.792825
391.484510,-0.330000,-3.142551,0.600064,26.754557,-1.332557,-0.694126,-0.376574,-0.694126,19.861847,23.004398,0.000000,1,-2.812551
391.679486,-0.360000,-3.325251,0.701158,10.309474,-1.423710,0.499996,0.861272,0.499996,16.470501,19.795752,0.000000,1,-2.965250
391.878434,-0.360000,-4.518107,0.569779,-15.178331,-2.832452,-2.172301,-1.040965,-2.172301,8.750525,13.268633,2.675715,1,-4.158107
392.079581,-0.280000,-4.817306,0.678260,1.856677,-2.397274,-2.990984,-2.131478,-2.990984,11.130019,15.947325,2.167610,1,-4.537305
392.283764,-0.140000,-4.589760,0.676509,-8.214069,-2.396034,-3.077535,-2.217773,-3.077535,9.382249,13.972009,1.950858,1,-4.449760
392.487511,-0.020000,-4.157705,0.724618,-10.058580,-2.147286,-4.509837,-3.798503,-4.509837,10.022904,14.180609,0.136866,1,-4.137705
392.680739,0.100000,-3.562213,0.830912,27.563190,-2.864724,-2.614353,-1.523410,-2.614353,17.810448,21.372662,0.000000,1,-3.662213
392.885646,0.190000,-3.194569,0.809387,28.023506,-4.547340,-6.476530,-4.607553,-6.476530,19.904331,23.098900,0.000000,1,-3.384569
393.078605,0.290000,-2.670893,0.898214,27.530327,-3.762766,-5.261429,-3.829153,-5.261429,19.734533,22.405426,0.000000,1,-2.960893
393.279577,0.280000,-2.350404,0.871435,10.200060,-3.450361,-4.605791,-3.316328,-4.605791,12.634286,14.984690,4.160611,1,-2.630404
393.480559,0.150000,-3.215799,0.900050,-4.887900,-3.774125,-7.393431,-5.956394,-7.393431,11.214326,14.430124,0.997235,1,-3.365799
393.678439,0.090000,-3.071466,0.903242,-6.281501,-1.924625,-4.192624,-3.681933,-4.192624,9.342112,12.413578,2.316671,1,-3.161466
393.883505,0.010000,-3.012444,0.695142,-47.783333,-0.976035,-3.874932,-3.734485,-3.874932,5.463426,8.475869,0.000000,1,-3.022444
394.079490,0.060000,-2.891317,0.790970,-15.204466,-1.613004,-4.186953,-3.734485,-4.186953,8.751349,11.642667,3.674758,1,-2.951317
394.283768,0.030000,-2.355024,0.640498,-8.978922,-0.465961,-4.428811,-4.516079,-4.428811,8.383845,10.738870,4.789834,1,-2.385024
394.478783,-0.030000,-0.766451,0.804545,-7.431375,0.554614,-4.941901,-5.621480,-4.941901,9.460460,10.226912,2.109196,1,-0.736452
394.680479,-0.070000,-0.579199,0.697067,-3.713046,1.060572,-1.445382,-2.324202,-1.445382,8.253041,8.832240,3.395920,1,-0.509199
394.879859,-0.100000,-0.899823,0.673353,-0.544579,0.128396,-1.939687,-2.324202,-1.939687,9.665804,10.565627,1.867926,1,-0.799823
395.082656,-0.070000,-1.337317,0.772667,4.116296,-2.820709,-3.397537,-2.373516,-3.397537,9.998901,11.336218,0.457089,1,-1.267317
395.280555,-0.030000,-1.351339,0.679640,-10.568792,-2.861966,-4.191007,-3.099844,-4.191007,9.510312,10.861650,1.350803,1,-1.321339
395.478662,-0.080000,-3.099126,0.721204,17.095690,-2.722067,-0.662536,0.293461,-0.662536,11.241723,14.340849,2.458301,1,-3.019126
395.680562,-0.180000,-3.755898,0.689446,21.616327,-2.883801,-4.338226,-3.241049,-4.338226,11.254755,15.010653,1.830233,1,-3.575898
395.882511,-0.320000,-4.493007,0.551276,2.188348,-3.189360,-4.557743,-3.327402,-4.557743,9.923254,14.416261,0.753589,1,-4.173007
396.078487,-0.500000,-4.416018,0.684086,9.855116,-1.801471,-5.769317,-5.210624,-5.769317,16.223080,20.639097,0.000000,1,-3.916018
