time_s,g5_pitch,ahrs_pitch,accel_pitch,raw_accel_pitch,gps_longitudinal_accel_mps2,accel_magnitude_mps2,accel_sample_accepted,accel_sample_age_ms,gps_longitudinal_compensation_valid,error
96.081421,-5.790000,0.000000,0.000000,0.000000,0.000000,0.000000,0,4294967295,0,5.790000
96.281412,-5.690000,-0.240039,0.000000,0.000000,-0.175986,12.013942,0,4294967295,0,5.449961
96.493507,-5.810000,-0.455852,-21.273785,-20.787155,0.076126,8.936907,1,9,1,5.354148
96.687637,-5.920000,-1.968646,-21.260010,-22.461401,-0.186743,15.125666,0,43,0,3.951355
96.883576,-5.900000,-3.445139,-20.044071,-20.624743,-0.090737,11.677103,0,22,0,2.454861
97.082629,-5.880000,-3.121476,-19.976389,-20.366421,-0.063210,11.239996,1,0,1,2.758524
97.281601,-5.940000,-3.739150,-18.605867,-19.243643,-0.103025,14.166285,0,20,0,2.200850
97.481980,-5.930000,-2.918486,-15.167193,-15.819988,-0.104656,10.247617,1,6,1,3.011514
97.688947,-5.780000,-1.976769,-12.280827,-15.400437,-0.503140,10.550170,1,0,1,3.803232
97.883615,-5.610000,-2.511891,-15.453073,-13.025105,-0.257819,19.703886,0,69,0,3.098109
98.084783,-5.600000,-2.256627,-14.519640,-12.772304,0.280200,14.412533,0,34,0,3.343373
98.281405,-5.750000,-3.735446,-15.415348,-14.636905,0.122227,8.399221,1,12,1,2.014554
98.481482,-5.890000,-2.683032,-15.657144,-16.483543,-0.130152,13.214426,0,42,0,3.206968
98.682579,-5.980000,-3.023733,-15.848361,-16.250191,-0.064327,10.554745,1,0,1,2.956267
98.881412,-6.100000,-2.813096,-15.848775,-14.817756,0.166047,12.946108,0,21,0,3.286904
99.082584,-6.130000,-3.409717,-9.000280,-10.520823,-0.231228,6.019541,0,20,0,2.720284
99.281598,-6.000000,-3.908757,-12.952482,-13.000323,-0.170177,17.560389,0,40,0,2.091243
99.481723,-5.900000,-4.639400,-12.331858,-9.807128,-0.276388,8.137847,0,25,0,1.260600
99.697198,-5.860000,-4.589265,-8.556705,-9.281745,0.046018,18.985144,0,125,0,1.270735
99.883556,-5.860000,-4.116872,-3.616133,-7.042879,-0.069105,15.017786,0,45,0,1.743128
100.081422,-5.810000,-2.995396,-9.136230,-6.987097,0.343532,8.386820,1,14,1,2.814604
100.282911,-5.770000,-3.786674,-6.078717,-8.860099,0.216096,12.148250,0,95,0,1.983326
100.482484,-5.880000,-4.783839,-8.674615,-7.691089,-0.159788,8.149325,0,63,0,1.096161
100.686646,-6.020000,-3.470619,-8.674615,-7.691089,-0.125036,6.815463,0,255,0,2.549381
100.885846,-6.000000,-3.371514,-6.708140,-6.910735,0.074251,14.264840,0,96,0,2.628486
101.082890,-5.800000,-3.253063,-6.708140,-6.910735,-0.384493,6.313647,0,290,0,2.546937
101.296714,-5.910000,-4.566628,-6.709410,-5.356294,-0.174468,16.220387,0,115,0,1.343371
101.486639,-6.070000,-5.135104,-6.046253,-4.989763,0.102595,4.688297,0,75,0,0.934896
101.681404,-6.210000,-4.533226,-8.041891,-7.390828,-0.167399,7.768002,0,117,0,1.676774
101.886143,-6.290000,-4.785497,-6.404563,-4.955315,-0.107552,5.710221,0,61,0,1.504503
102.081623,-6.240000,-3.668367,-4.586228,-5.257308,-0.039138,12.479606,0,152,0,2.571633
102.281410,-6.220000,-4.418775,-4.226659,-3.610716,0.098139,8.657784,1,14,1,1.801225
102.483535,-6.170000,-3.420779,0.465267,-1.339946,0.378837,7.611161,0,25,0,2.749221
102.692690,-6.250000,-2.890704,0.465267,-1.339946,-0.066545,12.385892,0,257,0,3.359296
102.885472,-6.470000,-3.082375,-5.717515,-3.964376,0.135536,13.952560,0,23,0,3.387625
103.086518,-6.600000,-2.646433,-5.717515,-3.964376,0.350304,13.441309,0,235,0,3.953567
103.286517,-6.570000,-1.829565,-3.804535,-3.676556,0.019483,9.244191,1,9,1,4.740435
103.482467,-6.540000,-1.556768,-6.603374,-4.217290,0.366609,12.582981,0,122,0,4.983232
103.688693,-6.550000,-2.127343,-5.637334,-5.567565,0.016469,16.788141,0,148,0,4.422657
103.886770,-6.540000,-2.651309,-5.637334,-5.567565,0.293419,8.570309,1,16,0,3.888691
104.094529,-6.480000,-2.001441,-5.637334,-5.567565,0.186310,8.558012,1,14,0,4.478559
104.287000,-6.500000,-2.515882,-16.190140,-14.877634,-0.277841,14.828252,0,139,0,3.984118
104.487618,-6.460000,-2.151859,-12.340882,-10.618332,0.074548,8.443558,1,6,0,4.308141
104.684484,-6.410000,-2.834479,-11.804484,-11.297272,-0.102665,5.644945,0,121,0,3.575521
104.881679,-6.420000,-2.592558,-13.877102,-13.183697,0.107716,13.088567,0,30,0,3.827442
105.083655,-6.500000,-2.480477,-11.666266,-13.827085,0.303877,7.671139,0,84,0,4.019524
105.282960,-6.530000,-1.265702,-7.573405,-9.852929,-0.344190,10.435955,1,13,1,5.264297
105.481401,-6.500000,-2.397158,-10.976192,-8.688895,0.200834,12.937122,0,20,0,4.102841
105.712730,-6.450000,-1.501053,-8.961285,-7.691746,-0.146446,7.036500,0,236,0,4.948947
105.882567,-6.460000,-3.377575,-8.961285,-7.691746,0.205982,16.055164,0,388,0,3.082425
106.086666,-6.520000,-4.192568,-7.362586,-5.859043,0.236661,10.748097,1,5,1,2.327432
106.281749,-6.620000,-4.480611,-7.185381,-5.798402,-0.007387,15.090838,0,47,0,2.139389
106.481380,-6.670000,-4.256353,-7.588750,-7.643608,-0.008742,13.536641,0,118,0,2.413647
106.701931,-6.630000,-4.369818,-7.588750,-7.643608,-0.187533,8.009132,0,358,0,2.260182
106.886657,-6.660000,-4.699419,-10.222416,-9.151502,0.173888,18.838602,0,45,0,1.960580
107.086649,-6.620000,-4.241250,-6.917250,-8.267098,0.177806,12.122215,0,48,0,2.378750
107.287524,-6.480000,-3.975374,-8.676353,-8.047352,-0.186883,12.107284,0,39,0,2.504626
107.488506,-6.450000,-3.040993,-11.989042,-10.112319,-0.121032,12.626944,0,22,0,3.409007
107.712029,-6.460000,-3.286096,-10.210850,-9.854470,0.055710,10.703715,1,56,1,3.173904
107.881720,-6.410000,-3.466959,-11.859741,-9.274242,0.413503,7.025035,0,29,0,2.943041
108.081667,-6.450000,-4.104443,-6.554148,-8.830823,0.139088,14.923736,0,120,0,2.345557
108.281396,-6.530000,-4.269580,-7.513566,-6.159594,-0.026776,6.852587,0,42,0,2.260420
108.482761,-6.640000,-3.796894,-6.986246,-7.076456,-0.014248,7.990297,0,44,0,2.843106
108.882685,-6.500000,-2.880769,-7.749357,-6.921605,0.132675,12.609125,0,19,0,3.619231
109.081605,-6.450000,-1.478898,-9.855766,-7.881447,-0.333440,13.058689,0,36,0,4.971102
109.281443,-6.540000,-2.026903,-16.562853,-14.808811,0.267184,7.670103,0,30,0,4.513097
109.482792,-6.640000,-1.493041,-10.053690,-10.396993,-0.051734,15.255588,0,52,0,5.146959
109.741959,-6.680000,-2.809266,-12.881517,-12.012429,-0.145068,5.499347,0,94,0,3.870734
109.885162,-6.650000,-2.468871,-9.922512,-10.840634,0.243024,14.353591,0,20,0,4.181129
110.082452,-6.650000,-2.553533,-8.066202,-8.487098,0.198897,6.822790,0,79,0,4.096467
110.284501,-6.660000,-4.179843,-9.405771,-10.244877,0.584433,6.355936,0,66,0,2.480157
110.481490,-6.670000,-3.961565,-13.925271,-14.710590,-0.121992,8.388609,1,0,1,2.708435
110.681479,-6.690000,-4.816203,-15.211253,-15.866572,0.056482,16.714518,0,43,0,1.873797
110.881743,-6.720000,-4.467015,-10.585951,-11.325788,-0.117297,9.750371,1,13,1,2.252985
111.085644,-6.820000,-4.806679,-17.246618,-15.654046,-0.109595,5.350213,0,46,0,2.013321
111.281437,-6.950000,-4.674892,-16.560158,-15.181477,0.222323,10.648053,1,10,1,2.275107
111.481491,-6.920000,-4.956098,-12.872109,-12.848289,0.003883,10.315447,1,0,1,1.963902
111.682321,-6.940000,-4.038479,-16.140337,-14.587121,0.255590,5.697832,0,14,0,2.901521
111.886510,-7.020000,-3.673722,-10.778178,-8.128142,0.429271,12.886798,0,21,0,3.346278
112.086486,-7.030000,-3.541440,-7.149423,-8.793218,0.383695,12.641411,0,100,0,3.488560
112.283504,-7.080000,-2.407906,-10.362684,-7.882135,0.403323,11.036348,1,10,1,4.672094
112.482497,-7.130000,-1.858596,-9.689721,-11.322694,-0.262866,14.602987,0,30,0,5.271404
112.681390,-7.200000,-2.350541,-15.061018,-12.943123,0.095105,4.702773,0,57,0,4.849459
112.888649,-7.190000,-2.555611,-14.023524,-12.092472,0.294243,10.075466,1,0,1,4.634389
113.082554,-7.200000,-2.867294,-10.700325,-10.388639,0.046871,2.940388,0,23,0,4.332705
113.281384,-7.270000,-3.495893,-11.530184,-10.037624,-0.010813,12.022399,0,78,0,3.774107
113.481677,-7.220000,-3.923329,-11.858109,-11.930254,0.310643,6.737761,0,167,0,3.296671
113.684411,-7.100000,-4.440346,-9.392412,-8.430064,0.148641,11.054513,1,0,1,2.659654
113.881730,-7.050000,-3.944940,-8.119574,-7.352904,0.017135,18.267836,0,57,0,3.105060
114.084479,-7.030000,-4.103183,-12.248940,-8.744843,-0.269604,4.636144,0,85,0,2.926817
114.286488,-6.930000,-3.283146,-8.608927,-8.307647,0.046767,5.954027,0,37,0,3.646854
114.484485,-6.790000,-2.956532,-14.542398,-13.152544,0.216190,14.003605,0,127,0,3.833468
114.694502,-6.680000,-2.539253,-12.654033,-11.298601,0.215751,7.611524,0,33,0,4.140747
114.887507,-6.580000,-2.391067,-12.746064,-11.407555,-0.121312,14.006225,0,159,0,4.188933
115.088224,-6.520000,-1.821759,-9.928827,-9.094356,0.133068,9.590013,1,2,1,4.698241
115.283844,-6.480000,-1.433758,-8.523597,-10.319679,0.201791,16.683558,0,115,0,5.046242
115.482673,-6.390000,-1.846653,-10.321344,-10.676810,-0.056868,15.353765,0,51,0,4.543346
115.683622,-6.360000,-2.042553,-6.845475,-9.075389,-0.350780,9.330264,1,0,1,4.317447
115.884481,-6.350000,-2.352269,-4.151909,-6.827605,-0.412756,9.338770,1,0,1,3.997731
116.081464,-6.370000,-2.141599,-3.718846,-6.366155,0.465137,17.119772,0,123,0,4.228400
116.281474,-6.400000,-3.049300,-7.750978,-4.767758,0.124198,14.574896,0,192,0,3.350700
116.482492,-6.390000,-3.643752,-6.309054,-8.262421,-0.289161,15.364763,0,20,0,2.746248
116.682433,-6.370000,-3.250487,-12.449714,-12.492201,-0.002442,12.502317,0,47,0,3.119513
116.886646,-6.340000,-3.406584,-14.558989,-14.575697,-0.223721,17.644176,0,149,0,2.933417
117.082524,-6.350000,-2.904761,-13.468349,-12.489426,-0.044562,5.548855,0,64,0,3.445239
117.281389,-6.360000,-2.533224,-13.260703,-12.332431,0.141309,11.059563,1,0,1,3.826776
117.482271,-6.350000,-3.658550,-11.421677,-12.761520,0.004107,13.580721,0,56,0,2.691450
117.683622,-6.330000,-3.261383,-11.357045,-12.039426,-0.108815,9.278291,1,0,1,3.068617
117.881390,-6.270000,-3.873144,-10.521926,-10.180303,0.056315,8.572813,1,14,1,2.396856
118.088509,-6.200000,-4.672347,-14.449653,-14.181685,-0.109921,7.482159,0,40,0,1.527653
118.281490,-6.110000,-4.986936,-12.970984,-13.651174,0.251986,6.195198,0,171,0,1.123065
118.495507,-6.030000,-5.671499,-9.295171,-11.114049,0.083783,11.865320,0,49,0,0.358501
118.683921,-6.030000,-5.431536,-9.152862,-8.620080,-0.147353,15.713188,0,59,0,0.598464
118.881381,-6.010000,-3.626786,-9.979263,-10.606755,-0.082682,6.708379,0,39,0,2.383214
119.081409,-5.970000,-3.686106,-10.178957,-10.192760,-0.002203,9.883566,1,15,1,2.283894
119.282442,-5.950000,-4.374642,-10.729348,-10.743680,-0.186224,15.833673,0,197,0,1.575358
119.486652,-6.020000,-4.038668,-13.227076,-12.585465,-0.135412,13.580273,0,101,0,1.981332
119.688643,-6.050000,-6.123758,-8.476063,-9.362679,-0.003605,10.799201,1,3,0,-0.073758
119.884500,-6.030000,-7.713319,-8.476063,-9.362679,-0.135869,8.172419,0,115,0,-1.683319
120.084475,-6.020000,-7.740807,-8.476063,-9.362679,-0.072413,18.673368,0,128,0,-1.720807
120.293717,-6.010000,-7.330462,-8.476063,-9.362679,-0.056243,6.958580,0,72,0,-1.320462
120.482510,-5.910000,-6.964785,-8.476063,-9.362679,-0.006899,9.827097,1,0,0,-1.054785
120.682296,-5.890000,-6.977796,-6.793423,-7.046697,-0.117712,7.815000,0,137,0,-1.087796
120.885655,-5.980000,-5.742779,-6.793423,-7.046697,-0.260087,2.548843,0,142,0,0.237221
121.081392,-6.070000,-6.107816,-14.549285,-12.165164,-0.336157,17.265965,0,66,0,-0.037816
121.282483,-6.130000,-6.321259,-11.530647,-10.256896,0.187915,8.603652,1,10,1,-0.191259
121.483572,-6.150000,-6.553595,-9.656713,-10.887475,-0.180799,16.816095,0,97,0,-0.403595
121.686486,-6.210000,-6.294352,-7.710183,-6.744716,0.142216,8.753350,1,3,1,-0.084352
121.901654,-6.150000,-5.737180,-3.451240,-5.240988,0.080168,10.693182,1,105,1,0.412820
122.088643,-6.110000,-5.572770,-3.451240,-5.240988,0.042505,8.779882,1,0,0,0.537230
122.288849,-6.110000,-5.898270,-3.451240,-5.240988,-0.430211,17.415739,0,49,0,0.211730
122.482707,-6.100000,-6.366085,-3.451240,-5.240988,0.264469,19.960997,0,71,0,-0.266085
122.683529,-6.100000,-5.150620,-9.455597,-10.020052,-0.127351,15.348533,0,80,0,0.949380
122.887250,-6.200000,-4.886087,-6.581827,-7.560605,-0.152645,11.096519,1,0,1,1.313913
123.082427,-6.290000,-4.513943,-11.204064,-10.801231,-0.049443,5.549175,0,45,0,1.776057
123.282496,-6.280000,-4.195010,-7.184443,-8.733154,-0.242176,10.775038,1,0,1,2.084991
123.483559,-6.230000,-5.345955,-6.491554,-6.446215,0.129041,10.248490,1,1,1,0.884045
123.681385,-6.180000,-4.999631,-5.971308,-6.493568,-0.079844,8.525620,1,7,1,1.180369
123.895514,-6.200000,-4.425201,-5.284505,-4.980163,0.068879,19.892996,0,97,0,1.774798
124.085484,-6.220000,-3.152095,-4.541646,-7.026317,0.031615,12.400686,0,57,0,3.067905
124.282497,-6.260000,-3.444779,-6.614110,-8.080851,-0.234423,4.024797,0,37,0,2.815221
124.493507,-6.310000,-3.796400,-6.631811,-8.121214,0.144502,16.283136,0,164,0,2.513600
124.694733,-6.330000,-3.928257,-7.453127,-8.705346,-0.194181,8.709111,1,9,1,2.401743
124.892415,-6.320000,-2.851850,-6.424216,-6.338309,0.175103,6.671939,0,74,0,3.468151
125.084799,-6.290000,-3.883062,-5.286037,-6.277203,0.064606,17.117273,0,76,0,2.406938
125.282589,-6.290000,-4.049759,-7.986689,-7.565898,0.010250,13.086470,0,41,0,2.240241
125.485640,-6.230000,-4.849349,-9.512913,-9.916055,-0.062375,11.284595,1,0,1,1.380651
125.682328,-6.130000,-4.138535,-11.221413,-11.953049,-0.082075,15.997684,0,73,0,1.991465
125.909323,-5.970000,-4.379465,-7.345560,-6.932584,0.005548,15.809940,0,163,0,1.590535
126.082499,-5.880000,-3.609685,-7.345560,-6.932584,0.084282,17.875534,0,19,0,2.270315
126.288511,-5.800000,-3.112547,-7.345560,-6.932584,-0.309319,7.895724,0,53,0,2.687454
126.481504,-5.740000,-3.804260,-8.604775,-6.269539,-0.187533,8.352212,1,10,0,1.935740
126.682474,-5.720000,-3.986516,-7.088448,-7.104532,-0.002388,11.138338,1,11,1,1.733484
126.919982,-5.730000,-4.211735,-7.896236,-7.912211,0.081177,4.378094,0,202,0,1.518265
127.081619,-5.810000,-7.082392,-2.647680,-3.713909,-0.166889,9.091980,1,0,1,-1.272392
127.281382,-5.900000,-7.537408,-4.154092,-4.660586,-0.203325,14.554256,0,47,0,-1.637408
127.482180,-6.030000,-8.309823,-6.950679,-5.043312,-0.310525,7.676565,0,117,0,-2.279823
127.689653,-6.110000,-7.339766,-5.020191,-5.107840,-0.013964,7.473044,0,27,0,-1.229765
127.920983,-6.090000,-7.523462,-8.272475,-6.971550,-0.263411,15.870931,0,119,0,-1.433462
128.081491,-6.050000,-9.298090,-9.384389,-11.030336,0.124342,17.096024,0,57,0,-3.248090
128.281389,-5.980000,-7.856604,-12.355005,-11.590857,-0.083706,20.384136,0,184,0,-1.876604
128.483859,-5.900000,-7.540120,-11.831418,-10.431391,0.223586,8.434543,1,9,1,-1.640120
128.682225,-5.840000,-7.949299,-11.726711,-12.199137,-0.076858,11.212301,1,7,1,-2.109299
128.967018,-5.800000,-8.908382,-10.155620,-12.667786,0.124349,10.483098,1,79,1,-3.108382
129.083484,-5.790000,-8.419327,-17.679560,-16.904419,-0.026949,5.103052,0,22,0,-2.629327
129.285488,-5.860000,-7.720091,-12.201666,-14.834623,0.093200,17.300465,0,65,0,-1.860091
129.481488,-5.860000,-6.368657,-15.093884,-15.262510,0.020724,11.374310,0,47,0,-0.508657
129.681389,-5.860000,-5.858433,-15.093884,-15.262510,-0.147731,15.556255,0,249,0,0.001567
129.881496,-5.850000,-4.817653,-12.121609,-14.587367,-0.380569,8.624430,1,11,1,1.032347
130.081385,-5.860000,-5.528652,-11.532434,-10.298203,-0.292794,12.076773,0,36,0,0.331348
130.282565,-5.850000,-4.971912,-14.930647,-16.400597,-0.229139,9.735437,1,10,1,0.878088
130.485632,-5.870000,-4.158628,-17.462746,-16.431957,0.168462,14.326074,0,29,0,1.711371
130.682161,-5.960000,-4.680742,-13.613086,-12.639540,0.155919,8.159388,0,32,0,1.279258
130.883788,-6.000000,-5.343680,-9.193675,-10.034783,-0.129526,9.737487,1,11,1,0.656320
131.081488,-5.960000,-4.723850,-7.749882,-8.145651,-0.094607,11.612826,0,42,0,1.236150
131.285510,-5.900000,-4.107831,-8.359459,-6.365797,-0.632880,7.883111,0,95,0,1.792170
131.481420,-5.870000,-3.146573,-7.024697,-5.397778,0.023601,10.352781,1,11,1,2.723427
131.681397,-5.860000,-3.301513,-4.862463,-5.628954,-0.110972,10.266253,1,0,1,2.558487
131.887645,-5.870000,-2.824522,-3.048909,-3.798864,-0.044602,14.896734,0,147,0,3.045477
132.084687,-5.870000,-3.520381,-5.553792,-4.568001,0.146005,8.502593,1,0,1,2.349619
132.281387,-5.900000,-4.444553,-2.394568,-2.468861,-0.011296,7.005578,0,26,0,1.455447
132.486486,-6.080000,-4.955906,-2.677031,-4.109799,-0.209101,13.260173,0,93,0,1.124094
132.682179,-6.290000,-4.225708,-2.677031,-4.109799,-0.212760,14.083750,0,273,0,2.064292
132.891519,-6.430000,-4.585761,-11.305421,-9.111298,-0.082253,15.938275,0,94,0,1.844239
133.081392,-6.450000,-5.401546,-8.475728,-9.035590,0.639627,5.411256,0,161,0,1.048453
133.281392,-6.420000,-6.367019,-8.475728,-9.035590,0.021810,7.316419,0,355,0,0.052981
133.481513,-6.410000,-6.881140,-14.896770,-14.890748,0.000911,20.296869,0,20,0,-0.471140
133.681386,-6.380000,-6.992319,-13.831070,-12.592991,-0.081718,4.769754,0,63,0,-0.612319
133.881483,-6.380000,-7.314075,-13.645601,-12.585468,0.237589,8.094971,0,94,0,-0.934075
134.089347,-6.440000,-9.157807,-8.055549,-6.853710,0.190892,13.793801,0,26,0,-2.717807
134.282205,-6.510000,-8.804370,-4.307510,-5.534530,-0.195469,14.520450,0,26,0,-2.294370
134.485710,-6.610000,-8.791686,-6.604672,-5.084166,0.244251,4.191019,0,78,0,-2.181686
134.684960,-6.640000,-10.173369,-10.385309,-9.100464,0.205244,10.855091,1,12,1,-3.533370
134.893504,-6.620000,-9.021684,-10.385309,-9.100464,0.096106,13.300404,0,230,0,-2.401684
135.086207,-6.640000,-8.167076,-10.385309,-9.100464,-0.018730,19.549463,0,416,0,-1.527076
135.285654,-6.720000,-7.805894,-6.227259,-6.342885,0.086129,11.365476,0,72,0,-1.085894
135.482114,-6.770000,-7.955020,-6.227259,-6.342885,0.086129,5.709604,0,269,0,-1.185020
135.682160,-6.800000,-6.556135,-10.296233,-10.090389,0.034316,8.138430,0,15,0,0.243865
135.882295,-6.830000,-6.190260,-8.584561,-7.752579,0.245554,7.211070,0,79,0,0.639740
136.097507,-6.880000,-5.849538,-8.584561,-7.752579,0.348105,6.905301,0,302,0,1.030462
136.290504,-6.790000,-5.836610,-5.058357,-6.444964,0.497193,19.696564,0,76,0,0.953390
136.481509,-6.670000,-6.730665,-7.503466,-7.081929,0.071973,19.687456,0,20,0,-0.060665
136.681675,-6.530000,-5.532198,-7.935909,-6.780030,0.195092,10.711625,1,16,1,0.997802
136.881752,-6.450000,-5.529072,-7.935909,-6.780030,0.459745,14.638076,0,214,0,0.920928
137.086755,-6.440000,-4.711061,-7.278266,-4.485362,0.305893,17.680151,0,143,0,1.728939
137.282741,-6.470000,-3.653664,-7.756711,-6.976264,0.120830,9.695824,1,0,1,2.816336
137.495517,-6.540000,-3.100850,-6.179623,-5.338897,0.130609,15.259319,0,77,0,3.439150
137.686496,-6.620000,-2.821962,-9.588392,-8.768542,-0.081587,22.423981,0,57,0,3.798038
137.886764,-6.630000,-2.771205,-7.892752,-8.258352,-0.056973,10.286521,1,14,1,3.858795
138.082194,-6.650000,-5.322968,-10.828294,-10.290072,-0.096319,7.061261,0,81,0,1.327032
138.281390,-6.630000,-4.468247,-16.630703,-12.908364,-0.444319,7.205151,0,40,0,2.161753
138.482317,-6.560000,-5.012011,-10.877174,-8.926435,0.297867,8.776804,1,0,1,1.547989
138.682317,-6.480000,-4.271791,-9.496378,-8.212522,0.195992,9.856840,1,0,1,2.208210
138.882295,-6.420000,-3.813456,-10.579734,-10.029865,0.082870,19.236372,0,25,0,2.606544
139.090509,-6.330000,-3.352891,-13.986212,-13.904881,0.113705,8.803440,1,72,1,2.977109
139.282510,-6.270000,-2.656483,-13.986212,-13.904881,0.486753,15.869351,0,253,0,3.613517
139.483470,-6.280000,-2.177669,-10.166386,-15.773760,-0.865989,14.548590,0,38,0,4.102331
139.682112,-6.260000,-2.716463,-10.166386,-15.773760,0.090207,3.398033,0,241,0,3.543538
139.888715,-6.300000,-3.284083,-11.118541,-9.222827,0.291053,10.692864,1,0,1,3.015918
140.097585,-6.410000,-3.993754,-11.118541,-9.222827,0.158256,15.092360,0,230,0,2.416245
140.283481,-6.430000,-2.983438,-6.933148,-9.645185,0.129766,12.083857,0,51,0,3.446562
140.482492,-6.380000,-3.446772,-6.203323,-5.345480,0.129766,12.299980,0,53,0,2.933228
140.685508,-6.340000,-3.872600,-5.455620,-6.070257,0.099041,14.921152,0,61,0,2.467400
140.882508,-6.360000,-3.978981,-3.577113,-4.078181,-0.077844,11.031740,1,12,1,2.381019
141.082193,-6.390000,-3.983815,-4.771431,-4.208350,-0.117484,12.737216,0,70,0,2.406185
141.282131,-6.460000,-4.736175,-7.175309,-3.359156,0.124613,16.477104,0,63,0,1.723825
141.483508,-6.460000,-4.193778,-7.175309,-3.359156,-0.212131,12.202703,0,264,0,2.266222
141.682149,-6.380000,-3.606935,-7.175309,-3.359156,-0.039703,6.804956,0,473,0,2.773065
141.885724,-6.280000,-3.732665,-6.134191,-5.757559,0.057691,12.611564,0,23,0,2.547335
142.112037,-6.280000,-4.097964,-8.173055,-7.797622,0.129290,6.298094,0,227,0,2.182036
142.281389,-6.250000,-3.710437,-8.173055,-7.797622,0.161363,18.388830,0,377,0,2.539563
142.482381,-6.210000,-4.191169,-1.214501,-4.734349,-0.536153,7.559886,0,46,0,2.018831
142.681714,-6.180000,-4.102013,-1.214501,-4.734349,-0.162837,13.808883,0,246,0,2.077987
142.881405,-6.230000,-4.247034,-2.449428,-3.487772,0.104957,18.083544,0,24,0,1.982966
143.108430,-6.290000,-4.344129,-2.772411,-2.088569,0.102502,14.837208,0,73,0,1.945871
143.285775,-6.330000,-5.304115,-2.021730,-3.436124,0.217372,7.463590,0,101,0,1.025885
143.485648,-6.320000,-5.607510,-5.525773,-6.822801,0.116009,7.024882,0,53,0,0.712491
143.690718,-6.350000,-6.044600,-8.613283,-9.111259,-0.074848,8.856524,1,12,1,0.305400
143.885984,-6.310000,-5.998923,-11.717729,-10.016534,-0.204996,12.931224,0,115,0,0.311077
144.146144,-6.250000,-6.552366,-11.703533,-11.510277,-0.127096,17.040745,0,151,0,-0.302366
144.281475,-6.270000,-6.936237,-8.857984,-9.707295,0.045553,13.693582,0,72,0,-0.666237
144.496685,-6.320000,-6.395123,-9.599116,-9.291495,0.061423,7.442052,0,112,0,-0.075123
144.692507,-6.290000,-6.467393,-9.599116,-9.291495,-0.135130,14.971164,0,319,0,-0.177393
144.882468,-6.200000,-7.326920,-6.664817,-7.586713,0.054387,11.710643,0,120,0,-1.126920
145.136387,-6.150000,-6.477739,-4.992768,-7.566466,-0.372428,9.828759,1,67,0,-0.327739
145.281394,-6.230000,-6.349568,-4.992768,-7.566466,0.028147,13.997241,0,195,0,-0.119568
145.481823,-6.180000,-5.331912,-4.992768,-7.566466,-0.328899,4.321175,0,168,0,0.848088
145.682093,-6.130000,-4.619320,-3.045086,-2.657013,0.057072,12.454967,0,36,0,1.510680
145.887162,-6.180000,-4.978320,-1.220212,-2.472846,-0.183528,10.905412,1,0,1,1.201680
146.137547,-6.210000,-5.241277,0.935214,-1.325328,-0.344301,12.572523,0,71,0,0.968723
146.284496,-6.270000,-5.871802,-2.908720,-3.364995,-0.069425,9.515845,1,15,1,0.398198
146.483771,-6.400000,-5.011708,-2.908720,-3.364995,0.084966,7.546575,0,208,0,1.388292
146.681635,-6.410000,-5.644392,-2.908720,-3.364995,-0.035763,7.248789,0,413,0,0.765608
146.885510,-6.340000,-6.123561,-2.858951,-1.006933,0.275635,8.597510,1,7,1,0.216439
147.081693,-6.240000,-5.610466,-3.336760,-4.644373,-0.019343,14.129342,0,116,0,0.629534
147.282128,-6.110000,-5.191667,-5.442302,-5.019422,-0.145000,11.430041,0,67,0,0.918334
147.482082,-6.090000,-5.015467,-6.608511,-6.057930,0.083668,8.067875,0,49,0,1.074533
147.685763,-6.140000,-4.554515,-7.531557,-6.979786,-0.019439,6.025703,0,181,0,1.585485
147.885171,-6.180000,-3.463756,-7.838378,-7.472317,0.057899,10.512380,1,0,1,2.716244
148.084507,-6.230000,-4.287262,-14.143514,-13.554996,-0.206012,7.792387,0,38,0,1.942738
148.281401,-6.170000,-4.772045,-7.072852,-8.414057,0.104484,14.012114,0,144,0,1.397955
148.481637,-6.090000,-4.319381,-8.691285,-11.785798,0.353697,13.101627,0,20,0,1.770619
148.682120,-5.990000,-3.343868,-14.903065,-12.604532,-0.019486,19.592091,0,48,0,2.646132
148.882176,-5.890000,-2.366040,-10.307422,-11.439852,-0.173442,9.589836,1,11,1,3.523960
149.082106,-5.840000,-2.995767,-10.307422,-11.439852,-0.121324,13.503305,0,204,0,2.844233
149.283298,-5.820000,-2.862101,-13.221504,-13.301871,0.055184,11.172507,1,18,1,2.957899
149.483523,-5.840000,-2.750090,-17.347805,-16.990377,-0.305085,8.013673,0,109,0,3.089910
149.690508,-5.810000,-3.527701,-13.512235,-13.819041,-0.045816,10.352222,1,11,0,2.282299
149.883539,-5.740000,-3.347629,-13.512235,-13.819041,-0.417010,16.653889,0,210,0,2.392371
150.082484,-5.700000,-3.508178,-19.331142,-18.180574,0.082198,19.767200,0,82,0,2.191822
150.281604,-5.720000,-3.572677,-18.197105,-17.669392,-0.338122,8.229665,0,163,0,2.147323
150.483654,-5.840000,-2.950397,-18.912745,-20.519577,-0.250903,14.849679,0,44,0,2.889603
150.681702,-6.010000,-4.165738,-18.752888,-18.960001,0.059467,19.870855,0,27,0,1.844262
150.881507,-6.120000,-3.702287,-17.591537,-17.210779,0.031734,9.432908,1,6,1,2.417712
151.081396,-6.140000,-3.781260,-13.871889,-17.326971,0.117164,14.657405,0,87,0,2.358740
151.289502,-6.120000,-4.481511,-16.765306,-16.638203,0.019847,7.098070,0,35,0,1.638489
151.485780,-6.110000,-4.531838,-14.903319,-15.888296,-0.154397,11.319168,0,34,0,1.578162
151.694507,-6.050000,-4.684559,-19.351866,-20.187113,-0.130039,10.471011,1,16,1,1.365441
151.884506,-6.060000,-3.770157,-19.351866,-20.187113,0.041782,19.718521,0,207,0,2.289843
152.083776,-6.060000,-4.170312,-18.757389,-17.067997,-0.383090,8.391651,1,10,0,1.889688
152.286770,-6.070000,-3.176481,-18.757389,-17.067997,-0.124850,9.482443,1,111,0,2.893519
152.488515,-6.120000,-2.873133,-18.757389,-17.067997,0.361972,4.861918,0,164,0,3.246867
152.686490,-6.220000,-2.799024,-18.757389,-17.067997,0.091005,9.683383,1,16,0,3.420976
152.882506,-6.230000,-2.121861,-12.263730,-9.251075,0.449492,9.809887,1,0,1,4.108139
153.082481,-6.250000,-1.744091,-12.263730,-9.251075,-0.292451,8.342654,1,9,0,4.505909
153.282548,-6.250000,-0.573813,-6.808300,-8.825758,0.112460,9.549567,1,12,1,5.676188
153.482973,-6.270000,-1.056427,-8.692724,-8.266274,0.061661,12.123641,0,44,0,5.213573
153.687650,-6.250000,-1.161773,-9.796809,-9.472923,0.048338,8.719600,1,0,1,5.088227
153.882560,-6.270000,-1.598207,-10.156439,-10.530088,-0.055019,9.361794,1,0,1,4.671793
154.086751,-6.240000,-1.462713,-10.790832,-10.595592,0.029639,10.929972,1,11,1,4.777287
154.283506,-6.190000,-0.559955,-7.750122,-7.862875,-0.017215,10.485143,1,0,0,5.630045
154.481486,-6.160000,-1.335152,-7.831102,-8.147860,-0.046521,13.689976,0,119,0,4.824848
154.690508,-6.120000,0.217202,-7.831102,-8.147860,0.052011,6.618248,0,320,0,6.337202
154.882198,-6.130000,-0.418069,-6.052786,-6.898819,-0.136346,13.258142,0,100,0,5.711931
155.081394,-6.150000,-1.436199,-8.367961,-7.948435,0.080751,9.418792,1,16,1,4.713801
155.281735,-6.140000,-0.204625,-8.367961,-7.948435,-0.058526,5.894845,0,207,0,5.935375
155.482569,-6.180000,0.093505,-10.139603,-7.675895,0.372431,6.594709,0,26,0,6.273505
155.681705,-6.170000,0.077602,-9.372054,-10.517951,0.149023,17.477818,0,96,0,6.247602
155.881626,-6.130000,0.720121,-9.372054,-10.517951,0.238580,7.833215,0,294,0,6.850121
156.086513,-6.130000,0.069515,-15.103471,-15.100876,0.000406,8.369107,1,9,1,6.199515
156.281709,-6.160000,-0.901114,-8.509717,-9.203672,-0.105378,9.041582,1,16,1,5.258886
156.483521,-6.210000,-0.579630,-13.111419,-14.694469,-0.251409,17.644951,0,42,0,5.630370
156.681476,-6.220000,-0.764962,-17.330467,-16.194616,0.070679,14.861175,0,56,0,5.455037
156.882111,-6.200000,-0.144869,-17.330467,-16.194616,-0.128832,3.838126,0,251,0,6.055131
157.089509,-6.160000,0.777764,-17.330467,-16.194616,0.107336,15.586058,0,453,0,6.937763
157.283455,-6.170000,0.610435,-14.703592,-14.884922,-0.122730,8.200757,0,97,0,6.780435
157.480993,-6.250000,2.602941,-14.147096,-13.733128,0.065766,11.684891,0,55,0,8.852942
157.686520,-6.280000,2.248487,-12.971494,-13.549855,-0.092213,9.877344,1,0,1,8.528486
157.881394,-6.290000,2.259695,-13.529430,-12.753523,-0.138737,15.761557,0,97,0,8.549695
158.089485,-6.230000,0.452492,-11.048227,-11.923086,-0.087597,17.347855,0,184,0,6.682492
158.282574,-6.140000,1.425932,-11.048227,-11.923086,0.003970,6.259521,0,371,0,7.565932
158.482223,-6.080000,1.510520,-11.048227,-11.923086,-0.485265,13.284773,0,565,0,7.590520
158.682539,-5.970000,0.347569,-6.768509,-9.449841,-0.409607,8.453541,1,16,1,6.317569
158.881384,-5.860000,0.285610,-10.911942,-11.044331,-0.231935,6.621146,0,120,0,6.145610
159.084537,-5.740000,0.756289,-10.911942,-11.044331,-0.423740,12.894943,0,65,0,6.496289
159.294420,-5.610000,0.328998,-10.911942,-11.044331,-0.520154,19.797150,0,290,0,5.938999
159.481483,-5.490000,0.742357,-10.911942,-11.044331,-0.284518,12.311073,0,458,0,6.232357
159.691760,-5.420000,0.793742,-10.911942,-11.044331,-0.905882,6.481774,0,122,0,6.213742
159.893098,-5.400000,1.519818,-10.911942,-11.044331,-0.711220,11.343432,0,318,0,6.919818
160.092507,-5.340000,0.966341,-10.911942,-11.044331,-0.456541,19.163622,0,150,0,6.306341
160.299421,-5.230000,-0.859519,-19.245655,-19.097992,0.022227,10.343708,1,53,1,4.370481
160.482963,-5.110000,-0.701087,-7.031771,-13.725250,-0.951878,11.049264,1,0,0,4.408913
160.682848,-5.100000,-0.591591,-14.564844,-16.163273,-0.897065,17.534111,0,78,0,4.508409
160.881612,-5.110000,-0.876621,-3.844656,-10.327654,-0.306375,12.350260,0,142,0,4.233379
161.083618,-5.160000,-0.585273,-9.566374,-15.137270,-0.254462,6.520694,0,67,0,4.574727
161.315054,-5.190000,-0.332051,-9.549389,-9.549389,-0.253655,8.406296,1,55,0,4.857949
161.484472,-5.170000,0.066830,-8.154984,-8.154984,-0.429805,10.000010,1,5,0,5.236830
161.689510,-5.270000,-0.601744,-10.485290,-10.485290,-0.660084,12.383669,0,49,0,4.668256
161.886769,-5.240000,-0.616197,-10.485290,-10.485290,-0.540213,8.909141,1,7,0,4.623803
162.082726,-5.130000,-0.787523,-10.485290,-10.485290,-0.598806,17.114017,0,30,0,4.342477
162.328141,-5.080000,-1.156132,-9.458479,-9.458479,-0.576153,13.100162,0,79,0,3.923868
162.488645,-5.070000,-0.239139,-11.536574,-11.536574,-0.299486,8.032009,0,112,0,4.830861
162.681905,-5.000000,-0.602870,-11.536574,-11.536574,-0.848191,17.632177,0,302,0,4.397130
162.883578,-4.890000,-1.433040,-12.498761,-12.498761,-0.216381,11.660922,0,13,0,3.456960
163.087656,-4.890000,-2.216703,-11.765741,-11.765741,-0.349827,7.263056,0,65,0,2.673297
163.331971,-4.820000,-2.031032,-11.913870,-11.913870,-0.509134,8.518112,1,53,0,2.788968
163.484497,-4.660000,-0.811660,-12.063848,-12.063848,-0.509134,14.626543,0,44,0,3.848340
163.686508,-4.650000,-1.673332,-15.060510,-15.060510,-0.659283,11.842505,0,20,0,2.976668
163.882495,-4.650000,-0.779863,-11.893671,-11.893671,-0.899584,17.990595,0,57,0,3.870137
164.082476,-4.680000,-2.478667,-5.036133,-5.036133,-0.177647,6.214685,0,54,0,2.201333
164.364996,-4.630000,-2.348406,-6.837900,-6.837900,-0.135215,14.130390,0,97,0,2.281594
164.483441,-4.620000,-3.701973,-5.748519,-5.748519,-0.135215,14.036405,0,93,0,0.918027
164.681891,-4.770000,-3.161975,-4.412929,-4.412929,-0.458520,9.809933,1,12,0,1.608025
164.884660,-4.930000,-2.572934,-10.163253,-10.163253,-0.436626,10.373928,1,0,0,2.357066
165.082487,-4.980000,-1.849976,-12.127175,-12.127175,-0.201197,9.797128,1,11,0,3.130024
165.284528,-4.920000,-2.267423,-13.849001,-13.849001,-0.119508,5.758447,0,90,0,2.652577
165.484654,-4.950000,-2.199811,-13.554288,-13.554288,-0.342749,12.339824,0,38,0,2.750189
165.683554,-5.120000,-3.271459,-13.803863,-13.803863,-0.161113,3.263914,0,121,0,1.848541
165.884849,-5.120000,-2.536301,-14.776539,-14.776539,-0.280188,8.871169,1,11,0,2.583699
166.082785,-5.000000,-2.160152,-13.502773,-13.502773,-0.480388,10.094255,1,9,0,2.839848
166.281877,-4.940000,-1.199969,-11.929305,-11.929305,-0.194818,4.406364,0,77,0,3.740031
166.485715,-4.970000,-0.888705,-7.423354,-7.423354,-0.087819,9.644735,1,16,0,4.081294
166.692643,-5.170000,-0.127900,-7.423354,-7.423354,-0.346599,14.171082,0,228,0,5.042100
166.890640,-5.410000,-1.409331,-8.076139,-8.076139,-0.569437,10.877028,1,12,0,4.000669
167.092659,-5.650000,-1.420650,-6.237026,-6.237026,-0.634149,3.441590,0,27,0,4.229350
167.283770,-5.950000,-0.479069,-5.595732,-5.595732,-0.417585,8.925154,1,9,0,5.470931
167.496685,-6.070000,-0.412255,-7.697312,-7.697312,-0.034087,7.174088,0,173,0,5.657745
167.684508,-6.120000,0.028963,-5.141492,-5.141492,-0.363081,20.237476,0,103,0,6.148963
167.882479,-6.180000,1.070099,-5.972266,-5.972266,-0.003600,6.073510,0,66,0,7.250099
168.083650,-6.300000,-0.026670,-10.751080,-10.751080,-0.378048,6.004081,0,63,0,6.273330
168.280484,-6.350000,-0.239782,-9.829932,-9.829932,0.140258,17.830950,0,96,0,6.110218
168.489516,-6.190000,0.538721,-13.031096,-13.031096,-0.266410,10.953818,1,17,0,6.728721
168.684479,-6.100000,-0.782123,-4.420306,-4.420306,-0.073439,9.138193,1,14,0,5.317877
168.882475,-6.310000,-1.657888,-4.299844,-4.299844,0.165614,6.441216,0,37,0,4.652112
169.087654,-6.290000,-1.982942,-3.742956,-3.742956,-0.795138,8.797476,1,0,0,4.307058
169.282618,-6.200000,-1.680315,-3.711936,-3.711936,0.147269,12.762601,0,42,0,4.519685
169.480659,-6.130000,-2.178223,-13.067806,-13.067806,-0.216867,13.122900,0,58,0,3.951777
169.680755,-6.010000,-2.353937,-13.608729,-13.608729,-0.151474,7.774064,0,80,0,3.656063
169.882277,-5.960000,-2.273189,-12.722370,-12.722370,-0.460267,9.002138,1,0,0,3.686811
170.084660,-5.880000,-1.734574,-13.552479,-13.552479,-0.192328,7.013160,0,44,0,4.145426
170.281594,-5.860000,-1.769844,-12.284812,-12.284812,-0.020396,7.565885,0,59,0,4.090156
170.494509,-5.960000,-1.699513,-12.284812,-12.284812,-0.233654,9.760713,1,11,0,4.260487
170.683494,-6.000000,-1.918523,-13.413950,-13.413950,0.026030,11.211442,1,0,0,4.081477
170.880462,-6.010000,-2.214033,-10.081467,-10.081467,-0.033839,11.089564,1,0,0,3.795968
171.088508,-6.060000,-2.321307,-9.843288,-9.843288,-0.085704,10.841229,1,0,0,3.738693
171.281581,-6.140000,-3.447898,-12.809241,-12.809241,0.207654,10.166218,1,7,0,2.692102
171.480412,-6.170000,-5.130388,-12.699839,-12.699839,-0.098651,11.019407,1,11,0,1.039612
171.687653,-6.030000,-5.873017,-10.591224,-10.591224,-0.190458,11.594783,0,127,0,0.156983
171.883645,-5.940000,-4.940269,-12.644032,-12.644032,-0.257770,11.513040,0,176,0,0.999731
172.080411,-5.960000,-4.324761,-12.644032,-12.644032,-0.057033,21.001476,0,373,0,1.635239
172.280412,-6.030000,-5.412563,-11.112128,-11.112128,0.093516,17.835295,0,98,0,0.617437
172.480522,-6.120000,-5.457492,-8.287792,-8.287792,0.123399,13.674913,0,20,0,0.662508
172.681573,-6.180000,-5.627315,-6.924121,-6.924121,-0.166011,5.135404,0,21,0,0.552685
172.880415,-6.190000,-5.417456,-6.325955,-6.325955,0.109169,14.844846,0,133,0,0.772544
173.081840,-6.000000,-4.526207,-8.055728,-8.055728,-0.109582,15.700568,0,30,0,1.473793
173.282564,-5.840000,-4.392851,-8.279104,-8.279104,-0.405240,8.464317,1,5,0,1.447149
173.487630,-5.770000,-4.472077,-10.031012,-10.031012,-0.159234,8.010708,0,169,0,1.297923
173.685653,-5.830000,-4.127465,-11.457103,-11.457103,0.094321,11.744903,0,52,0,1.702535
173.885964,-5.970000,-3.192678,-13.286385,-13.286385,-0.289375,4.642917,0,86,0,2.777322
174.083790,-5.990000,-3.631108,-12.001790,-12.001790,-0.037995,7.093787,0,41,0,2.358892
174.292508,-5.950000,-4.584629,-12.001790,-12.001790,-0.283457,6.114523,0,250,0,1.365371
174.487730,-6.010000,-5.614893,-11.309110,-11.309110,0.088927,10.657565,1,5,0,0.395107
174.682475,-6.200000,-7.518992,-10.974750,-10.974750,0.028419,11.018071,1,3,0,-1.318992
174.882477,-6.370000,-8.370101,-10.069108,-10.069108,0.091953,15.354214,0,169,0,-2.000101
175.092805,-6.400000,-8.153051,-8.294214,-6.674617,-0.132515,15.088780,0,115,0,-1.753051
175.286786,-6.570000,-8.570769,-5.128584,-5.136184,-0.001202,6.696751,0,32,0,-2.000769
175.481959,-6.560000,-8.011292,-4.638723,-2.871321,0.278253,9.766599,1,14,0,-1.451292
175.680448,-6.560000,-8.709034,-4.638723,-2.871321,0.058919,15.215169,0,206,0,-2.149034
175.882569,-6.770000,-9.003769,-12.389688,-11.968863,0.121409,7.561013,0,78,0,-2.233769
176.083484,-6.640000,-8.771393,-13.530530,-12.679353,0.068878,6.053136,0,120,0,-2.131393
176.280429,-6.590000,-7.845510,-14.072105,-13.601062,0.126763,10.402644,1,11,1,-1.255510
176.485842,-6.710000,-8.943505,-10.647325,-10.301499,0.051782,11.156563,1,0,1,-2.233505
176.681539,-6.670000,-9.046843,-7.082564,-6.927914,0.041730,6.284847,0,20,0,-2.376842
176.881571,-6.710000,-8.939625,-7.082564,-6.927914,-0.357614,8.167295,0,231,0,-2.229625
177.081548,-6.590000,-8.448701,-6.116005,-8.546273,-0.119540,17.199535,0,165,0,-1.858701
177.280408,-6.470000,-8.665537,-5.011723,-5.136062,-0.018145,8.353103,1,13,1,-2.195537
177.483672,-6.500000,-7.658903,-5.668692,-4.573080,0.160928,9.168776,1,0,1,-1.158903
177.683494,-6.580000,-8.423612,-4.129852,-4.274604,-0.082009,5.316562,0,80,0,-1.843612
177.885781,-6.700000,-7.601776,-5.971292,-6.529390,0.011663,12.453563,0,126,0,-0.901776
178.082779,-6.610000,-8.133180,-7.830988,-5.154937,0.399936,8.763576,1,0,1,-1.523180
178.284635,-6.580000,-7.186129,-7.614981,-7.682770,-0.010536,8.984533,1,0,1,-0.606129
178.480644,-6.500000,-7.516896,-6.715298,-6.782655,0.153386,4.801343,0,140,0,-1.016896
178.684655,-6.460000,-6.001502,-6.004100,-5.600030,-0.040846,14.666060,0,21,0,0.458498
178.881583,-6.580000,-5.879870,-5.460632,-4.036873,0.225723,10.477783,1,16,1,0.700130
179.082551,-6.730000,-4.760006,-3.939044,-3.943682,-0.000736,7.948093,0,47,0,1.969994
179.281865,-6.760000,-5.361245,-3.939044,-3.943682,0.002533,6.277001,0,249,0,1.398756
179.487392,-6.750000,-3.902682,-7.127760,-5.860865,0.202485,9.460573,1,58,1,2.847318
179.680755,-6.660000,-4.466780,-7.127760,-5.860865,-0.020397,15.325998,0,231,0,2.193220
179.889636,-6.470000,-3.795224,-6.816100,-5.886168,0.378320,7.636338,0,43,0,2.674775
180.086510,-6.230000,-2.552822,-6.816100,-5.886168,0.030502,14.358751,0,252,0,3.677178
180.282492,-6.150000,-2.808188,-3.897642,-4.380755,-0.078683,9.984768,1,14,1,3.341812
180.500369,-6.160000,-1.263324,-4.504766,-3.213463,0.184709,17.071516,0,94,0,4.896676
180.685641,-6.040000,-2.149636,-3.714726,-3.131630,0.094522,11.206514,1,9,1,3.890364
180.885638,-5.900000,-2.074908,-13.967859,-9.883924,0.658113,10.358047,1,0,1,3.825092
181.082592,-5.830000,-2.468720,-11.383808,-9.818972,0.248594,10.929457,1,9,1,3.361280
181.281883,-5.920000,-2.579128,-10.313584,-8.716849,0.373563,19.536566,0,31,0,3.340872
181.501354,-6.020000,-3.273598,-8.152435,-7.391944,0.110750,9.481983,1,54,1,2.746402
181.693625,-6.010000,-4.414176,-7.532033,-6.002339,0.214524,10.006244,1,1,1,1.595824
181.884777,-5.990000,-5.505301,-10.723609,-9.257123,0.276696,7.736836,0,36,0,0.484698
182.083802,-6.000000,-5.481462,-8.625100,-8.540558,0.647090,10.500926,1,3,1,0.518538
182.281899,-6.000000,-4.887465,-8.867616,-8.867616,-0.036218,9.007009,1,8,0,1.112535
182.523887,-6.130000,-5.221435,-8.867616,-8.867616,0.034314,13.093138,0,267,0,0.908566
182.686508,-6.450000,-5.853957,-11.268887,-11.268887,0.511897,11.248425,1,16,0,0.596043
182.882860,-6.750000,-5.775728,-9.414511,-9.414511,0.342682,6.801807,0,35,0,0.974272
183.088637,-6.820000,-5.504994,-10.004599,-10.004599,0.251373,10.260774,1,0,0,1.315006
183.284511,-6.730000,-5.589733,-7.781681,-7.781681,0.262911,11.737357,0,40,0,1.140267
183.544287,-6.860000,-5.296619,-1.452412,-1.452412,0.053248,10.191072,1,65,0,1.563381
183.681628,-6.880000,-5.698969,-4.445503,-4.445503,0.653309,1.665979,0,26,0,1.181031
183.881571,-6.900000,-5.991530,-4.533905,-4.533905,0.149014,5.880247,0,69,0,0.908470
184.081587,-6.930000,-5.487217,-3.952432,-3.952432,-0.097870,6.615350,0,69,0,1.442783
184.281574,-6.960000,-5.177603,-6.434591,-6.434591,0.214392,19.168736,0,48,0,1.782397
184.481585,-6.960000,-6.291718,-6.997229,-6.997229,0.180451,9.637636,1,16,0,0.668282
184.685550,-6.930000,-6.285057,-5.846487,-5.846487,0.344986,19.450001,0,36,0,0.644943
184.882569,-6.820000,-5.515465,-8.786827,-8.786827,0.345623,15.055680,0,118,0,1.304535
185.080749,-6.830000,-5.846328,-8.786827,-8.786827,0.368725,7.934279,0,312,0,0.983672
185.280752,-6.970000,-6.334468,-7.793620,-7.793620,0.270612,7.104088,0,118,0,0.635532
185.486861,-7.090000,-7.133659,-10.561843,-10.561843,0.354798,13.468022,0,170,0,-0.043659
185.683483,-7.020000,-6.568602,-9.834967,-9.834967,0.304390,9.645282,1,0,0,0.451398
185.885493,-6.900000,-5.752740,-11.340748,-11.340748,0.387344,12.598669,0,186,0,1.147260
186.081572,-6.810000,-6.270200,-14.187465,-14.187465,0.057892,13.950292,0,20,0,0.539800
186.282158,-6.810000,-5.506931,-14.527905,-14.527905,0.173163,14.653913,0,20,0,1.303069
186.481486,-6.660000,-5.835413,-14.527905,-14.527905,0.167539,6.915147,0,216,0,0.824587
186.680408,-6.530000,-7.076689,-14.821629,-14.821629,0.323704,5.194508,0,79,0,-0.546689
186.880524,-6.450000,-6.440524,-13.598888,-13.598888,0.252217,10.750668,1,12,0,0.009476
187.082564,-6.450000,-5.728885,-13.557834,-13.557834,-0.071726,6.680023,0,66,0,0.721115
187.283475,-6.340000,-6.084850,-11.378018,-11.378018,-0.005300,18.561979,0,145,0,0.255150
187.482136,-6.350000,-6.331975,-10.398485,-10.398485,0.183358,14.301567,0,52,0,0.018025
187.684513,-6.450000,-4.988832,-1.628199,-1.628199,0.067890,4.001378,0,35,0,1.461167
187.880406,-6.440000,-5.545935,-2.679335,-2.679335,0.090413,13.465453,0,119,0,0.894065
188.080541,-6.360000,-5.487373,-4.213928,-4.213928,0.779877,9.956796,1,0,0,0.872627
188.282495,-6.380000,-5.365283,-3.975159,-3.975159,0.048528,6.299032,0,156,0,1.014718
188.481959,-6.370000,-5.758810,-5.314186,-5.314186,0.262641,10.749044,1,9,0,0.611190
188.681902,-6.340000,-5.222260,-5.952843,-5.952843,0.421156,11.642543,0,36,0,1.117740
188.881697,-6.280000,-4.457998,-7.696670,-7.696670,0.382762,14.121077,0,61,0,1.822002
189.081572,-6.280000,-5.066041,-4.589814,-4.589814,-0.031280,11.755990,0,31,0,1.213959
189.281609,-6.340000,-4.574334,-3.189676,-3.189676,0.149000,9.024700,1,7,0,1.765666
189.480738,-6.380000,-3.475458,-5.587105,-5.587105,0.270797,10.485576,1,4,0,2.904542
189.695507,-6.340000,-2.549540,-5.082168,-5.082168,0.357017,11.673879,0,182,0,3.790461
189.880506,-6.420000,-2.052377,-2.544844,-2.544844,0.011292,12.225578,0,115,0,4.367623
190.083759,-6.320000,-2.875228,-4.379664,-4.379664,0.460985,10.927324,1,10,0,3.444772
190.280749,-6.190000,-2.656215,-6.106361,-6.106361,0.089045,10.807084,1,3,0,3.533785
190.483504,-6.160000,-1.590122,-7.631273,-7.631273,0.781246,12.225825,0,24,0,4.569878
190.681629,-6.080000,-0.343029,-4.334616,-4.334616,0.569518,10.270318,1,0,0,5.736971
190.880665,-6.070000,-1.335638,-7.249244,-7.249244,0.359876,7.561283,0,51,0,4.734363
191.081586,-6.060000,-1.565268,-11.597785,-11.597785,0.233362,9.744470,1,9,0,4.494732
191.285732,-6.020000,-2.308687,-14.227074,-14.227074,0.164590,11.768912,0,59,0,3.711313
191.486153,-6.030000,-1.707948,-15.932147,-15.932147,0.679918,9.418218,1,0,0,4.322052
191.680419,-6.060000,-1.877855,-14.361542,-14.361542,0.728529,12.056306,0,94,0,4.182145
191.880713,-6.010000,-2.445853,-10.513099,-10.513099,0.444866,12.990646,0,53,0,3.564147
192.085638,-5.900000,-1.764944,-8.387324,-8.387324,0.572457,16.010275,0,38,0,4.135056
192.281592,-5.860000,-1.937477,-8.387324,-8.387324,0.647680,22.474096,0,20,0,3.922523
192.482571,-5.750000,-1.316627,-8.387324,-8.387324,0.390764,7.309985,0,123,0,4.433372
192.681635,-5.640000,-1.716841,-8.387324,-8.387324,0.380833,13.884768,0,86,0,3.923159
192.886619,-5.710000,-1.752294,-8.387324,-8.387324,0.534358,13.472427,0,26,0,3.957706
193.083656,-5.820000,-2.977930,-8.387324,-8.387324,0.425954,9.553216,1,0,0,2.842071
193.282562,-5.810000,-4.419123,-21.175903,-21.175903,0.638532,7.689481,0,35,0,1.390877
193.481819,-5.770000,-5.174253,-23.121950,-23.121950,0.009045,15.602676,0,32,0,0.595747
193.684170,-5.770000,-3.888886,-23.121950,-23.121950,0.378506,5.372761,0,237,0,1.881114
193.883668,-5.810000,-3.841242,-23.028788,-23.028788,-0.000305,9.044332,1,9,0,1.968758
194.084685,-5.760000,-3.769346,-23.028788,-23.028788,0.296048,12.862444,0,113,0,1.990654
194.283499,-5.710000,-4.035278,-19.940323,-19.940323,0.605608,19.657648,0,96,0,1.674722
194.481788,-5.750000,-4.052855,-16.720839,-16.720839,-0.020534,7.907436,0,93,0,1.697145
194.689126,-5.890000,-3.551788,-13.570114,-13.570114,0.197798,2.237742,0,150,0,2.338212
194.880892,-6.000000,-1.444176,-13.974590,-13.974590,0.402396,17.938869,0,19,0,4.555824
195.084635,-6.050000,-2.180199,-12.707952,-12.707952,0.439195,7.961798,0,19,0,3.869801
195.281484,-6.040000,-1.969942,-14.352565,-14.352565,0.046948,10.885006,1,15,0,4.070058
195.485640,-6.040000,-1.283836,-12.405152,-12.405152,0.139177,6.582459,0,21,0,4.756164
195.688212,-6.190000,-0.944343,-17.897400,-17.897400,0.177871,8.471347,1,53,0,5.245657
195.881579,-6.310000,-1.641906,-14.522426,-14.522426,0.003080,18.541058,0,105,0,4.668094
196.080407,-6.340000,-1.715547,-12.927067,-12.927067,0.153174,12.007957,0,32,0,4.624453
196.286635,-6.400000,-1.010245,-9.550457,-9.550457,0.155348,9.153836,1,0,0,5.389755
196.480712,-6.510000,-1.743192,-9.550457,-9.550457,0.366257,12.835776,0,195,0,4.766809
196.700870,-6.560000,-1.835922,-6.499886,-6.499886,0.398889,16.141768,0,83,0,4.724078
196.891507,-6.580000,-2.059114,-8.821764,-8.821764,-0.040018,12.686401,0,59,0,4.520886
197.085475,-6.590000,-2.623393,-12.936796,-12.936796,0.352767,9.094555,1,16,0,3.966607
197.282732,-6.640000,-3.150159,-12.361445,-12.361445,0.025383,18.820763,0,144,0,3.489841
197.480680,-6.660000,-3.721521,-9.792375,-9.792375,0.017903,10.458020,1,5,0,2.938479
197.772594,-6.660000,-3.248993,-9.999528,-9.999528,0.018376,4.100934,0,243,0,3.411006
197.881481,-6.610000,-3.618075,-9.688944,-9.688944,0.120967,15.594717,0,58,0,2.991925
198.081584,-6.600000,-3.579387,-10.792725,-10.792725,0.192634,6.019840,0,143,0,3.020613
198.284180,-6.680000,-4.019757,-9.271812,-10.391050,0.281745,12.275187,0,38,0,2.660243
198.481629,-6.750000,-4.172312,-8.377659,-6.464694,0.062905,8.025963,0,149,0,2.577688
198.734294,-6.690000,-4.360484,-9.386161,-8.208361,-0.460482,8.436815,1,53,1,2.329516
198.881486,-6.600000,-4.608924,-4.875183,-7.925107,0.824117,18.920238,0,37,0,1.991076
199.081606,-6.500000,-3.676090,-12.007910,-10.529464,0.231578,11.162520,1,0,1,2.823910
199.282557,-6.400000,-3.910607,-9.494365,-10.831511,-0.211227,10.740154,1,0,1,2.489393
199.480648,-6.390000,-2.878105,-9.219637,-8.410403,0.060862,11.393218,0,52,0,3.511894
199.682575,-6.390000,-3.048719,-10.503192,-10.111523,-0.041741,19.603416,0,89,0,3.341281
199.883513,-6.310000,-1.872936,-10.137739,-10.406795,-0.532269,17.197121,0,182,0,4.437064
200.080422,-6.220000,-1.641474,-6.236056,-9.674482,0.262380,8.043635,0,190,0,4.578526
200.286647,-6.060000,-0.497882,-6.236056,-9.674482,-0.560753,7.226784,0,386,0,5.562118
200.487370,-6.110000,-2.032277,-6.236056,-9.674482,0.286122,15.297908,0,585,0,4.077724
200.680606,-6.300000,-2.759372,-8.322863,-7.979403,0.280012,7.394748,0,87,0,3.540628
200.880528,-6.390000,-3.012968,-10.702378,-8.884332,-0.021248,11.657416,0,165,0,3.377032
201.085644,-6.570000,-3.350775,-9.690545,-7.160518,0.146412,11.856988,0,20,0,3.219225
201.282478,-6.670000,-3.197142,-8.827368,-9.373466,0.408110,13.201969,0,37,0,3.472858
201.487623,-6.670000,-2.999692,-8.474321,-9.837633,0.159359,7.492813,0,64,0,3.670308
201.688507,-6.630000,-3.557016,-9.685387,-8.696275,0.241376,7.588092,0,76,0,3.072984
201.881611,-6.500000,-2.100199,-9.685387,-8.696275,-0.079546,7.746347,0,266,0,4.399801
202.080710,-6.380000,-3.069974,-8.778630,-10.361670,-0.256159,9.975268,1,14,1,3.310026
202.286173,-6.400000,-2.694352,-10.852275,-11.839529,0.471214,19.761465,0,109,0,3.705648
202.484636,-6.470000,-1.864105,-10.852275,-11.839529,-0.080333,14.204558,0,314,0,4.605895
202.681619,-6.430000,-2.236042,-16.250618,-16.745584,0.137608,20.577841,0,52,0,4.193957
202.882747,-6.330000,-2.529230,-16.250618,-16.745584,-0.078648,14.620110,0,249,0,3.800770
203.095515,-6.290000,-1.947319,-19.319952,-18.264874,-0.353917,5.745179,0,78,0,4.342681
203.283477,-6.400000,-3.443889,-19.319952,-18.264874,0.168388,11.346977,0,256,0,2.956111
203.482500,-6.450000,-3.801829,-16.286161,-15.998570,-0.172563,10.879064,1,7,1,2.648170
203.681617,-6.410000,-3.736410,-15.730108,-15.244184,0.076674,8.526463,1,12,1,2.673590
203.883657,-6.330000,-3.589764,-14.467101,-13.966250,0.309835,5.595726,0,159,0,2.740236
204.083511,-6.210000,-4.333630,-10.467959,-11.197952,0.106731,11.491836,0,24,0,1.876370
204.281621,-6.240000,-4.813236,-14.799261,-15.192380,0.139827,7.216529,0,34,0,1.426764
204.481972,-6.280000,-4.584295,-17.024513,-16.122631,-0.178685,11.452241,0,146,0,1.695705
204.682755,-6.300000,-5.343056,-19.182692,-20.361721,0.069157,3.544506,0,56,0,0.956944
204.880835,-6.300000,-6.027614,-13.166965,-12.709318,0.033065,10.069147,1,114,1,0.272387
205.085756,-6.350000,-6.688974,-12.130030,-11.907990,0.128697,8.509688,1,3,0,-0.338974
205.285769,-6.220000,-6.372033,-12.130030,-11.907990,0.617866,10.363673,1,8,0,-0.152033
205.480717,-6.100000,-5.131466,-12.130030,-11.907990,0.002245,8.567167,1,9,0,0.968534
205.680543,-6.020000,-5.645689,-10.362803,-12.452115,0.012445,17.246809,0,49,0,0.374311
205.882561,-5.950000,-6.958536,-16.096958,-12.427061,0.579031,10.689225,1,0,1,-1.008536
206.081606,-5.870000,-7.487382,-17.735903,-14.005684,0.401939,12.496610,0,146,0,-1.617382
206.281701,-5.860000,-8.385549,-18.900444,-16.031420,0.450969,9.496663,1,0,1,-2.525548
206.484521,-5.920000,-8.576052,-14.755419,-17.106979,-0.369392,10.571056,1,0,1,-2.656052
206.686657,-6.050000,-8.343547,-15.321669,-15.194346,0.008027,4.372077,0,44,0,-2.293547
206.889507,-6.180000,-6.463497,-15.321669,-15.194346,0.119958,7.481079,0,244,0,-0.283497
207.081912,-6.220000,-5.952915,-13.788441,-13.023480,0.303209,7.640566,0,129,0,0.267085
207.281637,-6.070000,-5.887779,-11.028927,-10.056962,-0.583193,6.194019,0,101,0,0.182221
207.482865,-6.100000,-5.574926,-13.137860,-12.424871,0.107323,12.343101,0,65,0,0.525074
207.686752,-6.060000,-4.415469,-13.376472,-11.891184,0.012552,18.838751,0,37,0,1.644531
207.882561,-5.950000,-4.429403,-10.561986,-10.477715,-0.021967,5.493384,0,176,0,1.520597
208.083753,-5.850000,-3.655706,-13.777634,-13.920431,-0.143368,18.855804,0,141,0,2.194293
208.280631,-5.730000,-4.221558,-15.738126,-13.444520,0.369928,10.875312,1,0,1,1.508442
208.488518,-5.760000,-3.469452,-10.786842,-13.457471,0.342683,20.988396,0,56,0,2.290548
208.681586,-5.910000,-4.468901,-16.341089,-14.146611,-0.430006,7.093959,0,58,0,1.441099
208.883513,-5.960000,-4.372468,-16.525917,-12.886975,-0.110455,19.781216,0,87,0,1.587532
209.081881,-6.010000,-4.178956,-13.173676,-11.669717,0.193573,5.496082,0,75,0,1.831044
209.282551,-6.150000,-3.636652,-9.356746,-10.260368,-0.141729,11.609232,0,25,0,2.513348
209.485637,-6.210000,-2.987008,-6.954055,-6.533347,0.283997,8.560128,1,0,1,3.222992
209.687170,-6.100000,-1.887633,-9.249815,-7.389771,0.054406,6.401468,0,177,0,4.212367
209.882230,-6.060000,-2.682246,-10.478355,-10.126932,0.587715,6.469252,0,179,0,3.377754
210.081762,-5.990000,-3.575221,-14.065751,-14.065751,-0.215536,10.277948,1,11,0,2.414779
210.281856,-6.080000,-4.096212,-9.837853,-9.837853,0.293880,18.672049,0,34,0,1.983788
210.481514,-6.230000,-3.480921,-8.538757,-8.538757,0.151613,13.171461,0,61,0,2.749079
210.687631,-6.190000,-2.171825,-4.742667,-4.742667,0.231627,11.468162,0,52,0,4.018175
210.881773,-6.240000,-3.002766,-4.214120,-4.214120,0.428778,11.361686,0,86,0,3.237234
211.084642,-6.460000,-3.872694,-4.214120,-4.214120,-0.170435,17.650730,0,62,0,2.587306
211.282559,-6.770000,-4.362062,-4.214120,-4.214120,-0.279672,12.150763,0,95,0,2.407938
211.482579,-6.990000,-3.875937,-4.214120,-4.214120,-0.021623,9.752712,1,0,0,3.114063
211.683636,-7.040000,-3.813448,-14.407941,-14.407941,0.498860,10.641936,1,5,0,3.226552
211.885513,-7.020000,-2.473523,-12.154099,-12.154099,0.346885,10.555976,1,52,0,4.546477
212.095735,-7.190000,-0.749227,-9.608858,-9.608858,0.511261,4.598877,0,74,0,6.440773
212.285516,-7.280000,-0.422106,-13.046105,-13.046105,-0.303401,10.074191,1,9,0,6.857894
212.482698,-7.200000,-0.237673,-16.816685,-16.816685,0.592477,7.559196,0,58,0,6.962327
212.683635,-7.350000,-0.160104,-15.791008,-15.791008,0.480759,8.825324,1,0,0,7.189896
212.902749,-7.390000,-0.077040,-17.851082,-17.851082,0.355953,13.521982,0,91,0,7.312959
213.082002,-7.400000,0.183818,-16.791346,-16.791346,0.513289,14.844945,0,19,0,7.583818
213.283676,-7.500000,-1.067469,-18.051134,-18.051134,-0.296963,14.000586,0,123,0,6.432531
213.485641,-7.490000,-0.442811,-18.051134,-18.051134,0.172539,14.695633,0,321,0,7.047188
213.685697,-7.370000,-1.110967,-10.956352,-10.956352,0.191488,18.388187,0,35,0,6.259033
213.902973,-7.230000,-1.457314,-10.956352,-10.956352,0.683388,16.125856,0,272,0,5.772686
214.087208,-7.090000,-1.830027,-9.663050,-9.663050,0.728523,17.329756,0,37,0,5.259973
214.281615,-7.050000,-1.803221,-15.232718,-15.232718,0.448317,10.798386,1,2,0,5.246779
214.483629,-7.020000,-2.454654,-13.766782,-13.766782,0.081648,13.406902,0,21,0,4.565346
214.683705,-6.920000,-1.534716,-14.992936,-14.992936,0.665658,5.436105,0,53,0,5.385284
214.921884,-6.930000,-1.448738,-11.517399,-11.517399,0.337746,13.446043,0,116,0,5.481262
215.081848,-6.980000,-2.819938,-11.517399,-11.517399,0.673217,19.652525,0,256,0,4.160062
215.281628,-7.020000,-4.104761,-10.468191,-10.468191,0.086378,8.879642,1,10,0,2.915239
215.480697,-7.070000,-4.053269,-16.717613,-16.717613,0.273027,8.611123,1,18,0,3.016731
215.686639,-7.020000,-3.967199,-11.602389,-11.602389,0.214319,19.861084,0,43,0,3.052801
215.935905,-7.030000,-3.745357,-11.602389,-11.602389,-0.365665,12.030826,0,312,0,3.284643
216.081610,-7.070000,-3.120844,-11.602389,-11.602389,0.502253,12.182636,0,444,0,3.949157
216.283481,-6.920000,-2.739203,-11.602389,-11.602389,0.273172,9.424440,1,0,0,4.180797
216.482051,-6.990000,-2.730398,-11.602389,-11.602389,-0.040612,4.465920,0,21,0,4.259602
216.686631,-7.120000,-3.720545,-11.602389,-11.602389,0.149816,14.844018,0,65,0,3.399455
216.937240,-7.230000,-3.858891,-11.602389,-11.602389,-0.148187,19.027901,0,95,0,3.371109
217.081581,-7.180000,-3.732210,-11.602389,-11.602389,0.849664,14.012407,0,218,0,3.447790
217.281882,-7.100000,-4.304463,-11.602389,-11.602389,0.703453,12.100681,0,98,0,2.795537
217.487229,-7.160000,-5.274574,-12.199855,-12.199855,0.214149,7.821972,0,73,0,1.885426
217.685649,-7.190000,-5.254987,-14.333400,-14.333400,-0.208834,14.200209,0,88,0,1.935013
217.936895,-7.080000,-5.087052,-16.143394,-16.143394,0.302623,10.530442,1,53,0,1.992948
218.083703,-6.860000,-5.777220,-18.837448,-18.837448,0.036450,12.780812,0,96,0,1.082780
218.283778,-6.770000,-4.880912,-18.225660,-18.225660,-0.389075,5.858090,0,76,0,1.889088
218.485632,-6.780000,-6.049969,-18.225660,-18.225660,0.135842,9.984157,1,0,0,0.730031
218.680727,-6.870000,-6.407262,-20.902779,-20.902779,0.104576,12.933500,0,37,0,0.462738
218.882575,-6.920000,-7.551480,-24.465355,-24.465355,0.224022,9.894645,1,11,0,-0.631480
219.082560,-6.940000,-7.033149,-22.518368,-22.518368,-0.131251,5.341236,0,98,0,-0.093149
219.280795,-6.830000,-7.487639,-20.057646,-20.057646,0.527668,15.025845,0,32,0,-0.657639
219.480557,-6.700000,-6.682927,-21.655405,-21.655405,-0.170664,12.870228,0,61,0,0.017073
219.680546,-6.530000,-6.206686,-21.672667,-21.672667,-0.014955,16.617886,0,150,0,0.323315
220.004976,-6.540000,-7.688221,-20.144640,-20.144640,0.673630,4.081580,0,135,0,-1.148221
220.089674,-6.720000,-8.707080,-18.876675,-18.876675,0.376448,8.645047,1,3,0,-1.987080
220.285698,-6.920000,-8.872228,-15.681329,-15.681329,0.501558,5.590801,0,31,0,-1.952228
220.483735,-7.100000,-9.213970,-10.436656,-10.436656,-0.099717,19.628555,0,34,0,-2.113970
220.682503,-7.050000,-8.527542,-5.953400,-5.953400,0.056205,9.299850,1,0,0,-1.477542
220.883501,-6.860000,-7.908570,-5.953400,-5.953400,0.395823,7.394991,0,195,0,-1.048570
221.081610,-6.490000,-7.779325,-6.325149,-6.325149,0.353320,19.346884,0,59,0,-1.289326
221.281843,-6.300000,-7.501484,-3.261350,-3.261350,-0.047378,6.313575,0,37,0,-1.201484
221.486650,-6.200000,-6.654551,-4.519889,-4.519889,0.103647,11.485354,0,16,0,-0.454551
221.681715,-6.140000,-6.572427,-10.923797,-10.923797,-0.121509,9.523838,1,0,0,-0.432427
221.883464,-6.200000,-7.337978,-8.114302,-8.114302,-0.167329,9.801866,1,6,0,-1.137979
222.093508,-6.280000,-6.772834,-11.572486,-11.572486,1.526639,10.880232,1,16,0,-0.492834
222.286475,-6.320000,-7.407484,-10.627604,-10.627604,0.091605,7.335342,0,58,0,-1.087484
222.483722,-6.330000,-7.396759,-15.678635,-15.678635,0.470575,9.028289,1,16,0,-1.066759
222.689506,-6.200000,-8.330523,-8.921590,-8.921590,0.080078,15.116282,0,36,0,-2.130524
222.886480,-6.080000,-7.729394,-6.814242,-6.814242,0.292449,3.847791,0,56,0,-1.649394
223.083788,-6.100000,-9.190845,-3.977883,-3.977883,0.369218,6.712539,0,60,0,-3.090845
223.281595,-6.120000,-8.058084,-11.815760,-11.815760,0.055482,7.290061,0,31,0,-1.938085
223.485643,-6.010000,-7.526717,-10.001945,-10.001945,0.107640,5.132599,0,108,0,-1.516717
223.685184,-6.040000,-8.496184,-10.369692,-10.369692,0.151227,13.696331,0,46,0,-2.456184
223.885949,-6.160000,-8.931299,-9.576885,-9.576885,-0.131245,10.859475,1,0,0,-2.771299
224.083526,-6.300000,-9.657807,-6.563250,-6.563250,0.279834,5.761112,0,36,0,-3.357807
224.282571,-6.360000,-9.919969,-6.873564,-6.873564,0.060893,11.600564,0,83,0,-3.559968
224.480653,-6.190000,-8.462606,-8.598798,-8.598798,-0.212655,20.310686,0,19,0,-2.272606
224.683795,-6.080000,-7.741377,-11.638759,-11.638759,0.434486,2.864902,0,76,0,-1.661377
224.883470,-6.030000,-7.931688,-12.691216,-12.691216,0.399896,14.095456,0,54,0,-1.901688
225.084204,-6.040000,-8.863720,-12.691216,-12.691216,0.310138,3.633657,0,255,0,-2.823720
225.283458,-6.040000,-8.755072,-9.786548,-9.786548,0.254129,6.366964,0,47,0,-2.715072
225.482859,-6.050000,-8.261173,-11.782254,-11.782254,0.386133,11.906629,0,91,0,-2.211173
225.682080,-6.270000,-9.896360,-9.774611,-9.774611,0.398034,4.478724,0,52,0,-3.626360
225.880946,-6.390000,-9.155151,-11.888127,-11.888127,-0.504101,14.743414,0,99,0,-2.765152
226.086209,-6.280000,-8.091825,-15.325108,-15.325108,-0.138388,12.328778,0,110,0,-1.811825
226.283651,-6.090000,-7.198261,-17.953642,-17.953642,-0.169719,10.094319,1,0,0,-1.108261
226.483849,-5.960000,-7.696654,-14.335197,-14.335197,-0.121475,11.695831,0,113,0,-1.736654
226.681635,-5.870000,-7.950243,-16.865414,-16.865414,-0.135284,11.551377,0,99,0,-2.080243
226.886656,-5.740000,-7.282462,-14.044636,-14.044636,-0.401053,15.356383,0,15,0,-1.542462
227.081487,-5.750000,-7.655609,-11.567544,-11.567544,-0.479466,3.731672,0,84,0,-1.905609
227.283756,-5.820000,-6.031912,-9.224646,-9.224646,-0.019896,17.176289,0,59,0,-0.211912
227.484691,-5.730000,-6.413965,-12.400514,-12.400514,0.042243,16.448664,0,117,0,-0.683965
227.685723,-5.630000,-5.183916,-12.770075,-12.770075,-0.212858,1.009774,0,163,0,0.446084
227.880872,-5.680000,-6.449797,-14.062872,-14.062872,-0.212399,9.398177,1,9,0,-0.769797
228.086647,-5.850000,-6.439926,-10.741897,-10.741897,0.034592,7.846529,0,148,0,-0.589926
228.286652,-5.770000,-6.608732,-12.633866,-15.881630,-0.499306,15.705897,0,37,0,-0.838732
228.483582,-5.760000,-6.519767,-11.290448,-12.531677,-0.191824,15.243414,0,36,0,-0.759767
228.693631,-5.710000,-8.092972,-4.442138,-4.507840,-0.590130,17.757803,0,87,0,-2.382972
228.886476,-5.600000,-6.705443,-1.728045,-3.244149,-0.242074,10.818050,1,12,1,-1.105443
229.080876,-5.670000,-7.433062,-3.680739,-3.986897,0.125393,6.872328,0,95,0,-1.763062
229.282568,-5.830000,-7.473849,-5.600511,-6.666955,-0.176929,11.219018,1,13,1,-1.643849
229.481605,-5.800000,-8.188330,-4.304518,-6.464807,-0.355206,11.813190,0,35,0,-2.388330
229.685643,-5.660000,-6.696762,-1.115012,-3.862777,-0.297422,8.279814,0,108,0,-1.036762
229.881835,-5.440000,-4.655619,-1.115012,-3.862777,-0.410180,12.869484,0,303,0,0.784381
230.085769,-5.220000,-4.855336,-1.115012,-3.862777,0.027030,16.130638,0,507,0,0.364664
230.289949,-5.130000,-5.348096,-8.346228,-9.521445,-0.186879,9.676486,1,0,1,-0.218096
230.486512,-5.030000,-4.446592,-5.763326,-8.449846,-0.424298,10.268174,1,12,1,0.583408
230.682755,-4.800000,-4.081900,-1.725528,-6.431757,-0.743822,10.469470,1,14,1,0.718100
230.882470,-4.680000,-3.822398,-10.266879,-9.192738,0.170878,10.075081,1,0,1,0.857601
231.083215,-4.630000,-3.912467,1.710275,-2.957310,-0.674115,9.136927,1,0,1,0.717533
231.282571,-4.590000,-3.727104,-2.675647,-6.788768,-0.609549,9.846324,1,0,1,0.862896
231.483809,-4.690000,-3.979816,-7.060953,-9.717625,-0.407388,17.796261,0,32,0,0.710184
231.682810,-4.890000,-3.858181,-6.943423,-8.626474,-0.839913,7.856592,0,124,0,1.031819
231.886658,-4.870000,-3.561164,-7.363516,-13.390150,-0.928044,9.787438,1,0,1,1.308836
232.088518,-4.890000,-3.063484,-13.581363,-14.273145,-0.143111,18.870573,0,75,0,1.826516
232.285775,-5.020000,-3.092156,-9.266979,-15.220721,-0.886194,10.035727,1,14,1,1.927844
232.483789,-5.150000,-4.065381,-9.266979,-15.220721,0.318316,6.823582,0,60,0,1.084620
232.693786,-5.120000,-4.414031,-22.721413,-22.909893,-0.417350,18.102966,0,159,0,0.705969
232.892702,-5.020000,-4.672830,-21.746893,-21.746893,-0.074581,14.466040,0,53,0,0.347170
233.090930,-4.920000,-3.844977,-18.135321,-18.135321,-0.177496,13.919872,0,201,0,1.075023
233.282536,-5.190000,-2.488865,-13.939771,-13.939771,-0.067092,7.412943,0,32,0,2.701135
233.486641,-5.300000,-2.397746,-13.939771,-13.939771,0.103376,10.055531,1,4,0,2.902254
233.681808,-5.430000,-3.503978,-13.939771,-13.939771,0.342212,5.637962,0,108,0,1.926022
233.881694,-5.610000,-4.582630,-10.645620,-10.645620,0.359099,11.737880,0,111,0,1.027370
234.101213,-5.680000,-4.672447,-10.844384,-10.844384,-0.378707,8.415633,1,54,0,1.007553
234.290592,-5.890000,-4.810420,-10.844384,-10.844384,-0.260142,15.734296,0,223,0,1.079580
234.485469,-6.300000,-5.459503,-8.128704,-8.128704,0.271426,9.279666,1,5,0,0.840497
234.683485,-6.560000,-4.581851,-8.128704,-8.128704,0.034577,6.277407,0,13,0,1.978148
234.887653,-6.610000,-5.006633,-8.128704,-8.128704,-0.401934,13.240108,0,65,0,1.603367
235.118407,-6.520000,-5.130452,-5.858843,-5.858843,0.505276,17.121841,0,119,0,1.389548
235.282598,-6.600000,-4.412575,-4.314441,-4.314441,0.263669,9.987885,1,0,0,2.187425
235.483716,-6.610000,-4.494314,-5.601024,-5.601024,0.274732,12.865467,0,38,0,2.115686
235.681131,-6.580000,-4.062401,-6.719136,-6.719136,0.710874,9.132937,1,0,0,2.517599
235.885711,-6.480000,-3.146616,-4.028014,-4.028014,0.451060,12.177443,0,80,0,3.333384
236.126892,-6.520000,-2.708956,-3.886980,-3.886980,0.289116,9.210048,1,53,0,3.811044
236.282574,-6.700000,-2.368792,-3.036821,-3.036821,0.545864,5.446724,0,21,0,4.331208
236.486639,-6.750000,-0.228189,-3.641583,-3.641583,0.161595,9.137192,1,7,0,6.521811
236.682568,-6.720000,-0.095654,-0.593039,-0.593039,0.054405,17.764507,0,37,0,6.624346
236.883474,-6.620000,0.001249,-3.139414,-3.139414,-0.689615,9.622249,1,0,0,6.621249
237.131953,-6.500000,-0.360876,-3.504873,-3.504873,-0.079221,11.985931,0,75,0,6.139124
237.286628,-6.330000,-0.026250,-2.889721,-2.889721,-0.277723,10.737061,1,0,0,6.303750
237.488515,-6.200000,-0.456355,-8.559603,-8.559603,0.064913,6.382870,0,27,0,5.743645
237.681564,-6.030000,-0.275608,-11.915446,-11.915446,-0.717954,14.560827,0,58,0,5.754392
237.883706,-5.810000,-0.281074,-5.019210,-5.019210,0.343563,6.485283,0,39,0,5.528925
238.141276,-5.630000,0.159295,-5.019210,-5.019210,-0.201201,13.904644,0,70,0,5.789295
238.281471,-5.540000,2.007437,-8.692073,-8.692073,0.042928,16.123222,0,64,0,7.547437
238.483507,-5.450000,2.519709,-8.602932,-8.602932,-0.462643,4.552460,0,122,0,7.969708
238.682756,-5.410000,1.665255,-8.316669,-8.316669,-0.290434,13.839354,0,59,0,7.075254
238.882578,-5.400000,1.104601,-7.722327,-7.722327,-0.776855,5.810419,0,22,0,6.504601
239.141657,-5.290000,0.068937,-8.609944,-8.609944,-0.173634,8.730254,1,53,0,5.358937
239.283451,-5.280000,0.602640,-9.689187,-9.689187,-0.226048,10.241755,1,0,0,5.882640
239.481511,-5.270000,0.567439,-8.452708,-8.452708,-0.606176,7.802087,0,118,0,5.837439
239.680783,-5.220000,0.167156,-8.452708,-8.452708,-0.149998,11.415751,0,313,0,5.387156
239.881823,-5.120000,-0.212171,-7.895198,-7.895198,-0.359248,10.700321,1,0,0,4.907829
240.081482,-5.030000,-0.237899,-8.230520,-8.230520,-0.550016,11.516795,0,177,0,4.792101
240.281481,-4.900000,0.035184,-8.655106,-8.655106,-0.032497,7.569256,0,21,0,4.935184
240.485506,-4.850000,0.395488,-12.034904,-12.034904,-0.175465,12.362784,0,30,0,5.245488
240.681788,-4.730000,0.737724,-12.668957,-12.668957,-0.517736,13.371203,0,14,0,5.467724
240.882550,-4.790000,1.346275,-11.661691,-11.661691,-0.437916,8.503605,1,11,0,6.136274
241.083547,-4.910000,0.729394,-12.622921,-12.622921,-0.885979,9.339869,1,0,0,5.639394
241.281790,-5.020000,0.800808,-12.622921,-12.622921,-0.370318,13.992700,0,193,0,5.820808
241.485559,-5.060000,1.484793,-10.905085,-10.905085,-0.221238,14.082571,0,70,0,6.544793
241.685516,-5.290000,1.869510,-12.454115,-12.454115,-0.868439,19.547428,0,33,0,7.159510
241.882469,-5.260000,1.754523,-10.445698,-10.445698,-0.257348,12.882610,0,25,0,7.014524
242.083485,-5.240000,1.253718,-9.141729,-9.141729,0.062118,5.672522,0,62,0,6.493718
242.281463,-5.300000,0.579396,-7.824372,-7.824372,-0.020910,15.675496,0,18,0,5.879396
242.481521,-5.150000,1.654719,-8.562161,-8.562161,-0.544240,16.094151,0,95,0,6.804719
242.682570,-5.070000,0.527530,-9.866403,-9.866403,-0.100477,9.579447,1,0,0,5.597530
242.883680,-5.370000,0.845021,-11.288861,-11.288861,-0.162789,14.865083,0,51,0,6.215021
243.081456,-5.750000,-0.799616,-8.291956,-8.291956,-0.661505,2.755251,0,28,0,4.950384
243.282197,-6.040000,-1.226027,-8.017470,-8.017470,-0.466292,17.299490,0,139,0,4.813973
243.486639,-6.120000,-2.422991,-4.166652,-4.166652,-0.286016,12.772120,0,33,0,3.697009
243.685522,-6.360000,-1.697397,-3.593666,-3.593666,-0.140097,9.960166,1,12,0,4.662603
243.883473,-6.620000,-3.797012,-6.576340,-6.576340,-0.616408,13.660810,0,38,0,2.822988
244.082686,-7.020000,-3.399115,-5.025636,-5.025636,0.234613,12.869695,0,57,0,3.620885
244.281679,-7.290000,-4.629732,-4.880336,-4.880336,-0.104929,3.150129,0,192,0,2.660268
244.484651,-7.580000,-5.410479,-3.163351,-3.163351,0.049501,12.177655,0,19,0,2.169521
244.682830,-7.890000,-5.786712,-4.229370,-4.229370,0.087947,8.731367,1,9,0,2.103288
244.882062,-8.320000,-5.502936,-6.422533,-6.422533,-0.375578,5.883373,0,42,0,2.817063
245.082663,-8.360000,-5.072649,-11.352026,-11.352026,-0.077389,9.126728,1,0,0,3.287351
245.282084,-8.300000,-5.019305,-9.391904,-9.391904,-0.337032,7.994105,0,118,0,3.280695
245.482697,-8.510000,-5.669098,-9.391904,-9.391904,-0.012894,4.184706,0,74,0,2.840902
245.686659,-8.520000,-6.001199,-9.391904,-9.391904,-0.080652,19.406521,0,21,0,2.518802
245.883481,-8.340000,-5.823691,-8.245369,-8.245369,0.060843,11.312116,0,97,0,2.516309
246.082664,-8.350000,-6.297498,-8.526353,-8.526353,-0.427579,7.160349,0,30,0,2.052502
246.281774,-8.460000,-7.017936,-7.351692,-7.351692,-0.217761,5.801196,0,74,0,1.442064
246.481540,-8.290000,-6.908635,-7.351692,-7.351692,0.263251,7.865009,0,31,0,1.381365
246.682577,-8.080000,-7.025133,-9.677000,-9.677000,-0.212850,19.249638,0,36,0,1.054867
246.881399,-7.970000,-7.171059,-6.009108,-6.009108,0.576120,18.062109,0,19,0,0.798941
247.082611,-7.870000,-7.069601,-8.183271,-8.183271,-0.268925,14.304346,0,85,0,0.800399
247.281417,-7.740000,-6.385637,-8.183271,-8.183271,-0.737410,16.340313,0,294,0,1.354362
247.485720,-7.740000,-7.006346,-13.570236,-13.570236,-0.093784,14.052043,0,58,0,0.733654
247.691140,-7.780000,-7.077117,-14.627014,-14.627014,0.713144,18.864452,0,58,0,0.702883
247.883546,-7.660000,-7.201679,-9.531162,-9.531162,-0.218090,8.271847,0,60,0,0.458321
248.083768,-7.340000,-6.495876,-11.093456,-11.093456,0.035978,9.852302,1,16,0,0.844124
248.284644,-7.030000,-7.680009,-11.854865,-11.854865,-0.425390,6.527340,0,147,0,-0.650009
248.483457,-6.900000,-7.007260,-13.729810,-13.729810,0.481814,6.632935,0,41,0,-0.107260
248.683549,-6.890000,-7.092063,-11.758491,-11.758491,-0.354140,9.606064,1,14,0,-0.202064
248.881648,-6.760000,-6.878771,-12.647922,-12.647922,0.408197,15.885659,0,35,0,-0.118771
249.082579,-6.700000,-6.501774,-15.628902,-13.036802,-0.132954,11.478916,0,199,0,0.198225
249.595840,-6.760000,-6.686770,-15.796453,-14.567718,-0.049140,7.860927,0,394,0,0.073230
249.681665,-6.630000,-6.944784,-12.870980,-13.115817,-0.038202,9.736609,1,15,1,-0.314784
249.885633,-6.800000,-6.563614,-10.838679,-11.426729,-0.267946,14.757541,0,91,0,0.236386
250.081852,-6.820000,-6.564903,-11.123741,-9.379831,0.273305,11.911224,0,32,0,0.255097
250.285663,-6.790000,-7.360816,-10.431438,-8.609181,-0.113881,5.970417,0,183,0,-0.570816
250.481559,-6.770000,-8.538672,-14.904814,-11.285503,0.543447,21.027765,0,85,0,-1.768672
250.683475,-6.940000,-9.609777,-12.440873,-13.906500,-0.217662,6.521198,0,31,0,-2.669777
250.883480,-7.170000,-9.281976,-14.575468,-11.169806,-0.151961,5.681787,0,47,0,-2.111976
251.081401,-7.300000,-8.572691,-17.353073,-15.909995,0.214579,11.619769,0,30,0,-1.272691
251.285919,-7.540000,-8.835962,-15.660806,-14.983232,-0.062804,8.666615,1,51,1,-1.295962
251.482510,-7.970000,-9.406187,-19.454298,-14.252126,0.802770,6.817327,0,50,0,-1.436187
251.688199,-8.440000,-9.353503,-13.564005,-13.442080,0.158344,11.677279,0,70,0,-0.913504
251.883475,-8.950000,-9.650309,-13.757291,-11.974477,0.275576,9.044446,1,11,1,-0.700309
252.081484,-9.590000,-9.603554,-13.757291,-11.974477,0.046097,6.593080,0,58,0,-0.013554
252.300199,-9.940000,-9.397633,-13.757291,-11.974477,0.541028,6.828695,0,116,0,0.542367
252.484650,-10.360000,-10.994980,-13.757291,-11.974477,0.029807,14.895473,0,106,0,-0.634980
252.681854,-10.800000,-11.592669,-13.757291,-11.974477,0.675921,8.062054,0,302,0,-0.792669
252.882138,-11.360000,-11.120661,-13.757291,-11.974477,0.264829,7.536505,0,76,0,0.239339
253.082577,-11.600000,-11.719636,-18.437052,-14.973506,0.196866,7.147078,0,115,0,-0.119636
253.301658,-11.800000,-12.381632,-18.067970,-16.768675,0.036635,11.546169,0,189,0,-0.581632
253.484652,-12.140000,-12.302499,-22.968769,-15.728460,1.117520,6.586355,0,106,0,-0.162498
253.685590,-12.420000,-11.463730,-14.993644,-16.452648,0.634241,14.829929,0,29,0,0.956270
253.884481,-12.410000,-11.643618,-11.695661,-11.554661,0.779546,15.793265,0,106,0,0.766382
254.091657,-12.580000,-11.261051,-11.695661,-11.554661,0.430578,12.345122,0,313,0,1.318949
254.343006,-13.050000,-12.448573,-23.115099,-17.196726,0.720000,7.052629,0,122,0,0.601427
254.483472,-12.890000,-12.589550,-23.115099,-17.196726,0.720000,16.310133,0,87,0,0.300450
254.683563,-12.550000,-11.506579,-18.495239,-16.798403,0.996791,1.587852,0,121,0,1.043421
254.881654,-12.460000,-9.953400,-22.057579,-19.918152,0.912732,14.809033,0,118,0,2.506600
255.082102,-12.470000,-9.870237,-21.057808,-19.690619,0.792432,19.847328,0,48,0,2.599763
255.332911,-12.180000,-9.193767,-25.072468,-21.432634,0.394467,11.426999,0,117,0,2.986234
255.483482,-11.930000,-8.602379,-22.931608,-20.562307,0.749414,9.185525,1,10,1,3.327621
255.682595,-11.610000,-7.484137,-27.993408,-24.810198,0.552122,9.869800,1,0,1,4.125863
255.888507,-11.190000,-7.105838,-24.548237,-22.511900,0.335135,9.831679,1,7,1,4.084161
256.086645,-10.900000,-7.375541,-25.738451,-24.035290,0.270248,12.214298,0,30,0,3.524458
256.334229,-10.690000,-5.831895,-24.283218,-20.539808,0.136980,6.374108,0,95,0,4.858105
256.482563,-10.460000,-5.688750,-19.074720,-18.201363,0.490302,10.059837,1,5,1,4.771250
256.682595,-10.090000,-6.802545,-26.713865,-23.743570,0.422673,22.678585,0,50,0,3.287455
256.881384,-10.000000,-7.082027,-22.307230,-20.582594,0.276283,18.083626,0,24,0,2.917973
257.085648,-10.030000,-7.143225,-29.549551,-25.201906,0.121886,14.919888,0,46,0,2.886775
257.396600,-9.820000,-6.822348,-29.413767,-25.482138,-0.047466,11.607780,0,156,0,2.997652
257.482684,-9.560000,-6.612845,-29.413767,-25.482138,0.574387,13.452948,0,229,0,2.947155
257.687694,-9.300000,-7.947451,-19.818348,-19.926222,-0.016748,10.946005,1,3,1,1.352550
257.886705,-9.130000,-8.136857,-15.861728,-15.876060,0.301348,6.883903,0,115,0,0.993143
258.084502,-9.110000,-8.642575,-20.237661,-17.410633,0.452504,5.985338,0,49,0,0.467424
258.281397,-9.180000,-9.456372,-21.932671,-17.266314,0.762670,10.764166,1,11,1,-0.276372
258.481444,-9.120000,-10.541510,-21.932671,-17.266314,0.573635,14.761979,0,205,0,-1.421510
258.687029,-8.930000,-10.019837,-11.463533,-13.878099,-0.361138,8.840153,1,0,1,-1.089837
258.885654,-8.770000,-10.206655,-21.898081,-16.736383,0.799542,9.464034,1,0,1,-1.436654
259.081821,-8.530000,-8.846561,-21.898081,-16.736383,-0.093115,13.195217,0,16,0,-0.316562
259.282119,-8.280000,-7.778760,-21.782146,-16.976889,0.753004,8.659963,1,15,1,0.501239
259.481485,-7.810000,-7.305739,-18.316931,-18.538124,-0.946829,11.489758,0,71,0,0.504261
259.681494,-7.700000,-6.720355,-18.364769,-18.564550,-0.032277,16.728884,0,34,0,0.979645
259.884501,-8.270000,-7.304532,-20.768436,-20.416550,0.059117,6.934433,0,40,0,0.965468
260.086507,-9.110000,-6.651208,-22.718702,-19.602657,0.530855,8.651294,1,0,1,2.458792
260.283492,-9.650000,-7.453157,-24.305561,-21.928011,0.401175,9.178351,1,15,1,2.196842
260.481519,-9.890000,-9.275145,-29.333061,-28.703335,0.107937,2.650419,0,59,0,0.614856
260.681469,-9.890000,-9.914925,-26.216894,-23.349562,0.477499,3.853249,0,24,0,-0.024924
260.883488,-9.510000,-9.670233,-19.548306,-20.707987,-0.258907,15.582705,0,46,0,-0.160233
261.082094,-9.850000,-9.862164,-29.034151,-25.327038,0.621859,9.158614,1,11,1,-0.012164
261.281682,-10.580000,-9.542322,-23.622860,-26.233835,0.443507,7.465121,0,57,0,1.037678
261.484504,-10.720000,-9.608726,-23.546324,-23.384859,0.026239,17.501295,0,43,0,1.111275
261.681402,-10.360000,-9.479737,-20.632385,-20.396469,0.037517,10.239162,1,11,1,0.880262
261.883519,-10.070000,-8.414104,-19.280794,-18.460981,-0.417113,19.811100,0,54,0,1.655896
262.081406,-10.210000,-8.112717,-20.520437,-22.362394,0.372471,9.053894,1,0,0,2.097283
262.283663,-10.410000,-8.740569,-20.520437,-22.362394,-0.046961,13.615395,0,31,0,1.669431
262.484754,-10.450000,-9.679378,-25.940399,-24.334818,-0.199455,17.780434,0,24,0,0.770622
262.683538,-10.520000,-9.695736,-21.311998,-20.362932,0.149752,9.548046,1,7,1,0.824265
262.883478,-11.010000,-10.137744,-21.041323,-20.271662,0.123810,11.056068,1,0,1,0.872256
263.089765,-11.270000,-9.921503,-25.596224,-25.036842,0.520219,12.511125,0,75,0,1.348497
263.282773,-11.470000,-10.595035,-26.893805,-28.434725,-0.258887,13.443151,0,31,0,0.874966
263.481459,-11.820000,-12.304426,-24.545197,-26.121216,0.477740,11.817796,0,151,0,-0.484426
263.681439,-11.940000,-12.002457,-24.974297,-23.478790,0.294876,7.768805,0,30,0,-0.062457
263.888649,-11.680000,-11.660117,-25.614855,-24.995113,0.101139,10.778543,1,0,1,0.019883
264.082405,-11.520000,-11.097441,-25.614855,-24.995113,-0.288768,9.456169,1,14,0,0.422560
264.281746,-11.470000,-10.847552,-26.990532,-28.748901,-0.505155,8.778275,1,0,0,0.622448
264.485754,-11.310000,-11.202905,-26.990532,-28.748901,0.523018,7.902238,0,100,0,0.107096
264.695509,-11.380000,-11.239044,-27.570585,-26.351616,0.202621,11.124579,1,15,1,0.140956
264.895507,-11.200000,-10.964265,-15.092551,-15.342646,-0.107659,20.281719,0,95,0,0.235735
265.086474,-11.190000,-9.741029,-22.075926,-16.510633,-0.137458,2.166672,0,47,0,1.448971
265.282754,-11.110000,-10.229592,-19.353329,-20.224098,0.529722,15.090380,0,111,0,0.880407
265.482065,-11.090000,-10.879324,-17.570383,-14.153517,-0.134351,13.019197,0,138,0,0.210676
265.681502,-11.270000,-11.034084,-14.084919,-14.942357,0.132952,15.655666,0,51,0,0.235916
265.889635,-10.980000,-11.672572,-11.060639,-12.008331,0.671902,12.994052,0,119,0,-0.692573
266.084636,-10.850000,-11.973692,-12.727125,-12.638165,0.059129,15.035728,0,89,0,-1.123692
266.287490,-10.920000,-11.140826,-14.613362,-13.227324,0.043357,8.441429,1,0,0,-0.220826
266.486644,-10.800000,-10.306344,-19.712456,-17.980280,0.260558,9.558106,1,0,1,0.493656
266.682615,-10.710000,-8.854390,-19.712456,-17.980280,0.411120,7.029260,0,43,0,1.855610
266.881392,-10.440000,-9.200479,-19.712456,-17.980280,-0.230927,12.379144,0,183,0,1.239521
267.082147,-10.040000,-8.429437,-19.712456,-17.980280,-0.442259,7.733847,0,188,0,1.610563
267.281395,-9.960000,-9.196980,-19.712456,-17.980280,-0.110697,10.027218,1,16,0,0.763021
267.484651,-9.970000,-9.183260,-20.559052,-21.323862,0.110370,14.306564,0,155,0,0.786740
267.682150,-9.760000,-8.137177,-23.085831,-22.343908,-0.009574,5.912591,0,34,0,1.622824
267.884768,-9.510000,-8.465982,-16.457651,-18.527094,-0.061490,15.941739,0,73,0,1.044018
268.082746,-9.370000,-9.425989,-20.450375,-23.224102,0.045768,19.809189,0,69,0,-0.055989
268.286496,-9.370000,-9.464733,-22.454710,-25.201797,-0.416576,12.887519,0,21,0,-0.094733
268.482980,-9.410000,-9.347821,-23.827757,-26.118979,-0.353892,4.778533,0,59,0,0.062179
268.681388,-9.490000,-9.505654,-24.526047,-25.110941,-0.091819,11.268586,1,11,1,-0.015655
268.882217,-9.510000,-10.363607,-22.152987,-21.242699,-0.376497,11.676160,0,73,0,-0.853607
269.081393,-9.490000,-9.321693,-20.060415,-20.060415,-0.041074,12.917819,0,19,0,0.168306
269.282559,-9.530000,-8.680658,-18.429834,-18.429834,-0.121035,13.154417,0,150,0,0.849341
269.498740,-9.600000,-8.534513,-24.209059,-24.209059,0.058810,9.952736,1,78,0,1.065488
269.685498,-9.670000,-6.134926,-24.209059,-24.209059,-0.205171,13.208547,0,252,0,3.535074
269.886493,-9.600000,-6.839264,-24.272167,-24.272167,-0.313381,9.305348,1,0,0,2.760736
270.083482,-9.290000,-6.797737,-21.099308,-21.099308,0.318526,10.744774,1,0,0,2.492263
270.284484,-9.010000,-6.671557,-19.160357,-19.160357,-0.164041,13.300697,0,97,0,2.338443
270.484497,-8.820000,-7.378611,-18.561523,-18.561523,-0.172870,17.572638,0,92,0,1.441389
270.685637,-8.520000,-7.181783,-22.671124,-22.671124,-0.160655,18.597885,0,33,0,1.338218
270.882318,-8.330000,-6.857273,-24.262285,-24.262285,-0.557258,7.813539,0,109,0,1.472727
271.081405,-8.260000,-7.263732,-17.075676,-17.075676,-0.457280,14.475087,0,22,0,0.996268
271.281389,-8.210000,-8.162389,-20.869951,-20.869951,-0.703123,8.697487,1,8,0,0.047611
271.512322,-8.320000,-8.492297,-18.796627,-18.796627,-0.302489,13.575274,0,109,0,-0.172297
271.684786,-8.380000,-7.830486,-17.771980,-17.771980,-0.482014,15.472961,0,61,0,0.549514
271.885520,-8.270000,-7.450469,-15.943174,-15.943174,0.033384,8.168577,0,29,0,0.819531
272.081498,-8.140000,-8.664008,-16.418915,-16.418915,-0.185082,13.455241,0,118,0,-0.524008
272.281384,-7.730000,-8.009312,-19.048058,-19.048058,-0.522381,9.763302,1,11,0,-0.279312
272.523999,-7.500000,-7.332878,-19.048058,-19.048058,-0.498130,16.137959,0,246,0,0.167122
272.699524,-7.500000,-6.617957,-19.048058,-19.048058,-0.781536,6.918549,0,83,0,0.882043
272.886817,-7.660000,-7.268092,-19.323381,-19.323381,-0.287398,10.937893,1,10,0,0.391908
273.088705,-7.690000,-6.844495,-17.983019,-17.983019,-0.652434,7.240461,0,34,0,0.845505
273.283572,-7.700000,-6.942727,-17.983019,-17.983019,0.072403,9.233155,1,9,0,0.757273
273.537489,-8.040000,-8.067057,-16.745876,-16.745876,-0.490047,14.776170,0,175,0,-0.027057
273.681384,-8.360000,-9.026640,-16.252758,-16.252758,0.110907,9.939513,1,14,0,-0.666640
273.883560,-8.720000,-8.821092,-19.955576,-19.955576,0.110706,5.654004,0,54,0,-0.101091
274.086659,-8.810000,-8.162672,-19.955576,-19.955576,-0.285960,7.275192,0,76,0,0.647328
274.283488,-8.590000,-7.816278,-23.173075,-23.173075,-0.559723,9.374386,1,0,0,0.773723
274.528527,-8.450000,-7.436496,-24.903728,-24.903728,0.093539,11.080252,1,53,0,1.013504
274.694512,-8.570000,-6.243246,-25.215361,-25.215361,-0.635914,9.680769,1,17,0,2.326754
274.887540,-8.470000,-6.054151,-27.691723,-27.691723,-0.397951,16.492369,0,78,0,2.415850
275.084470,-8.520000,-6.305821,-30.306223,-30.306223,-0.189935,12.543751,0,125,0,2.214179
275.288760,-8.620000,-6.706757,-30.306223,-30.306223,-0.464969,12.505130,0,318,0,1.913243
275.543983,-8.650000,-7.109906,-26.572123,-26.572123,-0.490082,9.259708,1,59,0,1.540093
275.684653,-8.670000,-7.694335,-26.572123,-26.572123,0.131178,6.212058,0,180,0,0.975665
275.881388,-8.610000,-7.771583,-26.016558,-26.016558,-0.280770,17.008587,0,121,0,0.838417
276.083655,-8.610000,-7.550004,-23.680538,-23.680538,-0.506577,11.308887,0,187,0,1.059995
276.282293,-8.600000,-8.150286,-22.289631,-22.289631,-0.426328,5.291413,0,137,0,0.449715
276.483544,-8.600000,-8.525501,-23.460426,-23.460426,-0.107745,7.695501,0,122,0,0.074499
276.688641,-8.560000,-7.702972,-22.947338,-22.947338,-0.168281,10.303972,1,0,0,0.857028
276.882228,-8.580000,-7.080251,-22.472208,-22.472208,0.008723,14.032410,0,38,0,1.499749
277.084785,-8.620000,-7.364802,-24.562584,-24.562584,0.215737,11.294864,1,14,0,1.255198
277.288449,-8.690000,-7.789520,-21.864517,-21.864517,-0.117432,13.466552,0,58,0,0.900479
277.488519,-8.760000,-8.821253,-17.146814,-17.146814,-0.107678,10.660114,1,14,0,-0.061253
277.682115,-8.870000,-10.339702,-17.481693,-17.481693,-0.059289,16.240498,0,82,0,-1.469702
277.881685,-8.900000,-9.754267,-16.687963,-16.687963,0.137735,10.774228,1,10,0,-0.854267
278.086661,-9.120000,-8.622872,-15.334977,-15.334977,-0.419232,12.726014,0,127,0,0.497128
278.282197,-9.210000,-8.209493,-15.515243,-15.515243,-0.399148,3.331002,0,131,0,1.000507
278.482238,-8.960000,-7.457924,-14.516555,-14.516555,-0.328134,14.055140,0,137,0,1.502076
278.685513,-8.720000,-6.523501,-17.449192,-17.449192,-0.496686,9.968630,1,14,0,2.196499
278.881783,-8.620000,-7.176225,-21.626190,-21.626190,-0.048246,13.360698,0,57,0,1.443775
279.081511,-8.500000,-7.489024,-18.614452,-18.614452,-0.103819,8.733416,1,11,0,1.010976
279.281487,-8.300000,-7.550542,-18.672842,-18.672842,-0.224150,10.507206,1,0,0,0.749458
279.484723,-8.330000,-7.128705,-16.994442,-16.994442,-0.113801,14.231523,0,37,0,1.201295
279.688663,-8.740000,-6.614820,-18.272326,-18.272326,-0.054626,12.934222,0,38,0,2.125179
279.881624,-9.000000,-5.941267,-17.685387,-17.685387,-0.256043,13.594623,0,147,0,3.058733
280.081514,-9.130000,-7.306896,-19.903027,-19.903027,-0.200129,10.299603,1,5,0,1.823104
280.283552,-9.410000,-7.436858,-18.764853,-18.764853,-0.264777,12.238564,0,118,0,1.973142
280.499516,-9.770000,-7.775872,-16.761515,-16.761515,-0.100392,9.402254,1,6,0,1.994128
280.690508,-9.990000,-7.542686,-19.162619,-19.162619,-0.492728,7.219385,0,180,0,2.447314
280.885650,-10.060000,-7.904855,-22.554167,-22.554167,0.995038,14.658569,0,21,0,2.155145
281.083511,-10.020000,-8.316565,-21.672338,-21.672338,0.225875,10.740012,1,10,0,1.703436
281.281411,-10.020000,-8.396264,-17.872055,-17.872055,0.546562,12.587373,0,54,0,1.623736
281.482141,-10.250000,-8.601153,-17.107710,-17.107710,0.068340,10.763693,1,9,0,1.648847
281.698794,-10.270000,-8.824687,-13.905775,-13.905775,0.071949,8.389941,1,12,0,1.445313
281.884483,-10.210000,-9.055666,-17.341866,-17.341866,0.418668,10.163520,1,7,0,1.154334
282.083803,-10.370000,-7.473869,-17.348707,-19.027716,-0.264424,7.879251,0,29,0,2.896131
282.281496,-10.480000,-6.019171,-22.859831,-19.672857,0.513605,8.444977,1,0,1,4.460829
282.487508,-10.450000,-6.167547,-22.859831,-19.672857,0.122855,9.637149,1,4,0,4.282453
282.681391,-10.550000,-6.943673,-20.123652,-19.283659,0.220153,8.008766,0,144,0,3.606327
282.886658,-10.440000,-9.135071,-18.044683,-18.668905,-0.093265,9.009345,1,0,1,1.304929
283.082328,-10.330000,-8.922630,-17.949417,-14.604135,0.512790,10.400318,1,0,1,1.407370
283.281405,-10.260000,-9.381317,-17.949417,-14.604135,0.296574,9.895164,1,0,0,0.878683
283.481386,-10.250000,-9.038511,-17.949417,-14.604135,0.124274,17.197048,0,39,0,1.211489
283.687794,-10.360000,-7.816918,-17.949417,-14.604135,0.292568,12.154419,0,20,0,2.543082
283.890510,-10.290000,-8.068564,-17.949417,-14.604135,-0.024356,17.920189,0,59,0,2.221436
284.086490,-10.230000,-7.629541,-17.949417,-14.604135,-0.330944,11.088687,1,16,0,2.600459
284.283484,-10.260000,-7.233465,-17.949417,-14.604135,0.260690,11.430981,0,201,0,3.026535
284.482536,-10.120000,-6.171677,-17.949417,-14.604135,0.077792,5.845356,0,131,0,3.948323
284.681416,-10.040000,-7.099095,-17.949417,-14.604135,0.122522,9.788693,1,57,0,2.940905
284.884739,-10.030000,-8.406337,-17.949417,-14.604135,-0.119693,12.085897,0,169,0,1.623663
285.082220,-10.080000,-11.175899,-29.499485,-30.208094,-0.283245,12.907835,0,26,0,-1.095899
285.283567,-10.240000,-11.500490,-21.262821,-21.436485,-0.026736,9.063380,1,3,1,-1.260490
285.482996,-10.340000,-11.678101,-15.677931,-16.569857,-0.133441,8.837647,1,0,0,-1.338100
285.683499,-10.600000,-12.113416,-14.304029,-12.751831,0.374290,7.598291,0,94,0,-1.513415
285.881498,-10.700000,-12.489565,-18.500530,-16.063267,-0.257723,14.330146,0,35,0,-1.789565
286.095759,-10.600000,-12.294225,-18.500530,-16.063267,0.194481,10.206799,1,9,0,-1.694224
286.286512,-10.600000,-13.235536,-18.500530,-16.063267,-0.324072,7.095520,0,116,0,-2.635535
286.482894,-10.840000,-12.048238,-18.500530,-16.063267,-0.054972,5.092243,0,93,0,-1.208238
286.683516,-11.150000,-12.847926,-18.500530,-16.063267,0.179819,9.605400,1,53,0,-1.697927
286.881389,-11.680000,-15.367378,-26.000782,-24.907711,0.322201,13.301169,0,190,0,-3.687378
287.085444,-12.270000,-17.415005,-24.261896,-19.957897,-0.269299,7.288280,0,42,0,-5.145004
287.283506,-12.530000,-17.472176,-17.738239,-12.723086,-0.214053,3.197338,0,51,0,-4.942176
287.482454,-12.220000,-16.774113,-18.168833,-16.132904,0.326288,12.487338,0,54,0,-4.554112
287.712897,-11.940000,-16.482098,-20.213560,-18.315725,0.310018,9.062173,1,82,1,-4.542098
287.886515,-11.650000,-16.404938,-20.100677,-18.212023,-0.275543,13.914074,0,32,0,-4.754938
288.088621,-11.430000,-14.928258,-17.235167,-15.972128,0.197600,8.668286,1,3,1,-3.498258
288.287772,-11.120000,-14.597375,-12.527173,-15.028211,0.687709,11.682865,0,37,0,-3.477375
288.481793,-10.840000,-13.510553,-12.688193,-14.886594,-0.338640,6.420579,0,115,0,-2.670553
288.697950,-10.720000,-13.734204,-20.253851,-17.631701,0.150196,13.466923,0,74,0,-3.014204
288.886647,-10.360000,-12.736127,-21.008808,-19.945902,0.168813,10.168088,1,0,1,-2.376127
289.081645,-10.370000,-14.137617,-21.762447,-20.720453,-0.023860,13.488375,0,173,0,-3.767617
289.281402,-10.490000,-13.252862,-17.805906,-17.805906,-0.403883,7.106471,0,29,0,-2.762862
289.484291,-10.360000,-12.907423,-18.409063,-18.409063,0.390137,9.606790,1,10,0,-2.547423
289.712755,-10.200000,-13.036289,-18.409063,-18.409063,0.430056,12.774874,0,261,0,-2.836289
289.883493,-10.100000,-13.743233,-18.881962,-18.881962,0.171591,9.145048,1,5,0,-3.643232
290.095529,-9.910000,-12.482278,-17.689964,-17.689964,0.492834,7.353530,0,119,0,-2.572278
290.287645,-9.850000,-11.853380,-20.219090,-20.219090,0.112396,13.398577,0,54,0,-2.003380
290.481518,-9.950000,-13.121461,-17.743622,-17.743622,0.024053,13.668913,0,30,0,-3.171461
290.884657,-10.330000,-12.871775,-18.425348,-18.425348,0.609390,7.055466,0,191,0,-2.541775
291.081247,-10.480000,-13.790441,-17.915466,-17.915466,0.668453,8.961927,1,11,0,-3.310441
291.282759,-10.450000,-13.163333,-20.725027,-20.725027,0.218413,14.475878,0,142,0,-2.713333
291.483490,-10.380000,-13.814260,-20.361052,-20.361052,0.057858,10.805392,1,0,0,-3.434260
291.683481,-10.270000,-13.729438,-20.094475,-20.094475,0.093619,16.538876,0,21,0,-3.459437
291.881394,-10.130000,-12.851304,-21.031345,-21.031345,-0.024488,17.778893,0,58,0,-2.721304
292.085659,-10.000000,-13.373588,-20.551085,-20.551085,0.086553,12.675881,0,102,0,-3.373588
292.281634,-9.830000,-12.822339,-17.742922,-17.742922,0.097631,12.258048,0,65,0,-2.992339
292.481408,-9.880000,-13.533525,-17.359146,-17.359146,0.119461,10.322481,1,0,0,-3.653525
292.683655,-10.050000,-13.347873,-17.705544,-17.705544,0.232733,15.382157,0,101,0,-3.297873
292.881494,-10.100000,-12.292136,-15.668169,-15.668169,-0.390501,13.975116,0,35,0,-2.192136
293.091656,-10.400000,-11.268096,-14.475956,-14.475956,0.677426,7.507512,0,109,0,-0.868096
293.290741,-10.690000,-12.357892,-15.871845,-15.871845,-0.227953,8.101194,0,70,0,-1.667892
293.486783,-10.640000,-11.508858,-22.435429,-22.435429,0.237605,15.248865,0,51,0,-0.868857
293.682869,-10.600000,-10.396473,-10.975706,-10.975706,0.167463,7.656347,0,67,0,0.203527
293.881389,-10.560000,-11.170699,-6.444037,-6.444037,1.010202,13.360378,0,79,0,-0.610699
294.081490,-10.680000,-10.434386,-9.568445,-9.568445,0.132193,8.996604,1,0,0,0.245614
294.286640,-10.670000,-10.010166,-13.338095,-13.338095,0.162331,7.043637,0,16,0,0.659834
294.485652,-10.590000,-9.302987,-17.381023,-17.381023,-0.081902,7.269340,0,29,0,1.287013
294.681387,-10.530000,-8.586426,-20.641819,-20.641819,-0.034804,13.618042,0,96,0,1.943574
294.884476,-10.420000,-8.003460,-22.520695,-22.520695,0.780072,13.706957,0,192,0,2.416540
295.081746,-10.400000,-7.961679,-18.578651,-18.578651,0.615861,17.252192,0,30,0,2.438321
295.281496,-10.470000,-8.501248,-14.781139,-14.781139,0.342420,7.506804,0,41,0,1.968752
295.485526,-10.600000,-7.915115,-11.761317,-11.761317,0.585349,18.921688,0,60,0,2.684885
295.687509,-10.640000,-7.853763,-11.761317,-11.761317,0.731261,13.136207,0,21,0,2.786238
295.886740,-10.610000,-7.930963,-11.761317,-11.761317,0.248491,13.144386,0,221,0,2.679037
296.082682,-10.570000,-7.381101,-18.083046,-18.083046,-0.045004,15.101748,0,70,0,3.188899
296.283482,-10.590000,-8.419122,-16.714958,-16.714958,0.421328,17.917152,0,100,0,2.170878
296.481389,-10.480000,-8.898303,-12.026371,-12.026371,0.288076,16.201677,0,54,0,1.581697
296.683569,-10.430000,-8.315964,-12.026371,-12.026371,0.841629,17.982912,0,124,0,2.114037
296.881612,-10.510000,-8.345320,-12.026371,-12.026371,0.708268,20.659794,0,21,0,2.164680
297.087192,-10.720000,-10.046124,-12.026371,-12.026371,0.148949,19.330452,0,24,0,0.673876
297.282334,-10.910000,-10.619402,-12.026371,-12.026371,0.246217,12.350721,0,25,0,0.290598
297.482112,-10.950000,-10.707080,-12.026371,-12.026371,0.268424,10.790538,1,15,0,0.242920
297.686626,-10.920000,-9.798628,-12.026371,-12.026371,0.278722,14.581196,0,28,0,1.121372
297.882440,-10.870000,-9.372564,-12.026371,-12.026371,0.287042,11.092933,1,0,0,1.497436
298.083678,-10.790000,-10.388063,-12.026371,-12.026371,0.071041,12.275387,0,65,0,0.401937
298.285631,-10.730000,-9.593457,-12.026371,-12.026371,0.584579,5.840084,0,108,0,1.136542
298.482248,-10.560000,-8.429865,-12.026371,-12.026371,0.247536,17.971151,0,134,0,2.130136
298.682249,-10.470000,-7.662992,-12.026371,-12.026371,0.704844,12.186646,0,334,0,2.807009
298.884639,-10.420000,-8.231588,-11.071644,-11.071644,0.299199,11.118127,1,16,0,2.188412
299.084637,-10.240000,-7.947363,-10.406412,-10.406412,0.800643,10.237747,1,0,0,2.292636
299.283524,-10.140000,-7.788779,-12.721910,-12.721910,0.564870,8.339961,1,0,0,2.351222
299.482218,-10.080000,-6.985805,-15.499584,-15.499584,0.322119,13.385304,0,141,0,3.094195
299.686644,-10.110000,-6.574965,-15.499584,-15.499584,-0.067166,13.663500,0,349,0,3.535035
299.882501,-10.230000,-6.521009,-14.978849,-14.978849,0.697032,13.905726,0,35,0,3.708990
300.093513,-10.240000,-5.710947,-14.768477,-14.768477,0.792853,13.512572,0,33,0,4.529053
300.287504,-10.180000,-5.503897,-13.148707,-13.148707,-0.038166,14.747435,0,120,0,4.676103
300.484721,-10.180000,-6.138980,-14.966219,-14.966219,0.195490,8.029189,0,45,0,4.041020
300.681624,-10.190000,-5.060426,-10.492679,-10.492679,0.522193,11.925814,0,157,0,5.129573
300.887639,-10.090000,-4.779927,-10.492679,-10.492679,0.065533,9.914653,1,0,0,5.310073
301.084648,-10.080000,-5.309834,-10.492679,-10.492679,0.137634,9.269649,1,0,0,4.770166
301.281604,-10.150000,-4.648322,-10.492679,-10.492679,-0.162484,11.432678,0,31,0,5.501678
301.482203,-10.470000,-7.197105,-18.450268,-18.450268,0.376318,17.182129,0,111,0,3.272895
301.685640,-10.790000,-7.148849,-18.450268,-18.450268,0.150151,8.106132,0,21,0,3.641150
301.886720,-10.820000,-7.396717,-15.157503,-15.157503,-0.080596,9.707460,1,15,0,3.423283
302.082701,-10.890000,-7.412003,-14.279406,-14.279406,0.744040,10.712007,1,14,0,3.477997
302.299237,-10.950000,-7.157492,-13.275419,-13.275419,-0.291518,7.601820,0,93,0,3.792508
302.484482,-11.100000,-6.058088,-13.275419,-13.275419,-0.305265,12.101906,0,114,0,5.041913
302.681498,-11.230000,-6.845871,-12.899278,-12.899278,0.700495,14.342657,0,59,0,4.384129
302.883649,-11.230000,-7.400666,-12.858943,-12.858943,0.083135,16.140474,0,113,0,3.829334
303.082334,-11.180000,-6.871644,-8.186976,-8.186976,0.709647,13.397375,0,22,0,4.308356
303.283939,-11.080000,-7.173285,-10.009835,-10.009835,0.929460,10.133034,1,15,0,3.906715
303.486639,-11.080000,-6.672153,-10.009835,-10.009835,0.003959,10.775287,1,0,0,4.407847
303.694656,-11.540000,-7.029766,-10.009835,-10.009835,0.010321,7.403212,0,26,0,4.510234
303.881509,-11.670000,-7.061647,-10.009835,-10.009835,-0.012935,12.558766,0,177,0,4.608353
304.084489,-11.510000,-6.175026,-10.009835,-10.009835,0.329653,9.896253,1,9,0,5.334974
304.282329,-11.350000,-6.812450,-10.953731,-10.953731,0.084042,11.937352,0,63,0,4.537550
304.486512,-11.140000,-6.315423,-11.288990,-11.288990,0.028589,2.913030,0,30,0,4.824577
304.682288,-10.700000,-6.250563,-11.810884,-11.618377,0.295879,16.792492,0,53,0,4.449437
304.884287,-10.820000,-7.009233,-11.605690,-13.493284,-0.062353,13.180398,0,70,0,3.810767
305.081601,-11.100000,-7.682383,-13.687551,-14.069353,-0.216602,14.245263,0,170,0,3.417617
305.283548,-11.080000,-6.799630,-15.037818,-16.344398,0.133354,11.773890,0,172,0,4.280370
305.481466,-10.870000,-5.615985,-16.097225,-15.292992,-0.002851,7.874945,0,157,0,5.254014
305.682490,-10.570000,-6.085105,-19.332516,-17.322014,0.027390,7.747739,0,75,0,4.484895
305.903363,-10.510000,-5.350499,-20.954533,-20.430046,-0.359252,13.732567,0,149,0,5.159502
306.086508,-10.220000,-3.363870,-23.758366,-23.124052,0.104901,10.276447,1,0,1,6.856130
306.282305,-9.760000,-3.223069,-23.758366,-23.124052,0.050418,15.979944,0,207,0,6.536931
306.481965,-9.490000,-2.574282,-23.758366,-23.124052,-0.290731,4.958981,0,400,0,6.915718
306.681487,-9.050000,-3.094489,-20.909842,-20.163826,0.118996,8.628354,1,0,1,5.955512
306.896873,-8.190000,-2.547478,-17.621395,-16.866188,0.381465,13.497967,0,180,0,5.642521
307.082302,-7.340000,-2.939873,-13.571284,-17.460754,0.331885,15.054249,0,48,0,4.400127
307.282293,-6.670000,-3.250768,-17.179857,-19.070181,-0.303423,9.883462,1,9,1,3.419232
307.489363,-6.050000,-2.369026,-15.841582,-20.747778,-0.767446,9.558424,1,0,1,3.680974
307.683562,-5.320000,-0.909371,-22.415554,-23.394621,-1.047046,15.083566,0,26,0,4.410629
307.917586,-4.780000,-0.071048,-22.415554,-23.394621,-0.250460,15.244710,0,282,0,4.708952
308.082318,-4.500000,0.609070,-13.522510,-20.617704,-0.352892,14.295697,0,89,0,5.109070
308.281395,-4.500000,0.955512,-17.374012,-19.773827,-0.375698,8.715431,1,12,1,5.455512
308.481385,-4.330000,1.580141,-12.958471,-17.291330,-0.650874,13.358938,0,100,0,5.910141
308.686167,-4.280000,0.602019,-10.227067,-13.674385,-1.709215,16.120092,0,37,0,4.882020
308.915465,-4.500000,-0.601362,-1.949566,-13.655177,-0.916987,5.724219,0,229,0,3.898638
309.082449,-4.330000,-1.300206,-1.949566,-13.655177,-0.846718,10.863562,1,9,0,3.029794
309.281393,-4.280000,-0.860988,-1.949566,-13.655177,-0.716270,18.463963,0,38,0,3.419013
309.482842,-4.340000,-1.848994,-1.949566,-13.655177,-0.566046,4.455801,0,59,0,2.491006
309.683647,-4.500000,-1.940394,-1.949566,-13.655177,-0.817666,14.768914,0,28,0,2.559606
309.946990,-4.670000,-1.937158,-1.949566,-13.655177,-0.629205,13.384109,0,92,0,2.732842
310.082493,-4.730000,-2.563863,-1.949566,-13.655177,-0.367206,11.644513,0,84,0,2.166137
310.281388,-4.920000,-2.913850,-1.949566,-13.655177,-0.190486,12.079901,0,107,0,2.006150
310.481975,-5.160000,-3.109399,-1.949566,-13.655177,-0.686484,8.606897,1,11,0,2.050601
310.682484,-5.490000,-3.535098,-1.949566,-13.655177,-0.542761,5.613371,0,34,0,1.954902
310.994969,-5.660000,-4.139333,-1.949566,-13.655177,-0.141525,8.083463,0,261,0,1.520667
311.087499,-5.700000,-4.178882,-1.949566,-13.655177,-0.141525,15.385236,0,349,0,1.521118
311.281394,-5.750000,-4.685767,-9.744164,-15.641190,0.082269,15.164387,0,34,0,1.064233
311.485650,-5.720000,-5.455555,-15.294826,-14.765762,0.082269,9.438876,1,0,1,0.264445
311.681634,-5.350000,-4.745075,-13.635903,-14.910260,-1.435500,6.746923,0,90,0,0.604925
311.881476,-5.150000,-5.070646,-11.074093,-15.181066,-0.642245,9.011763,1,9,1,0.079354
312.086655,-5.030000,-5.757370,-14.233816,-17.841684,-0.195527,3.879697,0,25,0,-0.727369
312.281394,-5.200000,-5.154674,-11.232683,-15.271253,-0.217586,11.712046,0,92,0,0.045326
312.482013,-5.600000,-5.348714,-11.204462,-13.352495,-0.322694,10.379652,1,0,0,0.251286
312.683651,-6.060000,-5.454975,-11.204462,-13.352495,-0.194388,12.563381,0,19,0,0.605025
312.883544,-6.220000,-6.794746,-13.708855,-15.194875,-0.228406,7.946455,0,17,0,-0.574747
313.082535,-6.180000,-6.067508,-5.922442,-13.832511,-1.186779,8.214849,0,21,0,0.112492
313.282496,-6.230000,-6.640367,-11.231920,-11.289062,-0.036560,15.136356,0,97,0,-0.410367
313.487721,-6.400000,-6.373606,-11.231920,-11.289062,-0.520768,6.631366,0,300,0,0.026394
313.681738,-6.670000,-7.113056,-8.795697,-9.633882,-0.158438,11.673470,0,29,0,-0.443056
313.882479,-6.710000,-7.443938,-14.332556,-14.870853,-0.082913,9.587568,1,11,1,-0.733938
314.083174,-6.660000,-6.519402,-13.400298,-15.123919,-0.266598,9.729454,1,0,1,0.140598
314.281626,-6.680000,-6.342290,-16.778593,-18.492989,0.050176,12.659708,0,64,0,0.337710
314.482459,-6.750000,-6.816801,-15.897607,-15.565657,-0.034298,8.055592,0,126,0,-0.066801
314.681424,-6.970000,-8.038067,-11.370962,-11.589612,0.072046,12.194365,0,143,0,-1.068067
314.881392,-7.530000,-7.801083,-8.227602,-10.128281,0.062925,16.138365,0,60,0,-0.271082
315.096511,-7.710000,-8.143949,-11.566736,-11.414576,-1.294674,16.294191,0,77,0,-0.433949
315.286513,-7.690000,-8.186696,-15.588357,-14.557034,0.156030,10.210209,1,0,1,-0.496696
315.486831,-7.670000,-9.216504,-19.813416,-18.802103,-0.095681,9.883546,1,0,0,-1.546504
315.695507,-7.580000,-8.535239,-11.847802,-11.259690,-0.051997,11.785371,0,74,0,-0.955239
315.881485,-7.360000,-8.139810,-7.623991,-8.113247,-0.039651,2.345839,0,41,0,-0.779809
316.082325,-7.050000,-7.299741,-8.525988,-8.098268,0.066374,7.358880,0,31,0,-0.249741
316.282724,-6.890000,-6.158897,-7.591663,-9.005198,-0.331310,13.302904,0,36,0,0.731103
316.481410,-6.920000,-6.366593,-9.364671,-10.192606,-0.132916,10.928497,1,0,1,0.553407
316.683665,-7.060000,-6.307115,-15.219479,-14.937711,0.045638,6.613319,0,13,0,0.752885
316.882524,-6.890000,-6.112835,-12.794635,-14.128572,0.031623,7.361053,0,25,0,0.777165
317.083477,-6.750000,-7.045787,-13.113670,-14.211380,-0.180036,10.943047,1,0,1,-0.295787
317.282478,-6.980000,-8.246756,-16.800129,-15.247070,0.262575,11.042918,1,15,1,-1.266756
317.482245,-7.170000,-7.646502,-16.800129,-15.247070,-0.108516,13.512943,0,215,0,-0.476501
317.685653,-7.310000,-7.874009,-14.622681,-16.184185,-0.254559,15.954786,0,47,0,-0.564009
317.881607,-7.270000,-7.669814,-14.622681,-16.184185,-0.031726,4.847364,0,236,0,-0.399814
318.085514,-7.240000,-8.845509,-12.632144,-13.125506,-0.162550,10.201069,1,111,1,-1.605509
318.286516,-7.330000,-8.310742,-17.736874,-16.629261,0.092506,10.179642,1,10,1,-0.980742
318.488512,-7.270000,-9.163857,-12.474960,-13.901705,-0.225007,9.527564,1,11,1,-1.893857
318.681389,-7.190000,-10.341326,-13.953101,-15.041436,-0.095588,12.402832,0,25,0,-3.151326
318.882492,-7.210000,-10.934958,-12.132463,-12.216099,-0.122979,15.241249,0,39,0,-3.724957
319.089645,-7.080000,-10.668684,-12.132463,-12.216099,-0.327822,3.701510,0,235,0,-3.588684
319.290507,-6.940000,-9.977326,-16.120279,-14.348750,0.277023,8.471012,1,15,1,-3.037326
319.486787,-7.110000,-9.922651,-16.120279,-14.348750,0.045951,5.493536,0,36,0,-2.812651
319.683484,-6.990000,-9.187799,-16.120279,-14.348750,-0.106631,16.309294,0,128,0,-2.197800
319.895833,-6.900000,-8.842252,-16.120279,-14.348750,-0.355840,10.202744,1,9,0,-1.942252
320.082456,-7.020000,-8.715959,-16.120279,-14.348750,-0.045239,19.209116,0,148,0,-1.695959
320.282780,-7.070000,-8.442577,-16.120279,-14.348750,-0.372582,17.972504,0,105,0,-1.372577
320.483570,-7.120000,-8.974991,-13.037530,-15.313918,-0.300809,13.469261,0,35,0,-1.854991
320.682464,-6.900000,-9.239505,-15.073302,-15.476804,0.080578,14.068721,0,98,0,-2.339505
320.885652,-6.500000,-7.694450,-12.570655,-12.043205,-0.419304,19.596649,0,193,0,-1.194450
321.081497,-6.130000,-7.018748,-16.503820,-15.567171,-0.256342,9.138000,1,71,1,-0.888748
321.282513,-5.520000,-8.601524,-14.742597,-16.985649,-0.367909,9.302941,1,15,1,-3.081524
321.485362,-4.930000,-8.170454,-16.815699,-18.458204,-0.274140,10.365317,1,0,1,-3.240454
321.683560,-4.290000,-7.175691,-11.222302,-13.409077,-0.613896,11.826688,0,53,0,-2.885691
321.881402,-3.870000,-7.593707,-12.443338,-12.928009,-0.080473,11.317575,0,75,0,-3.723707
322.085881,-3.280000,-6.879361,-12.443338,-12.928009,-0.238416,15.267739,0,272,0,-3.599361
322.285633,-2.610000,-6.092232,-11.145670,-12.569358,-0.178692,21.022823,0,127,0,-3.482232
322.485518,-2.000000,-5.200467,-11.145670,-12.569358,-1.277365,15.036817,0,335,0,-3.200467
322.681757,-1.460000,-4.498824,-11.145670,-12.569358,-1.266020,12.327153,0,528,0,-3.038824
322.881628,-0.980000,-3.904270,-4.521368,-13.886718,-1.495496,9.937548,1,0,1,-2.924270
323.082505,-0.350000,-3.740411,-2.527984,-12.166562,-0.721801,11.962269,0,184,0,-3.390411
323.282839,0.380000,-3.523167,-9.887385,-14.340211,-0.654547,9.517602,1,12,1,-3.903167
323.489369,1.130000,-2.043423,-4.414955,-13.871352,-1.422895,14.098303,0,40,0,-3.173423
323.682494,1.670000,-0.797896,-9.033646,-15.076175,-1.990256,17.666409,0,45,0,-2.467896
323.882536,2.000000,-0.102636,-9.033646,-15.076175,-1.739366,19.944046,0,240,0,-2.102636
324.094823,2.130000,-0.386482,-6.449822,-17.402578,-0.605509,17.908182,0,165,0,-2.516482
324.285491,2.280000,-1.471626,-6.449822,-17.402578,-1.357130,3.548362,0,341,0,-3.751626
324.483480,2.630000,-1.937493,-10.282928,-16.745138,-0.991075,8.635129,1,14,1,-4.567492
324.684495,2.980000,-1.063871,-10.282928,-16.745138,-1.243875,4.223670,0,216,0,-4.043871
324.882563,3.120000,-0.414955,-6.976060,-12.874310,-0.887053,5.650521,0,19,0,-3.534955
325.099941,3.080000,-0.018132,-2.341238,-10.448311,-1.135181,14.584947,0,92,0,-3.098132
325.284653,3.010000,0.187030,-3.592680,-10.688221,-1.458487,4.263158,0,65,0,-2.822970
325.483184,2.960000,1.203809,-8.703593,-10.959777,-0.350552,8.597157,1,8,1,-1.756191
325.682459,2.660000,0.512323,-2.714122,-10.731367,-1.141328,14.003540,0,120,0,-2.147677
325.890623,2.190000,0.801884,-4.928420,-11.027942,-1.625869,12.350555,0,53,0,-1.388116
326.178993,1.930000,2.510830,-10.453029,-12.118110,-0.413813,5.888726,0,173,0,0.580830
326.282799,1.970000,2.295396,-8.385018,-11.054832,-1.035205,19.654205,0,30,0,0.325396
326.482265,2.090000,2.051298,-2.429371,-10.810802,-1.257910,12.608926,0,45,0,-0.038702
326.683556,1.870000,2.432050,-4.726133,-12.393137,-1.095545,8.934488,1,3,1,0.562050
326.883574,1.620000,3.208637,-7.046401,-10.948654,-0.598522,10.134853,1,11,1,1.588637
327.131153,1.390000,3.769223,-0.873713,-3.967498,-0.473148,12.877847,0,86,0,2.379223
327.282521,1.370000,4.016470,-2.071936,-5.198335,-0.483095,10.139919,1,0,1,2.646471
327.483801,1.340000,4.538967,-0.121456,-4.396806,-0.661344,8.144021,0,49,0,3.198967
327.682466,1.020000,3.481906,-3.574973,-7.569117,-0.609965,8.450649,1,9,1,2.461906
327.882576,1.020000,2.931912,-6.383806,-9.349596,-0.455831,10.936195,1,11,1,1.911912
328.082493,1.140000,2.539415,-4.621648,-7.832327,-0.491820,4.297375,0,62,0,1.399415
328.286632,1.100000,3.035592,-2.788882,-6.343834,-0.673668,12.317177,0,63,0,1.935592
328.486517,1.190000,3.511808,-7.241164,-6.748616,0.077201,11.803720,0,56,0,2.321808
328.681476,1.060000,3.670282,-1.778197,-4.606246,-0.437310,10.483088,1,16,1,2.610282
328.881836,0.970000,4.710046,2.145309,-2.307617,-0.711322,12.203574,0,57,0,3.740046
329.082782,0.940000,3.892789,-3.118055,-2.916825,-0.871783,14.767146,0,33,0,2.952789
329.281609,0.880000,4.422284,-0.785669,-4.627880,-0.585358,14.394526,0,18,0,3.542284
329.482394,0.880000,5.219389,-0.984318,-2.633326,-0.259841,10.621327,1,14,1,4.339389
329.682488,0.890000,5.099490,2.633075,-1.004917,-0.582308,9.749280,1,14,1,4.209490
329.881428,0.910000,5.139159,0.151189,-3.514390,-0.563273,8.964685,1,10,1,4.229159
330.081381,0.950000,4.514389,-1.422702,-2.636571,-0.754699,15.305893,0,81,0,3.564389
330.294514,0.950000,5.666960,-2.449930,-3.083135,-0.833434,13.693347,0,99,0,4.716960
330.481332,1.000000,5.549772,0.524331,-2.931201,-0.556159,10.112732,1,0,1,4.549772
330.681382,1.030000,5.504035,0.100949,-4.107298,-0.658515,8.477445,1,15,1,4.474034
330.882796,0.890000,5.618432,1.612843,-2.678369,-0.225523,13.764942,0,193,0,4.728432
331.086508,0.760000,5.989842,3.723912,-0.542627,-0.227833,3.841580,0,105,0,5.229842
331.282568,0.730000,7.113333,4.832532,3.423203,-0.580845,13.807339,0,78,0,6.383333
331.482568,0.740000,6.771104,3.041661,2.692983,-0.056927,12.898143,0,55,0,6.031104
331.687656,0.680000,6.667028,-0.338767,-2.680158,-0.511135,12.401242,0,44,0,5.987029
331.883646,0.710000,6.710155,-1.914426,-3.271430,-0.216237,9.330783,1,0,1,6.000155
332.082568,0.730000,6.670394,-1.802420,-3.121315,-0.212477,9.562251,1,0,1,5.940394
332.281601,0.700000,7.665510,-0.333430,-2.472963,-0.337662,11.207047,1,0,1,6.965510
332.482812,0.620000,8.161414,-0.777843,-3.732886,-0.469328,12.874105,0,78,0,7.541414
332.681488,0.580000,7.177981,-2.503866,-3.395293,-0.729351,14.059155,0,55,0,6.597981
332.887640,0.700000,6.823539,-0.672758,-3.791348,-0.243670,8.198425,0,86,0,6.123539
333.081606,0.810000,6.448116,0.790513,-2.409902,-0.493263,9.916312,1,9,1,5.638116
333.283474,0.850000,6.519258,0.790513,-2.409902,-0.613466,11.506350,0,207,0,5.669259
333.485687,0.950000,5.539849,7.397829,3.477297,-0.240600,6.105704,0,32,0,4.589849
333.683557,1.090000,5.898730,6.168717,-0.401852,-0.983881,10.486373,1,3,1,4.808730
333.881464,1.230000,4.850296,3.273987,0.382201,-0.448078,19.443264,0,20,0,3.620296
334.082608,1.330000,5.475542,4.561684,0.039291,-0.700523,6.813649,0,24,0,4.145542
334.283899,1.360000,5.129118,1.236680,-2.011619,-0.456389,9.130281,1,12,1,3.769118
334.481486,1.400000,6.065770,3.254499,-4.799310,-1.147469,8.444434,1,0,1,4.665770
334.686783,1.500000,6.132545,-3.866587,-6.099440,-0.923858,15.396633,0,113,0,4.632545
334.884754,1.450000,6.710411,-6.420749,-6.420749,-0.301770,9.346250,1,11,0,5.260410
335.081483,1.410000,6.762622,-4.897017,-4.897017,-0.505113,8.222363,0,40,0,5.352622
335.282593,1.470000,7.834788,-3.308960,-3.308960,-0.273010,8.252192,0,88,0,6.364788
335.481927,1.550000,7.579864,-3.310752,-3.310752,-1.492449,12.094424,0,52,0,6.029863
335.683652,1.630000,7.899404,-2.415217,-2.415217,-1.474521,17.999216,0,61,0,6.269403
335.882624,1.590000,8.027324,-2.038439,-2.038439,-0.869698,10.881773,1,9,0,6.437324
336.083568,1.520000,8.023829,-2.514653,-2.514653,-0.862360,19.816294,0,77,0,6.503829
336.283497,1.400000,6.596107,-1.582374,-1.582374,-0.363477,11.952374,0,117,0,5.196107
336.483511,1.270000,5.876313,-0.465418,-0.465418,-1.237070,11.092184,1,0,0,4.606313
336.689508,1.130000,6.365270,-0.465418,-0.465418,-1.685912,12.643564,0,204,0,5.235270
336.881437,1.040000,5.650294,-1.428763,-1.428763,-0.516702,9.475264,1,9,0,4.610294
337.082554,1.020000,4.779565,-2.771647,-2.771647,-0.697408,12.237324,0,96,0,3.759565
337.282567,0.930000,4.970269,-3.597847,-3.597847,-0.395552,13.171400,0,106,0,4.040269
337.481717,0.830000,4.699354,-10.641253,-10.641253,-0.945174,10.723886,1,15,0,3.869354
337.688714,0.720000,4.903017,-10.641253,-10.641253,-1.096942,18.236248,0,220,0,4.183017
337.882604,0.590000,4.367590,-9.622641,-9.622641,-0.731612,4.397053,0,88,0,3.777590
338.082616,0.460000,3.899028,-9.171320,-9.171320,-0.571721,9.460516,1,14,0,3.439028
338.285509,0.370000,3.641581,-7.312864,-7.312864,-0.460186,8.293715,0,74,0,3.271581
338.482893,0.230000,2.352255,-8.746272,-8.746272,-0.739845,12.606260,0,29,0,2.122255
338.681679,-0.120000,1.683343,-6.565050,-6.565050,-0.378051,13.355631,0,38,0,1.803343
338.882664,-0.530000,1.582366,-5.823161,-5.823161,-0.248018,8.811163,1,0,0,2.112366
339.081711,-0.870000,1.169105,-3.847857,-3.847857,-0.327016,12.213480,0,134,0,2.039104
339.283218,-0.890000,1.035296,-7.952502,-7.952502,0.070479,8.598818,1,53,0,1.925296
339.484647,-0.820000,1.734640,-9.065727,-9.065727,-0.385617,9.329534,1,0,0,2.554640
339.683560,-0.710000,2.372137,-8.104692,-8.104692,-0.052925,8.155771,0,94,0,3.082137
339.882551,-0.600000,2.759654,-5.732111,-5.732111,-0.349177,5.867552,0,142,0,3.359654
340.081737,-0.590000,1.435789,-5.689034,-5.689034,-0.342516,3.652937,0,74,0,2.025789
340.317098,-0.690000,1.921853,-4.081481,-4.081481,-0.027699,6.888477,0,221,0,2.611853
340.495686,-0.760000,1.407175,-4.081481,-4.081481,-0.950562,7.642997,0,380,0,2.167175
340.681784,-0.850000,0.744585,-2.281610,-2.281610,-0.181128,9.407093,1,12,0,1.594585
340.882610,-1.010000,0.535465,-2.104961,-2.104961,-0.520115,9.328770,1,13,0,1.545465
341.083647,-1.080000,0.243853,-3.151514,-3.151514,0.087915,15.187139,0,90,0,1.323853
341.288172,-1.050000,0.358247,-4.059683,-4.059683,-0.009080,4.853908,0,183,0,1.408247
341.482733,-1.050000,0.862916,0.735421,0.735421,0.666272,17.105070,0,36,0,1.912916
341.682495,-1.020000,1.075042,1.485016,1.485016,0.122116,13.547524,0,21,0,2.095042
341.883563,-1.000000,1.425227,1.485016,1.485016,-0.011862,4.046056,0,222,0,2.425227
342.081463,-0.980000,2.108378,0.392541,0.392541,-0.004755,14.315681,0,149,0,3.088378
342.286806,-1.070000,1.582198,-0.483932,-0.483932,-0.300355,6.699361,0,120,0,2.652198
342.481437,-1.200000,1.097355,-0.868959,-0.868959,0.454009,17.241138,0,37,0,2.297355
342.682538,-1.250000,1.134642,-3.390499,-3.390499,-0.239718,4.198343,0,48,0,2.384642
342.885635,-1.280000,2.182296,-3.390499,-3.390499,-0.588367,12.412459,0,245,0,3.462296
343.082892,-1.290000,2.823025,-3.390499,-3.390499,-0.273224,14.131319,0,438,0,4.113026
343.319068,-1.320000,2.818069,-2.328471,-2.328471,0.005372,6.789864,0,180,0,4.138069
343.481600,-1.360000,2.890599,-2.947173,-2.947173,-0.043174,12.608870,0,75,0,4.250599
343.681693,-1.380000,3.027257,-2.690213,-2.690213,-0.163701,10.926407,1,9,0,4.407257
343.881564,-1.390000,3.624801,-4.450522,-4.450522,0.122552,13.509107,0,76,0,5.014801
344.082619,-1.410000,2.589517,-3.409299,-3.409299,-0.012505,19.573195,0,16,0,3.999517
344.307830,-1.450000,2.616524,-2.215746,-2.215746,-0.305670,13.147827,0,70,0,4.066524
344.481747,-1.490000,3.211770,-2.215746,-2.215746,0.305740,13.114406,0,223,0,4.701770
344.683621,-1.520000,3.229849,-1.695187,-1.695187,0.167158,18.489950,0,82,0,4.749849
344.884503,-1.630000,3.399752,-5.387809,-5.387809,0.064890,8.758557,1,14,0,5.029752
345.086797,-1.860000,3.047835,-4.801217,-4.801217,-0.283109,6.353398,0,187,0,4.907835
345.334524,-2.120000,2.728385,-4.274107,-4.274107,-0.206217,5.121573,0,110,0,4.848385
345.483565,-2.320000,2.276094,-2.812067,-2.812067,0.023699,18.294579,0,24,0,4.596094
345.682569,-2.470000,2.552803,-2.753447,-2.753447,0.131742,6.961718,0,86,0,5.022803
345.881409,-2.580000,1.718066,-5.354099,-5.354099,0.071139,8.285131,0,14,0,4.298066
346.085650,-2.650000,2.217131,-5.723432,-5.723432,-0.195400,14.815263,0,24,0,4.867131
346.339784,-2.760000,1.457550,-3.052348,-3.052348,0.101968,12.065701,0,123,0,4.217550
346.486777,-2.780000,2.041195,-2.433415,-2.433415,-0.062877,13.356461,0,34,0,4.821195
346.684518,-2.790000,2.001413,-2.437551,-2.437551,0.027855,6.969825,0,43,0,4.791413
346.888508,-2.800000,2.414311,-2.461251,-2.461251,-0.100735,12.222476,0,103,0,5.214312
347.082498,-2.740000,2.953902,-4.519153,-4.519153,0.124014,10.643055,1,9,0,5.693902
347.282860,-2.670000,2.135608,-4.032347,-4.032347,0.130275,15.294961,0,181,0,4.805608
347.485471,-2.690000,3.845822,-4.032347,-4.032347,-0.073402,5.465784,0,395,0,6.535822
347.684504,-2.760000,3.488884,-9.789116,-7.630827,0.347000,5.596674,0,21,0,6.248884
347.882482,-2.850000,3.313311,-2.585782,-2.381186,0.120784,13.907536,0,34,0,6.163311
348.082744,-2.920000,3.207838,-5.899517,-4.409717,0.167670,13.889119,0,73,0,6.127838
348.282484,-2.910000,2.761060,-3.110549,-0.321060,-0.038534,11.443105,0,68,0,5.671061
348.481423,-2.900000,1.708651,-0.093217,1.390161,0.236631,11.738117,0,79,0,4.608651
348.687736,-2.990000,0.974936,-0.952794,0.800039,0.238981,6.741115,0,43,0,3.964936
348.881623,-3.090000,1.675545,-2.746093,-0.417254,-0.281320,6.982093,0,42,0,4.765545
349.081420,-3.010000,2.099572,2.173066,3.107914,0.151864,10.984107,1,0,1,5.109572
349.282879,-2.910000,2.042414,2.173066,3.107914,0.226559,7.392813,0,201,0,4.952414
349.483821,-2.960000,2.761355,1.034301,2.054942,0.165821,8.710916,1,0,1,5.721354
349.681710,-2.920000,2.821565,2.093489,2.865428,0.185495,8.767054,1,16,1,5.741566
349.884500,-2.840000,3.262877,-1.538096,0.253453,0.227961,17.951485,0,40,0,6.102877
350.083499,-2.790000,3.092308,-0.997110,1.116280,0.345034,10.716417,1,15,1,5.882308
350.295531,-2.840000,2.824236,2.480656,1.965178,-0.087436,6.624822,0,36,0,5.664236
350.480410,-3.080000,2.759081,2.424254,1.902902,0.288161,13.475842,0,163,0,5.839081
350.680548,-3.210000,2.165874,0.444097,1.569361,0.210888,16.164391,0,36,0,5.375875
350.879810,-3.090000,2.568637,1.346432,2.079035,0.049649,15.298291,0,82,0,5.658637
351.083561,-3.020000,2.439756,2.429564,2.536860,0.355843,17.482370,0,73,0,5.459756
351.281739,-3.070000,3.034596,1.779052,2.838774,0.175208,11.245139,1,9,1,6.104596
351.482505,-3.210000,2.096355,-0.338314,1.418978,0.281687,6.145857,0,100,0,5.306355
351.680496,-3.160000,2.421906,-0.338314,1.418978,0.266041,14.661142,0,307,0,5.581906
351.884508,-3.110000,2.410668,4.786821,4.549873,0.065228,3.317593,0,104,0,5.520668
352.081502,-3.210000,1.751538,-1.430412,1.735150,-0.163204,6.504362,0,21,0,4.961538
352.281426,-3.300000,1.805689,-4.806634,-1.000357,-0.082891,16.207697,0,75,0,5.105689
352.485280,-3.330000,1.124990,-5.381665,-4.138801,0.194538,8.891787,1,0,1,4.454990
352.681542,-3.360000,1.300428,-6.603719,-5.146788,0.295683,13.390284,0,164,0,4.660428
352.881558,-3.370000,0.900371,-5.234372,-5.111301,0.278342,19.701105,0,122,0,4.270371
353.081847,-3.210000,1.239320,-4.853812,-5.122015,-0.043439,13.477018,0,60,0,4.449320
353.284643,-3.290000,0.512804,-6.421526,-4.593004,0.298129,3.886346,0,44,0,3.802804
353.479528,-3.380000,-0.006954,-7.817187,-6.465172,0.218571,2.983529,0,95,0,3.373047
353.680856,-3.340000,-0.212054,-8.104666,-7.827019,0.522320,14.061541,0,60,0,3.127946
353.883512,-3.330000,-1.182968,-6.473507,-3.156787,0.282988,7.761340,0,162,0,2.147032
354.079496,-3.310000,-0.554023,-6.769692,-4.118644,0.419463,10.235373,1,16,1,2.755977
354.279838,-3.320000,-0.352280,-4.949769,-3.904342,0.204022,17.298855,0,54,0,2.967720
354.482498,-3.340000,0.894565,-5.227701,-3.924017,0.098816,7.055920,0,126,0,4.234565
354.686507,-3.340000,0.562357,-4.870318,-3.789606,0.165936,8.624239,1,10,1,3.902356
354.880755,-3.120000,-0.448607,-4.268921,-2.230342,-0.060849,5.651501,0,33,0,2.671393
355.081795,-2.890000,-0.674711,0.525984,-0.615633,-0.171492,9.507103,1,10,1,2.215289
355.283782,-2.730000,-0.436966,-5.981683,-6.517536,-0.084581,9.648129,1,0,1,2.293034
355.479612,-2.520000,-0.377634,-7.098082,-7.631238,0.284249,7.881629,0,149,0,2.142366
355.680849,-2.200000,0.442879,-11.267955,-10.604684,0.106762,8.800430,1,8,1,2.642879
355.879523,-1.820000,1.003608,-8.644233,-8.462594,-0.089926,7.053604,0,53,0,2.823608
356.081494,-1.470000,0.358160,-8.356798,-7.724278,0.099991,12.536656,0,13,0,1.828160
356.284634,-1.250000,1.835244,-11.250489,-9.651672,0.254510,7.627259,0,30,0,3.085244
356.480510,-1.100000,0.626881,-11.843874,-10.279743,-0.218853,15.210437,0,142,0,1.726882
356.680514,-0.930000,0.325620,-8.783617,-8.607920,-0.157935,14.237126,0,137,0,1.255620
356.879452,-0.700000,0.339441,-9.529941,-8.307148,-0.127615,8.103581,0,20,0,1.039441
357.083498,-0.510000,0.635675,-6.989140,-6.358456,-0.206659,7.574097,0,31,0,1.145675
357.280547,-0.440000,1.069698,-7.182163,-6.201317,0.158731,14.198974,0,33,0,1.509698
357.484461,-0.390000,1.295917,-6.518648,-5.544356,-0.334315,12.629667,0,171,0,1.685917
357.678665,-0.370000,0.286653,1.129240,-0.982668,-0.037664,8.228692,0,179,0,0.656653
357.879770,-0.380000,1.421236,-1.823866,-2.062829,-0.206029,14.517872,0,183,0,1.801236
358.079693,-0.330000,1.910940,-1.857524,-3.174832,-0.121062,7.055361,0,179,0,2.240940
358.279469,-0.290000,1.325961,-1.509497,-1.509497,-0.126319,9.416130,1,0,0,1.615961
358.479691,-0.260000,1.387699,-1.509497,-1.509497,0.131234,12.627735,0,198,0,1.647699
358.681912,-0.250000,1.254317,-3.899987,-3.899987,0.182881,8.467545,1,12,0,1.504317
358.880868,-0.240000,0.003216,-2.946418,-2.946418,0.415169,6.705558,0,60,0,0.243216
359.086509,-0.220000,0.606527,-3.420042,-3.420042,-0.120821,12.252730,0,20,0,0.826527
359.280249,-0.140000,-0.341481,-0.332984,-0.332984,0.162500,17.913481,0,43,0,-0.201481
359.485328,-0.220000,-0.641104,-0.391547,-0.391547,0.176490,6.860961,0,173,0,-0.421104
359.685690,-0.330000,0.662367,-2.117402,-2.117402,-0.134518,11.200036,1,0,0,0.992368
359.885517,-0.400000,0.571436,-2.262360,-2.262360,-0.063729,12.610747,0,123,0,0.971436
360.079485,-0.520000,-0.246156,-1.860295,-1.860295,0.077221,4.849000,0,123,0,0.273844
360.279480,-0.650000,-0.791782,-0.780219,-0.780219,0.075170,15.124914,0,43,0,-0.141782
360.493011,-0.670000,-0.114937,-0.681890,-0.681890,0.178445,18.877588,0,200,0,0.555063
360.679623,-0.640000,0.088311,-2.717221,-2.717221,0.268774,19.771709,0,61,0,0.728311
360.880820,-0.620000,0.135822,-2.532192,-2.532192,-0.272815,8.889548,1,15,0,0.755822
361.084657,-0.570000,-0.478927,-0.433980,-0.433980,0.131078,15.392163,0,46,0,0.091073
361.279544,-0.540000,0.919812,-0.086852,-0.086852,0.036077,15.638210,0,26,0,1.459812
361.516954,-0.620000,0.058616,0.580564,0.580564,0.047911,10.335395,1,60,0,0.678616
361.683483,-0.700000,0.694932,0.580564,0.580564,0.159533,19.727018,0,215,0,1.394932
361.880495,-0.740000,0.712535,-0.128272,-0.128272,0.477236,15.665913,0,163,0,1.452535
362.082501,-0.810000,0.689631,-4.145779,-4.145779,0.251752,13.349714,0,31,0,1.499631
362.280775,-0.830000,1.822254,-3.324035,-3.324035,0.254607,12.085582,0,28,0,2.652254
362.524321,-0.770000,1.245038,0.431362,0.431362,0.160180,14.586848,0,202,0,2.015038
362.683493,-0.740000,1.385482,0.268935,0.268935,0.731669,10.866187,1,3,0,2.125482
362.883758,-0.740000,2.241309,-2.746684,-2.746684,0.412663,8.374530,1,9,0,2.981309
363.084737,-0.770000,0.788269,-2.417872,-2.417872,0.252854,15.355738,0,28,0,1.558269
363.280478,-0.780000,0.758929,-2.356573,-2.356573,0.193489,6.990180,0,46,0,1.538929
363.528641,-0.750000,2.264653,-3.201423,-3.201423,0.255627,12.193973,0,76,0,3.014653
363.681785,-0.760000,2.900671,-3.201423,-3.201423,0.671430,16.902227,0,212,0,3.660671
363.885660,-0.700000,1.935411,-4.920975,-4.920975,0.460748,13.927764,0,20,0,2.635411
364.080555,-0.590000,1.782405,-2.273446,-2.273446,0.356995,12.354943,0,66,0,2.372405
364.279629,-0.540000,1.402895,-5.251335,-5.251335,0.609090,6.996501,0,27,0,1.942895
364.481050,-0.560000,2.086529,-4.878366,-4.878366,0.067799,7.733882,0,57,0,2.646528
364.684473,-0.630000,1.529132,-3.275423,-3.275423,0.227010,10.596438,1,16,0,2.159132
364.880476,-0.680000,0.922268,-2.677290,-2.677290,-0.152298,14.005907,0,103,0,1.602268
365.094596,-0.720000,1.270514,0.410841,0.410841,0.347158,16.642765,0,55,0,1.990514
365.279482,-0.690000,1.309798,-0.166988,-0.166988,0.206433,6.196581,0,52,0,1.999798
365.483482,-0.690000,2.236216,-1.306801,-1.306801,0.507803,14.455075,0,42,0,2.926216
365.683649,-0.750000,2.088104,1.264409,1.264409,0.489333,11.625924,0,62,0,2.838104
365.878848,-0.840000,1.946532,0.249983,0.249983,0.638152,12.982125,0,63,0,2.786532
366.082177,-0.870000,1.601141,0.459311,0.459311,0.391515,9.242697,1,0,0,2.471141
366.278647,-0.850000,1.654335,-1.017285,-1.017285,0.138802,10.169705,1,0,0,2.504335
366.479573,-0.840000,1.728061,-1.017285,-1.017285,0.381737,4.620385,0,203,0,2.568061
366.684509,-0.910000,0.983761,-4.208013,-4.208013,0.325384,9.043641,1,7,0,1.893761
366.884677,-1.020000,0.350082,-3.717572,-3.717572,0.255139,13.463680,0,26,0,1.370082
367.079630,-1.120000,1.160517,-0.884153,-0.884153,0.561308,6.861678,0,33,0,2.280518
367.280578,-1.210000,0.566857,-0.691837,-0.691837,0.511612,12.950125,0,54,0,1.776857
367.479575,-1.270000,0.723817,-1.479730,-1.479730,0.246880,11.922055,0,32,0,1.993816
367.679758,-1.330000,2.689120,-0.963217,-0.963217,0.288152,14.992944,0,26,0,4.019120
367.882625,-1.320000,2.913062,0.323772,0.323772,0.231688,14.415887,0,68,0,4.233062
368.081539,-1.420000,2.833311,0.323772,0.323772,0.261476,7.232630,0,275,0,4.253311
368.280018,-1.520000,1.771862,-2.255085,-2.255085,0.369078,15.613994,0,37,0,3.291862
368.479593,-1.590000,1.328591,-2.381166,-2.381166,0.025972,10.588889,1,0,0,2.918591
368.679910,-1.680000,0.034426,-2.161863,-2.161863,0.235288,13.233451,0,24,0,1.714426
368.880583,-1.820000,-0.075053,-1.826621,-1.826621,1.014055,6.641055,0,76,0,1.744947
369.081513,-1.940000,-1.107071,-1.981080,-1.981080,0.007860,7.408894,0,195,0,0.832929
369.286510,-2.050000,-1.106173,-0.996337,-0.996337,-0.169204,7.120318,0,47,0,0.943827
369.478504,-2.160000,-1.212019,-1.185293,-1.185293,0.813290,20.698271,0,94,0,0.947981
369.681713,-2.250000,-0.344600,-1.337728,-1.337728,0.247659,10.303471,1,0,0,1.905401
369.880779,-2.350000,-1.066994,1.058693,1.058693,0.267929,11.280936,1,10,0,1.283005
370.084632,-2.430000,-0.677150,0.474679,0.474679,0.124686,8.279031,0,24,0,1.752850
370.281717,-2.520000,-0.379963,-0.011565,-0.011565,0.395428,3.911308,0,72,0,2.140037
370.482483,-2.650000,-0.056924,-1.536674,-1.536674,-0.154630,8.081694,0,110,0,2.593076
370.681710,-2.810000,0.378092,-1.968071,-1.968071,0.349720,16.197853,0,181,0,3.188092
370.883653,-2.920000,-0.095856,-1.966314,-1.966314,0.521951,7.598660,0,120,0,2.824144
371.085395,-2.960000,-1.548493,0.489593,0.489593,-0.013653,8.326874,1,5,0,1.411507
371.281731,-2.810000,-0.532111,-2.371204,-2.371204,0.398492,4.383255,0,34,0,2.277889
371.480479,-3.050000,-0.387811,-1.592269,-1.741393,-0.024017,6.725343,0,62,0,2.662189
371.680173,-3.470000,-0.904335,-0.999850,0.179130,0.187884,10.047826,1,0,1,2.565665
371.881529,-3.880000,-1.326541,-0.710729,0.050352,0.117928,10.232374,1,11,1,2.553459
372.081743,-4.300000,-2.068029,-1.254393,3.139549,0.471096,2.928468,0,24,0,2.231971
372.279707,-4.690000,-2.304793,1.760021,4.827345,0.192937,7.821808,0,117,0,2.385207
372.480799,-5.050000,-2.562368,-5.316247,2.389445,1.177268,3.612516,0,43,0,2.487632
372.687512,-5.390000,-2.578904,-4.582363,-1.170288,0.519389,8.958115,1,12,1,2.811096
372.881471,-5.690000,-3.212189,-6.995876,-2.444495,0.596865,8.095361,0,56,0,2.477811
373.087640,-5.830000,-2.761214,-7.880397,-7.331329,0.086209,18.269684,0,19,0,3.068786
373.285506,-5.810000,-3.336147,-3.386916,-1.013267,0.356854,8.640861,1,16,1,2.473853
373.483478,-5.810000,-1.430930,-6.899879,-4.201756,0.933391,6.952410,0,36,0,4.379070
373.683635,-5.840000,-2.430135,-6.899879,-4.201756,0.607111,17.795544,0,231,0,3.409865
373.883636,-5.920000,-3.031169,-3.862640,-2.197826,0.255177,9.840079,1,0,1,2.888831
374.080570,-6.010000,-3.778900,-2.147355,-0.515898,0.714310,19.750156,0,136,0,2.231100
374.279881,-6.130000,-4.677763,-5.305721,-2.609052,0.862565,16.571270,0,95,0,1.452238
374.480903,-6.240000,-4.508460,-5.814819,-3.258076,0.405221,3.299266,0,66,0,1.731540
374.680325,-6.370000,-2.945696,-9.117648,-4.322676,0.771654,10.915458,1,0,1,3.424304
374.880719,-6.420000,-2.859874,-7.129629,-2.443717,0.217807,13.434265,0,56,0,3.560127
375.085637,-6.430000,-1.076457,-6.059187,-4.378467,0.270072,10.863040,1,0,1,5.353542
375.280562,-6.410000,-1.266084,-6.981299,-4.722199,0.570555,17.064718,0,79,0,5.143916
375.488081,-6.440000,-1.059726,-9.858448,-8.236942,0.263868,11.302600,1,0,1,5.380274
375.680563,-6.530000,-0.664251,-8.781980,-6.022890,0.864053,13.060776,0,82,0,5.865749
375.881536,-6.570000,-1.041073,-8.880261,-3.794570,0.809615,6.865036,0,37,0,5.528927
376.079602,-6.600000,-0.870044,-1.755929,-1.126889,0.415099,15.748896,0,124,0,5.729956
376.281510,-6.540000,-1.705743,-3.992404,-1.506743,0.396529,11.121866,1,15,1,4.834257
376.479544,-6.400000,-1.903012,-0.971188,-1.302048,-0.053871,15.844544,0,81,0,4.496988
376.684634,-6.310000,-2.748451,-0.971188,-1.302048,0.376004,12.517618,0,279,0,3.561549
376.880418,-6.320000,-3.604856,-2.599231,-0.310541,0.356614,16.751310,0,184,0,2.715144
377.079486,-6.380000,-4.503109,-7.649458,-6.849401,0.713923,5.964369,0,36,0,1.876892
377.288644,-6.440000,-3.633905,-6.126394,-3.352072,0.431634,9.398396,1,0,1,2.806095
377.489515,-6.360000,-4.044243,-5.455806,-2.667701,0.224358,5.474299,0,168,0,2.315757
377.709697,-6.230000,-3.285027,-6.748950,-4.687828,0.162978,8.518581,1,106,1,2.944973
377.881716,-6.150000,-2.053501,-22.324780,-5.202922,0.649880,7.155735,0,46,0,4.096499
378.088505,-6.070000,-1.532972,-6.159897,-6.258428,0.111157,11.582475,0,78,0,4.537028
378.279669,-6.040000,-2.368309,-4.516346,-1.967108,0.401963,8.876401,1,0,1,3.671690
378.479554,-5.970000,-1.466457,-3.170599,-1.735048,0.225309,2.218230,0,31,0,4.503542
378.681104,-5.920000,-1.762995,-5.048379,-3.598749,0.188557,13.405787,0,118,0,4.157005
378.884639,-5.890000,-3.276388,-6.605810,-2.708878,0.285431,12.330448,0,41,0,2.613611
379.082521,-5.860000,-3.515543,-6.337945,-3.785849,0.409968,9.678569,1,15,1,2.344457
379.279586,-5.870000,-2.896812,-6.734553,-4.498522,0.350048,9.914240,1,16,1,2.973188
379.488636,-5.870000,-2.828732,-3.859995,-4.410998,-0.085558,9.852284,1,11,1,3.041268
379.679668,-5.900000,-3.081834,-6.287697,-4.190932,0.231207,7.938533,0,74,0,2.818166
379.880580,-5.890000,-4.387867,-4.376935,-2.419714,0.016040,4.760352,0,108,0,1.502133
380.084637,-5.880000,-3.712830,-5.813010,-4.686381,0.169626,10.196275,1,0,1,2.167170
380.278635,-5.910000,-5.591065,-2.240107,-2.037223,0.498490,7.601978,0,38,0,0.318935
380.480241,-5.980000,-5.529187,-0.824660,-1.771220,-0.142506,13.192504,0,54,0,0.450813
380.686951,-5.990000,-5.619569,-4.678332,-2.786382,0.159120,7.503923,0,148,0,0.370431
380.883745,-5.970000,-6.677591,-4.678332,-2.786382,0.290266,13.345592,0,324,0,-0.707592
381.084649,-6.010000,-6.402256,-5.100519,-4.621681,0.378149,17.273283,0,78,0,-0.392256
381.279590,-6.050000,-6.145659,-2.227004,-3.167434,-0.145474,9.811787,1,15,1,-0.095659
381.483748,-6.140000,-7.195821,-3.693708,-2.028969,0.261373,8.044148,0,44,0,-1.055821
381.720093,-6.200000,-6.848760,-2.633093,-1.078153,0.000648,3.991340,0,93,0,-0.648760
381.883189,-6.250000,-6.927705,-2.633093,-1.078153,0.728306,19.571098,0,238,0,-0.677705
382.081506,-6.280000,-6.615132,-0.553138,-3.764818,0.445591,14.758481,0,45,0,-0.335132
382.279596,-6.380000,-7.075936,-4.871204,-2.077700,-0.104007,13.924576,0,148,0,-0.695936
382.481115,-6.530000,-6.774294,1.505723,0.856548,0.210467,13.137362,0,142,0,-0.244294
382.720212,-6.660000,-8.036959,-7.215048,-5.046729,0.167917,9.358747,1,55,0,-1.376959
382.879482,-6.780000,-7.071062,-4.275018,-4.951046,-0.100221,8.565367,1,11,0,-0.291062
383.079501,-6.880000,-6.287807,-4.275018,-4.951046,0.260586,18.733843,0,68,0,0.592193
383.281492,-6.900000,-6.290231,-6.487063,-4.655493,0.286776,11.668055,0,121,0,0.609769
383.479560,-6.820000,-6.145281,-4.736908,-4.311854,0.063450,9.394444,1,9,1,0.674719
383.723724,-6.760000,-6.922046,-7.598281,-6.273737,0.422329,13.859137,0,97,0,-0.162045
383.880560,-6.680000,-7.279622,-7.748446,-6.603905,-0.190291,15.239995,0,46,0,-0.599622
384.079867,-6.650000,-7.367995,-10.649434,-7.083117,0.210665,13.772707,0,54,0,-0.717995
384.284645,-6.570000,-6.058602,-9.530572,-9.957063,0.463849,19.585243,0,44,0,0.511398
384.481302,-6.520000,-6.171538,-4.121540,-5.728395,-0.247732,7.809387,0,29,0,0.348462
384.729045,-6.530000,-5.998711,-8.612015,-6.358570,0.112411,16.777826,0,214,0,0.531289
384.879603,-6.510000,-4.724503,-8.612015,-6.358570,-0.208688,5.743861,0,349,0,1.785498
385.078415,-6.520000,-5.391695,-8.612015,-6.358570,0.785200,5.844473,0,547,0,1.128305
385.279656,-6.560000,-5.401398,-1.853621,-2.725409,-0.254783,6.378558,0,65,0,1.158602
385.481478,-6.520000,-4.650344,-12.729495,-6.469947,0.947691,9.434681,1,13,1,1.869656
385.975700,-6.420000,-3.887361,-5.051744,-7.183249,0.169167,4.437166,0,388,0,2.532639
386.078440,-6.320000,-3.609532,-5.051744,-7.183249,-1.072067,20.452421,0,35,0,2.710468
386.278409,-6.300000,-3.708484,-5.051744,-7.183249,-0.139889,19.678883,0,228,0,2.591516
386.485518,-6.320000,-4.611977,-13.347178,-10.873486,0.367552,4.892870,0,86,0,1.708024
386.736957,-6.360000,-4.730801,-11.456491,-9.720947,0.261593,12.091542,0,99,0,1.629200
386.878663,-6.420000,-2.901281,-9.345450,-9.388300,-0.006327,9.772017,1,0,1,3.518719
387.078463,-6.380000,-3.193998,-9.345450,-9.388300,0.566801,6.739150,0,194,0,3.186002
387.279604,-6.320000,-3.897844,-10.660121,-10.812994,-0.013840,7.284098,0,99,0,2.422156
387.479613,-6.300000,-3.328998,-12.433805,-11.178379,0.190052,15.063286,0,33,0,2.971002
387.681646,-6.240000,-3.457177,-9.254704,-9.194077,0.269665,14.223482,0,20,0,2.782823
387.879824,-6.250000,-2.674394,-10.287960,-10.733463,-0.112705,8.814951,1,16,1,3.575606
388.080570,-6.260000,-2.380152,-12.681963,-10.441667,0.040240,15.565234,0,58,0,3.879848
388.278426,-6.280000,-3.653391,-10.268325,-9.117166,-0.268381,15.137809,0,67,0,2.626609
388.478626,-6.310000,-2.938104,-10.268325,-9.117166,0.409875,5.051611,0,106,0,3.371896
388.678476,-6.330000,-3.055900,-10.268325,-9.117166,0.211613,11.872541,0,33,0,3.274100
388.882633,-6.280000,-3.060414,-5.115074,-5.540669,-0.063403,9.055646,1,0,1,3.219587
389.079583,-6.200000,-2.358623,-5.810282,-4.235761,0.028913,8.151366,0,49,0,3.841377
389.279559,-6.110000,-1.784623,-9.485427,-6.414025,0.476158,10.853427,1,15,1,4.325377
389.481805,-6.080000,-2.499393,-1.613192,-3.874317,-0.347977,15.401403,0,68,0,3.580607
389.679650,-6.120000,-2.356479,-13.453773,-10.623469,-0.113038,19.322588,0,108,0,3.763521
389.879832,-6.140000,-2.709329,-5.722123,-5.460424,0.038163,9.954607,1,14,1,3.430670
390.078463,-6.180000,-2.381932,-9.485810,-7.905195,0.101596,6.789939,0,125,0,3.798068
390.281222,-6.150000,-2.186893,-13.628304,-10.761593,0.440738,19.008350,0,21,0,3.963107
390.479553,-6.070000,-2.060609,-8.340338,-11.378040,0.365056,7.539539,0,70,0,4.009392
390.679590,-5.960000,-2.557113,-15.631307,-13.343819,-0.109122,18.384068,0,155,0,3.402887
390.879616,-5.890000,-1.708042,-13.715512,-14.440644,0.426923,5.141401,0,191,0,4.181958
391.079857,-5.830000,-2.246139,-11.587651,-13.502244,-0.036173,11.756007,0,97,0,3.583861
391.282647,-5.860000,-1.453512,-19.016579,-16.978165,-0.290538,16.200478,0,69,0,4.406488
391.484510,-5.920000,-1.048759,-14.406003,-13.130379,-0.438202,10.448895,1,16,1,4.871241
391.679486,-5.960000,-2.161435,-10.366057,-13.269642,0.348457,4.324236,0,81,0,3.798565
391.878434,-5.890000,-3.435735,-10.825576,-12.561909,0.120614,15.744161,0,117,0,2.454265
392.079581,-5.910000,-3.218908,-8.472507,-9.219702,-0.114640,10.542828,1,11,1,2.691092
392.283764,-5.950000,-2.933663,-8.236610,-7.446561,0.271121,18.305212,0,76,0,3.016337
392.487511,-5.950000,-2.583257,-11.160916,-9.459407,-0.326624,1.406438,0,126,0,3.366743
392.680739,-5.870000,-1.989808,-14.788577,-13.237855,-0.388368,5.870328,0,82,0,3.880192
392.885646,-5.840000,-2.429117,-12.852710,-9.341428,0.158283,18.656578,0,100,0,3.410883
393.078605,-5.870000,-2.814841,-12.370014,-10.678163,0.257093,9.210027,1,0,1,3.055159
393.279577,-5.960000,-3.390702,-5.972433,-8.877074,0.405724,12.193325,0,53,0,2.569299
393.480559,-6.010000,-3.962896,-10.145990,-10.979741,-0.124375,8.352877,1,0,1,2.047105
393.678439,-6.180000,-3.774675,-10.726476,-10.722469,0.214787,5.752662,0,13,0,2.405324
393.883505,-6.360000,-3.858886,-8.823924,-11.207678,0.033311,16.843615,0,97,0,2.501114
394.079490,-6.370000,-4.990616,-8.823924,-11.207678,-0.034133,11.355597,0,292,0,1.379384
394.283768,-6.350000,-5.023829,-7.533160,-8.344575,-0.121426,10.624182,1,0,1,1.326171
394.478783,-6.390000,-5.084190,-12.179947,-8.778865,0.518565,6.405900,0,37,0,1.305809
394.680479,-6.360000,-4.291847,-11.499432,-10.909876,0.094210,13.377039,0,20,0,2.068153
394.879859,-6.300000,-4.227672,-11.499432,-10.909876,0.405011,6.405476,0,223,0,2.072329
395.082656,-6.270000,-4.870399,-9.970851,-6.646279,0.530290,8.603450,1,0,1,1.399601
395.280555,-6.310000,-5.774324,-8.765602,-7.269271,-0.350986,11.479033,0,53,0,0.535676
395.478662,-6.370000,-4.477307,-8.489228,-6.716607,0.054907,2.053315,0,75,0,1.892693
395.680562,-6.420000,-4.237422,-7.333298,-8.459764,-0.050971,14.249055,0,54,0,2.182578
395.882511,-6.550000,-3.735111,-7.589651,-6.463720,0.332019,16.844185,0,75,0,2.814889
396.078487,-6.640000,-3.205714,-1.679734,-6.138032,0.143925,13.609836,0,36,0,3.434286
