time_s,g5_roll,ahrs_roll,gps_turn_rate_bank_deg,g5_slip_raw,mag_turn_rate_bank_deg,yaw_gyro_turn_rate_bank_deg,fused_turn_rate_bank_deg,accel_roll_deg,roll_correction_target_deg,magnetic_roll_deg,magnetic_roll_innovation_deg,magnetic_roll_disagreement_deg,magnetic_roll_valid,error
408.281177,-0.990000,0.000000,0.000000,nan,0.000000,0.000000,0.000000,0.000000,0.000000,0.000000,0.000000,0.000000,0,0.990000
408.478116,-1.110000,0.042065,-0.157678,nan,0.357765,0.240207,-0.157678,11.739735,-0.157678,17.169710,17.127645,0.000000,1,1.152065
408.683517,-1.170000,0.952373,-0.216738,nan,0.316038,0.726440,3.060461,8.192998,3.060461,18.112658,17.160284,0.000000,1,2.122373
408.881506,-1.330000,0.835579,-0.151994,nan,0.725391,0.504263,-0.151994,4.592007,-0.151994,17.497110,16.661531,0.000000,1,2.165579
409.078796,-1.370000,1.259091,-0.140810,nan,0.633819,-0.372298,1.522871,4.469287,1.522871,15.998464,14.739373,0.000000,1,2.629091
409.278195,-1.190000,2.203538,-0.109265,nan,1.130642,-2.248022,-0.534268,-1.062508,-0.534268,15.846319,13.642781,0.000000,1,3.393538
409.478781,-1.020000,2.802363,-0.273895,nan,0.986922,-1.102081,-0.273895,-3.778271,-0.273895,17.578129,14.775766,0.000000,1,3.822363
409.679502,-0.890000,2.497328,-0.153017,nan,2.184485,-2.525831,-1.415759,-3.156855,-1.415759,15.450921,12.953593,0.000000,1,3.387328
409.887651,-0.800000,3.144094,-0.238358,nan,1.894276,-2.422623,-2.617060,-5.946755,-2.617060,19.551510,16.407415,0.000000,1,3.944094
410.082403,-0.710000,2.632160,-0.171926,nan,2.126106,-2.355370,-2.841506,-6.673950,-2.841506,16.473557,13.841396,0.000000,1,3.342160
410.283635,-0.560000,2.272200,-0.221051,nan,1.860371,-3.125809,-0.221051,-5.187542,-0.221051,17.810446,15.538246,0.000000,1,2.832200
410.479498,-0.410000,2.199869,-0.122765,nan,1.628850,-2.798441,-3.209505,-7.716850,-3.209505,19.266537,17.066668,0.000000,1,2.609869
410.679752,-0.370000,1.876924,-0.163113,nan,2.787532,-2.600279,-0.163113,0.222941,-0.163113,18.733715,16.856791,0.000000,1,2.246924
410.881480,-0.500000,2.886785,-0.161660,nan,-11.536473,-0.971681,0.252931,1.036477,0.252931,15.282377,12.395593,0.000000,1,3.386785
411.079331,-0.480000,2.378647,-0.032478,nan,-26.072870,-0.275389,-0.064181,-0.101148,-0.064181,14.108189,11.729542,0.000000,1,2.858647
411.278502,-0.330000,1.867342,0.116668,nan,4.067480,0.138814,0.116668,-2.905772,0.116668,17.728462,15.861120,0.000000,1,2.197342
411.492612,-0.260000,2.228888,0.217711,nan,4.531606,-1.752075,-0.004069,-2.905772,-0.004069,16.457331,14.228443,0.000000,1,2.488888
411.689648,-0.230000,2.417054,0.276390,nan,3.965698,-2.239394,0.276390,-3.008428,0.276390,16.707533,14.290479,0.000000,1,2.647054
411.878483,-0.280000,3.118359,0.403176,nan,3.514521,-4.075866,0.403176,0.074776,0.403176,18.177673,15.059314,0.000000,1,3.398359
412.110010,-0.360000,3.129434,0.357613,nan,4.586830,-4.121669,1.949352,4.219869,1.949352,17.054386,13.924953,0.000000,1,3.489434
412.279612,-0.470000,2.375967,0.287763,nan,3.932071,-2.884002,0.287763,3.558559,0.287763,14.847729,12.471762,0.000000,1,2.845967
412.487654,-0.570000,1.663593,0.224963,nan,3.970930,-1.800712,0.224963,2.657048,0.224963,16.301725,14.638132,0.000000,1,2.233593
412.679485,-0.600000,0.969904,0.223844,nan,4.464214,-0.253862,0.223844,-0.663834,0.223844,17.280472,16.310568,0.000000,1,1.569904
412.879565,-0.540000,0.850607,0.367914,nan,5.612147,-0.835796,0.367914,0.780295,0.367914,19.385834,18.535227,0.000000,1,1.390607
413.110657,-0.470000,1.137391,0.362678,nan,6.205946,-0.762426,-0.305465,-1.670357,-0.305465,16.434799,15.297408,0.000000,1,1.607391
413.279509,-0.350000,1.880367,0.483326,nan,7.199574,-2.861506,0.483326,0.988463,0.483326,16.681007,14.800640,0.000000,1,2.230367
413.494688,-0.210000,1.565631,0.417745,nan,-36.080936,-3.512872,0.444725,1.007477,0.444725,8.252257,6.686627,2.562347,1,1.775631
413.684509,-0.190000,1.948320,0.455818,nan,-52.260468,-3.124682,0.239602,-0.540540,0.239602,9.422404,7.474084,0.000000,1,2.138320
413.884781,-0.270000,2.223828,0.387689,nan,-22.744465,-2.547975,0.387689,0.228983,0.387689,9.363546,7.139719,1.279421,1,2.493828
414.123979,-0.420000,1.370535,0.325578,nan,-8.288837,-0.168918,0.325578,0.228983,0.325578,9.358333,7.987798,0.428843,1,1.790535
414.287644,-0.540000,1.572255,0.408473,nan,-22.255562,-0.259623,0.408473,0.436563,0.408473,8.463696,6.891441,2.026603,1,2.112255
414.480484,-0.670000,0.537619,0.230511,nan,-23.252062,0.330618,0.230511,0.436563,0.230511,7.592899,7.055281,3.387298,1,1.207619
414.679548,-0.750000,0.955828,0.190233,nan,-17.483484,1.713349,0.190233,0.436563,0.190233,8.231587,7.275760,1.302635,1,1.705827
414.879574,-0.680000,-0.389587,0.278696,nan,-41.452267,2.210017,0.278696,0.436563,0.278696,3.694275,4.083862,0.928583,1,0.290413
415.143974,-0.560000,-0.357486,0.179236,nan,-21.124218,1.007728,0.271806,0.436563,0.271806,7.387652,7.745139,2.387927,1,0.202514
415.284507,-0.410000,-0.260431,0.162174,nan,4.366180,1.434456,0.162174,0.436563,0.162174,9.584620,9.845051,0.387389,1,0.149569
415.484509,-0.290000,-0.201922,0.277393,nan,-6.081775,1.146016,0.277393,-0.079647,0.277393,8.365983,8.567905,1.820571,1,0.088078
415.679456,-0.170000,0.258042,0.367983,nan,9.043572,1.264016,0.194727,-0.079647,0.194727,9.943492,9.685450,0.896287,1,0.428042
415.880499,0.030000,0.729249,0.299667,nan,-4.691000,1.557444,0.299667,-3.111554,0.299667,8.405891,7.676642,1.940845,1,0.699249
416.086516,0.200000,0.520223,0.438863,nan,-3.892777,3.100515,0.438863,-2.577500,0.438863,8.817654,8.297431,2.492333,1,0.320223
416.281603,0.230000,1.035177,0.570686,nan,-15.730056,3.212510,-0.768771,-3.348642,-0.768771,7.215145,6.179968,4.830093,1,0.805177
416.479422,0.280000,0.507926,0.692134,nan,-7.395822,3.423578,0.692134,-6.285634,0.692134,8.456149,7.948223,3.147569,1,0.227926
416.679726,0.340000,0.759097,0.742748,nan,-2.140797,3.278307,0.742748,-6.727672,0.742748,9.460852,8.701755,0.940089,1,0.419097
416.879503,0.360000,1.793220,0.783490,nan,-7.650077,2.020598,-2.670363,-8.634632,-2.670363,7.604389,5.811169,4.420997,1,1.433220
417.087214,0.350000,1.260733,0.865762,nan,-13.996623,1.932443,0.865762,-7.914476,0.865762,5.864806,4.604073,7.108386,1,0.910733
417.286508,0.340000,1.203551,0.849494,nan,-4.289890,2.161679,-3.413921,-10.658538,-3.413921,9.726960,8.523409,0.720902,1,0.863551
417.484481,0.250000,2.289893,0.818767,nan,5.595719,2.494260,0.862852,-12.300595,0.862852,8.651893,6.362000,2.382597,1,2.039893
417.684782,0.220000,1.923833,0.810512,nan,-3.994635,3.713629,-4.431868,-13.105949,-4.431868,7.828642,5.904809,3.924757,1,1.703833
417.879791,0.180000,1.628291,0.837001,nan,-17.578009,3.598072,0.837001,-16.008560,0.837001,5.352797,3.724506,1.309777,1,1.448291
418.084314,0.360000,-0.123803,0.945648,nan,-0.516624,3.798711,-3.672555,-11.545506,-3.672555,6.810976,6.934779,5.723236,1,-0.483803
418.288508,0.480000,-1.491411,1.036810,nan,-18.672432,3.935771,1.036810,-2.667305,1.036810,5.122867,6.614278,0.429057,1,-1.971411
418.490504,0.520000,-1.104789,1.057883,nan,-28.125391,4.060270,1.127352,-1.256413,1.127352,3.566549,4.671338,1.215093,1,-1.624789
418.689504,0.580000,-1.091155,1.175470,nan,-23.455109,4.409055,1.175470,-1.206975,1.175470,3.892178,4.983334,1.914795,1,-1.671155
418.891746,0.450000,-1.203096,1.075187,nan,-19.395267,4.792747,1.075187,-1.206975,1.075187,3.575024,4.778119,0.424005,1,-1.653096
419.087508,0.330000,0.417619,0.995817,nan,-41.251911,3.651250,0.995817,-2.148755,0.995817,0.953096,0.535477,2.478863,1,0.087619
419.280496,0.350000,0.261992,0.978827,nan,-45.317970,4.705551,0.978827,1.423991,0.978827,-0.626028,-0.888020,2.961641,1,-0.088008
419.482499,0.310000,0.456678,0.996465,nan,-31.610201,3.745938,-0.843393,-4.739061,-0.843393,-0.025827,-0.482505,0.902075,1,0.146678
419.684492,0.270000,0.738043,1.096116,nan,-12.841681,3.052553,1.096116,-4.877018,1.096116,3.178818,2.440776,0.383998,1,0.468043
419.885643,0.240000,-0.401614,1.136958,nan,-6.835783,2.276692,1.136958,-4.877018,1.136958,3.452805,3.854419,0.104325,1,-0.641614
420.080276,0.180000,-0.385850,1.243729,nan,-19.451513,2.340844,1.243729,-3.506403,1.243729,0.795604,1.181454,3.550386,1,-0.565850
420.280257,0.060000,-0.507171,1.085635,nan,-18.844229,1.601125,-1.154182,-5.599542,-1.154182,0.993653,1.500825,0.773588,1,-0.567171
420.483507,-0.110000,-0.364129,1.089602,nan,-16.125658,1.078943,1.126382,-3.238810,1.126382,0.782503,1.146632,1.319825,1,-0.254129
420.679481,-0.170000,0.107129,0.922028,nan,-25.101355,2.659164,-0.324349,-3.115942,-0.324349,-0.204583,-0.311712,2.430831,1,0.277129
420.881585,-0.230000,0.087474,0.921068,nan,-18.792355,2.300314,0.921068,-0.620340,0.921068,1.000074,0.912600,1.916357,1,0.317474
421.081497,-0.280000,0.953207,0.957484,nan,-11.149915,2.425307,-1.594413,-6.379742,-1.594413,0.752632,-0.200575,0.168333,1,1.233207
421.280126,-0.310000,0.815984,0.844065,nan,6.131534,2.256242,0.844065,-6.016573,0.844065,3.381572,2.565588,0.177567,1,1.125984
421.481523,-0.320000,0.717815,0.826015,nan,-17.846428,1.985672,0.826015,-4.656163,0.826015,-0.493372,-1.211186,1.335531,1,1.037815
421.683294,-0.370000,0.474209,0.787089,nan,-4.938886,2.173833,0.787089,-7.874278,0.787089,1.459734,0.985525,0.510658,1,0.844208
421.884488,-0.450000,1.037997,0.715793,nan,-15.465261,1.420559,-1.364694,-5.201219,-1.364694,-0.287668,-1.325665,1.271334,1,1.487997
422.079430,-0.460000,0.550515,0.762915,nan,-18.959389,1.829712,0.762915,-5.201219,0.762915,-0.957328,-1.507843,1.711587,1,1.010515
422.292003,-0.440000,0.003025,0.755287,nan,-4.709738,1.964446,0.755287,-4.731542,0.755287,0.642053,0.639028,0.197080,1,0.443025
422.480506,-0.440000,0.146353,0.718278,nan,19.053684,0.496738,0.718278,-5.214341,0.718278,4.264159,4.117806,0.753537,1,0.586353
422.680494,-0.480000,-0.619629,0.603394,nan,38.934692,0.124495,0.603394,-3.408155,0.603394,7.205355,7.824984,0.356864,1,-0.139629
422.880788,-0.480000,-0.644589,0.598361,nan,8.393049,-0.785179,-0.424227,-2.556468,-0.424227,2.260733,2.905323,2.265571,1,-0.164589
423.079472,-0.540000,-0.132191,0.581790,nan,22.687698,-1.818625,0.581790,-2.767752,0.581790,4.938962,5.071153,1.670215,1,0.407809
423.284502,-0.450000,-1.504967,0.620091,nan,26.662918,-2.741174,-0.174909,-1.987499,-0.174909,5.826788,7.331755,5.894967,1,-1.054967
423.480831,-0.420000,-1.652175,0.471999,nan,7.593950,-2.655079,0.471999,-6.072330,0.471999,2.983277,4.635452,3.109313,1,-1.232175
423.679421,-0.480000,-2.435695,0.492577,nan,3.377799,-1.289320,0.526933,-6.583364,0.526933,3.747991,6.183686,0.256398,1,-1.955695
423.881507,-0.630000,-2.659513,0.439552,nan,13.638579,-1.890051,-1.369406,-4.522394,-1.369406,3.828168,6.487680,0.873760,1,-2.029513
424.082478,-0.780000,-2.172208,0.422997,nan,26.191128,-2.941935,0.422997,-5.988446,0.422997,5.915284,8.087492,4.953133,1,-1.392208
424.283504,-0.880000,-2.749803,0.351976,nan,-13.984453,-2.737187,0.351976,-2.717571,0.351976,1.126330,3.876133,1.150397,1,-1.869803
424.482491,-0.930000,-2.720793,0.372905,nan,7.024294,-3.049155,0.372905,-4.244822,0.372905,4.087203,6.807996,2.876936,1,-1.790793
424.682480,-0.950000,-3.608434,0.346900,nan,24.057909,-2.975383,-1.562195,-4.772738,-1.562195,5.893387,9.501822,4.379521,1,-2.658434
424.880498,-0.890000,-2.029888,0.335465,nan,3.733127,-3.468991,0.335465,-3.075562,0.335465,4.416886,6.446774,1.284074,1,-1.139888
425.087643,-0.860000,-2.447146,0.273414,nan,10.205063,-2.266663,0.273414,-9.293506,0.273414,4.886417,7.333563,6.565943,1,-1.587146
425.279718,-0.870000,-2.471947,0.292237,nan,24.189915,-1.671222,0.282806,-4.392568,0.282806,6.674713,9.146660,3.006059,1,-1.601947
425.481494,-0.890000,-1.919166,0.279912,nan,-13.718502,-2.728790,0.807363,1.318627,0.807363,1.438238,3.357403,0.284219,1,-1.029166
425.682764,-0.910000,-0.818694,0.096032,nan,-28.273327,-3.584413,-0.354415,-1.519051,-0.354415,-0.383562,0.435132,0.269460,1,0.091306
425.886674,-0.920000,0.089130,0.090733,nan,8.572003,-3.369525,0.090733,-3.107536,0.090733,3.598538,3.509408,1.856737,1,1.009130
426.089663,-0.960000,1.068167,0.107328,nan,31.192022,-2.442479,0.107328,-3.107536,0.107328,7.242920,6.174753,1.828627,1,2.028167
426.285489,-0.920000,2.019750,0.109321,nan,27.721346,-2.446939,0.082819,-3.107536,0.082819,7.147607,5.127857,2.311675,1,2.939750
426.481797,-0.850000,1.270753,0.012949,nan,25.358097,-2.804168,0.012949,-3.107536,0.012949,6.735043,5.464289,2.836147,1,2.120753
426.687646,-0.720000,0.963485,0.195794,nan,11.045424,-3.649570,-0.844399,-2.600483,-0.844399,5.839551,4.876067,5.629946,1,1.683485
426.880213,-0.670000,1.251768,0.141519,nan,28.374601,-3.619850,0.141519,-1.534782,0.141519,8.589074,7.337306,0.186044,1,1.921768
427.081618,-0.700000,1.398589,0.121392,nan,29.825981,-2.664508,-0.402275,-1.309168,-0.402275,8.872034,7.473445,0.347587,1,2.098589
427.283641,-0.770000,1.250236,0.047815,nan,13.191928,-2.460371,-0.555183,-1.946963,-0.555183,6.475459,5.225223,4.038937,1,2.020236
427.479919,-0.840000,1.097122,0.126805,nan,12.039008,-0.400183,0.126805,-5.029737,0.126805,7.610048,6.512926,2.025300,1,1.937122
427.684641,-0.880000,1.255594,0.100833,nan,12.202453,0.094868,0.100833,-2.912092,0.100833,7.646098,6.390504,1.758163,1,2.135594
427.880498,-1.040000,1.896584,0.010956,nan,-16.860456,1.313377,-0.119527,-0.326207,-0.119527,3.049807,1.153223,3.106834,1,2.936584
428.079793,-1.170000,2.008186,-0.043733,nan,-5.747334,1.396608,-0.043733,-0.331913,-0.043733,5.158916,3.150730,4.064110,1,3.178186
428.286168,-1.230000,2.104391,0.020239,nan,-3.730501,1.263645,-0.041421,-2.320370,-0.041421,5.027937,2.923546,5.826345,1,3.334391
428.482499,-1.420000,2.245149,0.004814,nan,6.338569,-0.895473,0.004814,0.526439,0.004814,6.029521,3.784372,3.819840,1,3.665149
428.684484,-1.460000,2.990051,-0.076541,nan,13.795248,-1.296079,-0.076541,0.914868,-0.076541,6.227200,3.237149,2.647073,1,4.450050
428.880781,-1.480000,3.140417,-0.032715,nan,12.328516,-2.338296,-0.032715,2.866948,-0.032715,6.754930,3.614513,1.844779,1,4.620417
429.084488,-1.540000,2.468718,-0.138618,nan,3.139884,-2.886956,-0.138618,-1.001954,-0.138618,6.412784,3.944066,2.813688,1,4.008718
429.280033,-1.590000,1.338392,-0.201725,nan,7.620612,-2.997483,-0.164954,1.022881,-0.164954,5.983977,4.645584,4.504550,1,2.928392
429.488514,-1.640000,1.462226,-0.296385,nan,-0.455499,-3.341347,-0.296385,-1.995770,-0.296385,4.311843,2.849617,6.618137,1,3.102226
429.684507,-1.540000,1.276689,-0.273429,nan,9.938089,-2.981495,-1.609643,-3.340535,-1.609643,6.241445,4.964756,3.009258,1,2.816689
429.880506,-1.380000,0.896954,-0.379811,nan,14.775221,-2.420470,-3.622006,-8.105488,-3.622006,7.226318,6.329363,1.341965,1,2.276954
430.079596,-1.290000,1.276605,-0.470355,nan,-6.142581,-2.003095,-0.470355,-7.582670,-0.470355,5.607279,4.330673,3.985277,1,2.566605
430.286558,-1.200000,1.134171,-0.342452,nan,5.196176,-1.390500,-0.359688,-6.548170,-0.359688,6.809297,5.675126,2.975499,1,2.334171
430.479783,-1.190000,1.495433,-0.358596,nan,12.685990,-1.475065,-0.358596,-7.345139,-0.358596,6.959994,5.464561,2.331457,1,2.685433
430.680503,-1.190000,1.502282,-0.330283,nan,10.046209,-1.403290,-0.330283,-5.804817,-0.330283,6.990351,5.488069,2.578108,1,2.692282
430.881483,-1.150000,1.580799,-0.386564,nan,12.815272,-2.376403,-4.660677,-10.685283,-4.660677,6.743705,5.162905,2.340942,1,2.730799
431.079633,-1.170000,0.765742,-0.346517,nan,-1.356014,-1.645401,-0.346517,-8.306345,-0.346517,5.667170,4.901428,4.858650,1,1.935742
431.326593,-1.190000,-0.486660,-0.387646,nan,19.512800,-1.183255,-0.387646,-6.693927,-0.387646,8.959509,9.446169,1.620714,1,0.703340
431.479618,-1.200000,-0.676550,-0.262531,nan,-14.451821,-2.245515,-0.262531,-5.883084,-0.262531,4.803525,5.480075,0.293557,1,0.523450
431.679497,-1.100000,-0.341176,-0.362759,nan,4.222373,-2.183750,-2.971579,-6.522050,-2.971579,5.718554,6.059730,4.583947,1,0.758824
431.880499,-1.010000,0.482376,-0.270347,nan,-15.274676,-2.386220,-0.270347,-4.045730,-0.270347,4.803826,4.321450,0.636514,1,1.492376
432.082460,-0.930000,0.894581,-0.379631,nan,-26.922802,-2.300829,-3.019515,-6.599710,-3.019515,2.549975,1.655394,1.013498,1,1.824581
432.316355,-0.810000,0.030202,-0.380429,nan,-3.051874,-0.547238,-0.380429,-5.168820,-0.380429,5.523272,5.493070,5.884861,1,0.840202
432.483771,-0.830000,-0.528660,-0.303950,nan,4.969759,-0.317084,-0.303950,-5.168820,-0.303950,6.938401,7.467061,3.453914,1,0.301340
432.684507,-1.040000,-1.529735,-0.218665,nan,17.406462,0.482327,-0.218665,-3.945031,-0.218665,8.341344,9.871078,0.075309,1,-0.489735
432.879715,-1.820000,-3.022279,-0.188327,nan,15.238371,1.478444,-0.188327,-5.446244,-0.188327,6.187449,9.209727,2.222776,1,-1.202279
433.084607,-2.890000,-3.641840,-0.276843,nan,6.277556,1.812982,-0.276843,-10.451922,-0.276843,4.077055,7.718896,3.542444,1,-0.751840
433.340531,-4.230000,-4.569728,-0.539978,nan,-2.729638,3.363512,-0.539978,-9.281327,-0.539978,1.689949,6.259677,5.965192,1,-0.339728
433.480494,-5.460000,-4.871779,-0.658868,nan,19.776598,2.792382,-0.658868,-9.281327,-0.658868,4.161223,9.033003,0.258364,1,0.588221
433.683479,-6.780000,-6.008177,-1.530968,nan,-2.533544,3.818067,-1.530968,-9.281327,-1.530968,1.417418,7.425595,1.821190,1,0.771823
433.880499,-8.050000,-6.411360,-2.078228,nan,-3.522053,3.962801,-4.731470,-7.534802,-4.731470,-0.124152,6.287208,2.506639,1,1.638640
434.088506,-9.400000,-7.686876,-2.801838,nan,2.966746,5.011993,-2.801838,-4.818770,-2.801838,-2.257807,5.429069,2.804812,1,1.713123
434.337412,-10.770000,-8.232495,-3.418767,nan,1.042275,4.717663,-5.126760,-4.269981,-5.126760,-4.328031,3.904464,3.380932,1,2.537505
434.482512,-11.930000,-8.394663,-3.833825,nan,-16.732927,5.732278,-3.833825,-5.796749,-3.833825,-7.061204,1.333458,0.215794,1,3.535337
434.680205,-13.330000,-8.861166,-4.939329,nan,4.707642,4.858339,-4.939329,-11.939215,-4.939329,-5.597503,3.263663,1.734982,1,4.468834
434.886646,-14.840000,-8.730762,-5.682818,nan,-26.536428,4.738079,-5.682818,-7.622855,-5.682818,-11.312887,-2.582126,3.119656,1,6.109239
435.085504,-16.360001,-10.043316,-6.877078,nan,-32.187321,3.695521,-8.987534,-5.276139,-8.987534,-14.509209,-4.465893,5.155481,1,6.316685
435.338391,-17.870001,-11.780986,-8.407292,nan,-27.856733,4.708836,-9.638287,-4.348640,-9.638287,-16.370083,-4.589097,4.441246,1,6.089015
435.480487,-19.330000,-12.572105,-8.407292,nan,-29.223959,3.174589,-8.407292,-3.086267,-8.407292,-17.535952,-4.963846,4.339251,1,6.757895
435.679736,-20.750000,-13.922393,-10.389878,nan,-3.182199,3.781211,-10.403310,-0.033578,-10.403310,-15.856899,-1.934506,7.480353,1,6.827607
435.881578,-21.799999,-14.864441,-11.412069,nan,-7.536975,2.199783,-10.938792,1.183192,-10.938792,-18.286539,-3.422098,8.208694,1,6.935558
436.080308,-22.559999,-15.875575,-12.493898,nan,24.958214,0.110921,-12.493898,1.183192,-12.493898,-14.233274,1.642301,0.780867,1,6.684424
436.280507,-23.200001,-16.243385,-13.582637,nan,22.020433,-1.876863,-13.582637,0.405460,-13.582637,-15.366794,0.876592,7.019308,1,6.956615
436.482509,-23.809999,-15.986459,-13.934583,nan,-0.838978,-2.955199,-13.934583,0.210059,-13.934583,-17.522642,-1.536183,6.953282,1,7.823541
436.680388,-24.250000,-16.582336,-15.712283,nan,9.886395,-4.790221,-15.712283,2.722839,-15.712283,-16.884502,-0.302166,11.101677,1,7.667664
436.879432,-24.580000,-17.104906,-16.623199,nan,11.714805,-6.733346,-16.302670,0.801326,-16.302670,-16.357056,0.747850,10.572344,1,7.475094
437.081500,-24.799999,-17.681812,-17.699877,nan,10.142155,-6.968031,-17.699877,-1.645040,-17.699877,-17.535450,0.146362,6.185142,1,7.118187
437.283512,-24.980000,-18.027525,-18.367647,nan,-34.468773,-8.698049,-18.367647,-2.902523,-18.367647,-24.082563,-6.055038,6.491440,1,6.952475
437.480779,-25.110001,-19.044413,-18.509407,nan,-19.152542,-9.850505,-18.509407,-3.057408,-18.509407,-20.537930,-1.493517,8.901546,1,6.065588
437.681579,-25.230000,-19.840601,-19.807009,nan,-24.256836,-10.391262,-19.807009,-5.314743,-19.807009,-22.602243,-2.761642,7.967834,1,5.389399
437.879428,-25.230000,-20.449884,-20.483986,nan,-28.664928,-11.198750,-20.483986,-5.121620,-20.483986,-22.077961,-1.628077,8.787945,1,4.780115
438.089651,-25.230000,-19.865086,-20.971041,nan,-22.377480,-12.429799,-20.971041,-4.553197,-20.971041,-21.557236,-1.692150,8.338604,1,5.364914
438.288224,-25.320000,-20.776314,-21.175951,nan,-24.521580,-13.681908,-21.175951,-3.163139,-21.175951,-21.942469,-1.166155,5.702600,1,4.543686
438.488649,-25.530001,-20.980906,-20.931931,nan,-20.335096,-13.724410,-20.931931,-3.491480,-20.931931,-21.923801,-0.942896,5.723074,1,4.549095
438.680486,-25.780001,-21.743050,-21.850811,nan,-25.234217,-14.178349,-21.850811,0.525667,-21.850811,-22.521675,-0.778625,10.746265,1,4.036951
438.888511,-26.030001,-21.863871,-21.898712,nan,-27.148581,-15.314092,-21.898712,0.658861,-21.898712,-23.647858,-1.783987,7.235077,1,4.166130
439.080386,-26.250000,-22.322580,-22.136347,nan,-14.682464,-15.049215,-22.136347,-5.604838,-22.136347,-22.172504,0.150076,6.183651,1,3.927420
439.280479,-26.340000,-23.110876,-22.074978,nan,-18.159550,-15.582230,-22.074978,-5.859563,-22.074978,-23.342091,-0.231215,7.683102,1,3.229124
439.479037,-26.410000,-23.287939,-21.680815,nan,-33.424152,-15.083431,-21.680815,-1.336795,-21.680815,-23.652227,-0.364288,8.117125,1,3.122061
439.679499,-26.510000,-22.846767,-22.548071,nan,-15.944740,-15.484809,-22.548071,-3.650426,-22.548071,-21.807934,1.038834,11.669966,1,3.663233
439.891504,-26.629999,-23.417490,-22.807413,nan,-23.260109,-16.273365,-22.807413,-3.650426,-22.807413,-23.648664,-0.231174,6.580917,1,3.212509
440.084748,-26.760000,-24.807066,-23.328520,nan,-33.532990,-17.209883,-23.328520,-3.665261,-23.328520,-24.365173,0.441893,7.332022,1,1.952934
440.282482,-26.879999,-25.351845,-23.351103,nan,-35.294403,-17.634827,-23.247669,-2.713341,-23.247669,-23.904625,1.447220,8.892923,1,1.528154
440.485663,-27.030001,-25.066141,-22.541681,nan,-27.461147,-18.168533,-24.626478,-5.211992,-24.626478,-23.943153,1.122988,7.471809,1,1.963860
440.687618,-27.190001,-25.172960,-24.724627,nan,-19.109529,-18.098911,-24.724627,-3.672628,-24.724627,-22.685112,2.487848,9.949736,1,2.017040
440.882496,-27.309999,-26.267071,-24.733694,nan,-35.314373,-18.014593,-24.733694,-4.323134,-24.733694,-25.218342,1.048729,8.557217,1,1.042929
441.079598,-27.330000,-26.434448,-25.036234,nan,-26.777140,-18.640242,-25.036234,-2.622874,-25.036234,-23.387415,3.047033,10.705576,1,0.895552
441.279487,-27.379999,-26.691933,-25.123537,nan,-27.013601,-19.177721,-25.123537,-2.318997,-25.123537,-24.662979,2.028954,9.396900,1,0.688066
441.483506,-27.549999,-26.555079,-24.846922,nan,-32.814728,-20.046789,-22.993282,3.560067,-22.993282,-25.752651,0.802427,7.362011,1,0.994921
441.679536,-27.620001,-26.251326,-25.675514,nan,-30.531811,-18.651026,-25.675514,3.199231,-25.675512,-25.625570,0.625755,8.799164,1,1.368675
441.883642,-27.530001,-27.301920,-25.958990,nan,-35.608665,-18.728012,-25.958990,2.320013,-25.958990,-25.662144,1.639776,8.382673,1,0.228081
442.080507,-27.450001,-27.007856,-26.110226,nan,-25.799582,-18.880577,-26.110226,0.296904,-26.110226,-25.437344,1.570513,9.020990,1,0.442144
442.281493,-27.299999,-26.925364,-26.338753,nan,-34.959435,-19.612305,-26.338753,0.077282,-26.338751,-26.428894,0.496469,7.950813,1,0.374636
442.483514,-27.290001,-26.536310,-26.269999,nan,-39.634605,-19.968973,-27.486832,-3.042082,-27.486832,-26.532053,0.004257,7.818012,1,0.753691
442.681575,-27.139999,-26.910194,-26.422356,nan,-43.051682,-21.188448,-26.422356,-2.214004,-26.422358,-26.817488,0.092707,6.556728,1,0.229805
442.880124,-27.059999,-27.385550,-26.456898,nan,-37.581875,-21.303732,-26.889151,-1.080634,-26.889151,-25.439219,1.946331,9.237627,1,-0.325550
443.079760,-26.900000,-26.371832,-26.477024,nan,-36.950695,-22.143929,-26.477024,-1.080634,-26.477024,-25.784830,0.587002,8.995247,1,0.528168
443.280510,-26.840000,-26.273039,-26.388700,nan,-30.613995,-22.018948,-26.388700,-2.374989,-26.388699,-25.819218,0.453821,7.331026,1,0.566961
443.484214,-26.940001,-27.324202,-26.541811,nan,-30.913160,-20.120962,-26.541811,-1.891868,-26.541813,-25.403913,1.920288,9.036015,1,-0.384201
443.680323,-27.040001,-27.765570,-26.613434,nan,-30.664339,-21.343878,-26.613434,-1.168285,-26.613434,-26.067129,1.698441,7.579176,1,-0.725569
443.884486,-27.030001,-28.582031,-26.411133,nan,-28.048904,-21.557295,-26.411133,-5.641379,-26.411133,-25.515488,3.066544,8.810673,1,-1.552031
444.079895,-26.920000,-29.400158,-26.180063,nan,-29.261087,-21.899742,-26.711870,-7.116907,-26.711872,-25.792969,3.607189,8.795555,1,-2.480158
444.281500,-26.910000,-30.191711,-26.215048,nan,-34.325298,-21.065763,-26.215048,-1.991889,-26.215048,-26.338278,3.853434,7.968668,1,-3.281712
444.484643,-26.920000,-30.425665,-25.862129,nan,-40.847260,-20.485161,-26.136311,-2.062616,-26.136311,-27.310652,3.115013,6.185863,1,-3.505665
444.684795,-27.000000,-29.770433,-26.366690,nan,-27.651775,-19.760206,-28.248932,-4.705608,-28.248932,-25.959106,3.811327,9.171589,1,-2.770433
444.883800,-27.190001,-30.626524,-26.346979,nan,-27.385569,-19.412199,-26.346979,-3.283010,-26.346979,-27.154062,3.472462,6.412870,1,-3.436523
445.081478,-27.330000,-31.409914,-26.202732,nan,-22.618282,-18.763050,-27.507023,-3.260729,-27.507023,-26.161921,5.247993,8.707886,1,-4.079914
445.279511,-27.510000,-32.520916,-26.219263,nan,-25.533499,-18.576166,-27.201355,-2.455232,-27.201355,-25.815237,6.705679,10.378826,1,-5.010916
445.484505,-27.549999,-32.142609,-25.727705,nan,-24.273331,-19.115484,-26.206976,0.425460,-26.206976,-27.184183,4.958426,8.634989,1,-4.592609
445.683552,-27.520000,-31.600891,-26.213291,nan,-31.708139,-20.533833,-26.213291,1.152378,-26.213291,-26.079386,5.521505,9.594868,1,-4.080891
445.881790,-27.549999,-31.883427,-26.472950,nan,-30.504198,-20.141926,-26.472950,1.403711,-26.472950,-26.709143,5.174284,8.779287,1,-4.333427
446.087391,-27.549999,-32.116322,-26.270147,nan,-34.693409,-20.281864,-25.711407,1.396853,-25.711407,-26.248276,5.868046,9.637730,1,-4.566322
446.279445,-27.620001,-32.866650,-26.052071,nan,-28.231285,-20.512255,-26.052071,-0.345291,-26.052069,-26.391783,6.474867,9.679710,1,-5.246649
446.479012,-27.820000,-32.281700,-26.092480,nan,-25.947523,-21.798315,-25.318085,1.935988,-25.318085,-26.919443,5.362257,9.194288,1,-4.461700
446.690839,-28.040001,-33.606701,-26.346649,nan,-32.892159,-20.961412,-26.346649,2.630116,-26.346649,-28.083355,5.523346,8.094473,1,-5.566700
446.880493,-28.180000,-34.006557,-26.560978,nan,-24.943525,-20.957836,-26.560978,0.461790,-26.560978,-28.615721,5.390837,7.178057,1,-5.826557
447.080494,-28.190001,-33.642773,-26.635460,nan,-28.151604,-20.849932,-26.635460,1.433509,-26.635462,-28.203522,5.439251,8.507807,1,-5.452772
447.283514,-28.200001,-32.494331,-26.681196,nan,-27.399466,-20.515661,-26.681196,2.246809,-26.681194,-28.847612,3.646719,7.728987,1,-4.294331
447.506990,-28.020000,-31.912165,-25.826050,nan,-44.334213,-20.507538,-26.415554,1.476601,-26.415554,-26.882278,5.029886,10.061157,1,-3.892164
447.681791,-27.670000,-30.887980,-26.989601,nan,-42.113842,-21.406149,-26.989601,1.097606,-26.989599,-26.878496,4.009483,9.599537,1,-3.217979
447.879801,-27.459999,-30.705036,-27.191023,nan,-37.572762,-22.456289,-27.191023,-0.886637,-27.191021,-26.523653,4.181383,10.583717,1,-3.245037
448.083648,-27.280001,-31.556932,-27.072323,nan,-43.488338,-24.154943,-27.072323,1.648157,-27.072323,-27.165916,4.391016,8.564850,1,-4.276932
448.281501,-27.219999,-32.023212,-27.225363,nan,-35.352680,-23.722900,-27.225363,0.400145,-27.225363,-26.511456,5.511757,10.451618,1,-4.803213
448.481511,-27.200001,-31.015007,-27.461102,nan,-37.535530,-23.478701,-27.413849,0.118132,-27.413849,-27.013777,4.001230,10.143497,1,-3.815006
448.680486,-26.940001,-30.449511,-27.061956,nan,-34.754742,-24.650269,-27.061956,-0.236465,-27.061956,-26.586363,3.863148,9.853544,1,-3.509510
448.885684,-26.900000,-30.870424,-27.360178,nan,-41.385464,-24.645351,-28.132656,-1.931194,-28.132656,-26.741821,4.128603,10.327511,1,-3.970425
449.087653,-26.959999,-30.078909,-27.025551,nan,-36.750614,-25.838217,-27.025551,-3.546095,-27.025549,-25.967634,4.111275,11.848755,1,-3.118910
449.281586,-26.920000,-29.330996,-26.732540,nan,-23.561256,-24.992104,-26.732540,-3.386034,-26.732540,-26.516178,2.814817,12.068119,1,-2.410995
449.480056,-26.959999,-29.815561,-26.810305,nan,-24.139256,-23.650059,-26.810305,-2.117056,-26.810307,-29.109823,0.705738,8.289360,1,-2.855562
449.691511,-27.330000,-29.300720,-26.519089,nan,-38.643162,-23.403275,-27.097006,-1.444794,-27.097006,-27.370171,1.930550,12.785509,1,-1.970720
449.886647,-27.600000,-29.746029,-26.735638,nan,-30.464905,-23.517649,-26.735638,0.208632,-26.735638,-28.661404,1.084625,11.631216,1,-2.146029
450.081494,-27.959999,-30.939066,-26.613489,nan,-22.302759,-22.595554,-26.613489,0.208632,-26.613489,-29.903156,1.035910,11.180239,1,-2.979067
450.280194,-28.170000,-30.511221,-26.538383,nan,-18.169029,-21.903028,-26.538383,-0.073298,-26.538385,-30.641933,-0.130713,10.631666,1,-2.341221
450.503050,-28.280001,-29.394316,-25.258526,nan,-20.614441,-22.442337,-26.536840,-0.215555,-26.536840,-31.198376,-1.804060,11.152866,1,-1.114315
450.685548,-28.400000,-29.265488,-26.158777,nan,-13.764381,-22.676487,-26.158777,2.614523,-26.158777,-31.940123,-2.674635,11.135509,1,-0.865488
450.879496,-28.500000,-30.482073,-26.204861,nan,-4.924014,-23.142534,-26.204861,-0.531697,-26.204861,-32.563435,-2.081362,13.082973,1,-1.982073
451.079829,-28.709999,-31.715088,-25.734783,nan,5.155879,-23.089622,-25.734783,-0.531697,-25.734783,-32.245594,-0.530506,12.186272,1,-3.005089
451.289651,-28.990000,-31.604830,-25.845072,nan,-7.131556,-22.559019,-25.845072,-0.531697,-25.845072,-34.259571,-2.654741,9.832115,1,-2.614830
451.519762,-28.980000,-30.383488,-24.563116,nan,-10.621458,-23.703205,-26.133310,-0.860351,-26.133310,-34.490673,-4.107185,9.609175,1,-1.403488
451.682641,-28.900000,-30.023369,-26.279360,nan,-28.159622,-24.496603,-26.279360,-0.860351,-26.279362,-32.129742,-2.106373,13.335350,1,-1.123369
451.879468,-28.850000,-29.656881,-26.330769,nan,-14.550009,-24.991915,-26.330769,-0.470320,-26.330769,-34.427559,-4.770678,9.510881,1,-0.806881
452.081879,-29.139999,-30.814096,-26.392208,nan,-23.559900,-24.476484,-26.392208,0.767272,-26.392208,-33.833893,-3.019796,11.526543,1,-1.674097
452.281494,-29.500000,-31.050495,-26.678482,nan,-29.187563,-24.534887,-25.725439,2.382609,-25.725439,-34.758411,-3.707916,10.674906,1,-1.550495
452.526099,-29.799999,-31.136127,-25.733608,nan,-29.545624,-24.085152,-26.124212,1.455765,-26.124212,-34.693974,-3.557846,10.225977,1,-1.336128
452.684643,-29.840000,-30.899887,-27.305227,nan,-23.723246,-22.346064,-25.733608,0.330287,-25.733608,-35.658802,-4.758915,9.780825,1,-1.059887
452.888511,-29.549999,-31.215984,-27.920757,nan,-21.908499,-22.465887,-27.920757,0.330287,-27.920757,-34.377346,-3.161362,13.388828,1,-1.665985
453.081509,-29.540001,-31.330339,-28.021687,nan,-19.939068,-21.626575,-29.224010,-3.005807,-29.224010,-34.922520,-3.592180,12.602613,1,-1.790339
453.281778,-29.490000,-31.358854,-28.363228,nan,-39.312611,-22.102179,-28.363228,-3.233123,-28.363226,-33.326851,-1.967997,14.252224,1,-1.868855
453.480479,-29.459999,-31.797695,-27.932194,nan,-22.081322,-21.343615,-27.932194,-4.484428,-27.932194,-34.578030,-2.780334,11.494860,1,-2.337696
453.683640,-29.370001,-32.341335,-28.543781,nan,-13.798111,-20.087818,-30.206528,-4.156864,-30.206528,-36.463818,-4.122482,10.170988,1,-2.971334
453.879464,-29.389999,-32.209030,-28.715403,nan,-11.762151,-20.848322,-28.715403,-4.156864,-28.715403,-37.174858,-4.965828,8.628506,1,-2.819031
454.083784,-29.430000,-32.295994,-28.728128,nan,-18.844488,-21.703068,-28.728128,-4.156864,-28.728128,-36.608795,-4.312801,10.466837,1,-2.865993
454.283473,-29.340000,-32.950989,-28.926327,nan,-29.561647,-21.962570,-32.103779,-7.943627,-32.103779,-35.631916,-2.680927,11.133804,1,-3.610989
454.485758,-29.150000,-34.255360,-29.068453,nan,-26.758701,-20.904095,-29.068453,-6.228532,-29.068455,-35.108006,-0.852646,11.774569,1,-5.105360
454.680754,-28.860001,-33.758892,-29.238817,nan,-43.176579,-21.126215,-26.293118,-5.703981,-26.293118,-34.577663,-0.440529,15.548443,0,-4.898891
454.880247,-28.670000,-34.277866,-29.031128,nan,-45.460060,-21.410528,-29.031128,-5.703981,-29.031128,-33.748695,0.533829,15.405378,0,-5.607866
455.079834,-28.719999,-33.053963,-29.287851,nan,-46.374016,-21.974661,-29.287851,-4.432209,-29.287851,-31.635729,1.418234,14.521646,1,-4.333963
455.279584,-28.930000,-33.507473,-29.315603,nan,-54.249065,-21.799210,-30.584978,-3.173437,-30.584980,-32.773159,0.601086,20.195435,0,-4.577473
455.478931,-29.059999,-33.184212,-29.102497,nan,-39.919003,-21.690264,-29.102497,-3.173437,-29.102497,-32.901123,0.283089,13.711521,1,-4.124212
455.682645,-29.219999,-33.734837,-29.403416,nan,-52.483917,-21.505955,-29.403416,-8.294086,-29.403416,-33.437798,0.155472,17.843430,0,-4.514837
455.884646,-29.330000,-34.497749,-29.336435,nan,-50.312988,-21.434752,-29.336435,-8.028989,-29.336435,-31.295309,3.202440,17.238235,0,-5.167749
456.083795,-29.309999,-35.008392,-29.119377,nan,-51.306129,-22.410023,-29.119377,-5.525014,-29.119379,-29.857199,5.151194,11.414370,1,-5.698393
456.280484,-29.379999,-34.490704,-29.114321,nan,-49.083157,-22.706293,-29.114321,-4.540201,-29.114323,-28.535488,5.955215,14.576157,1,-5.110704
456.488857,-29.469999,-34.820415,-28.994873,nan,-46.145489,-21.680231,-28.994873,-2.025095,-28.994873,-33.365742,1.454674,0.000000,1,-5.350416
456.678976,-29.500000,-35.144112,-29.271889,nan,-47.514366,-23.221907,-29.271889,-2.025095,-29.271887,-28.216122,6.927990,12.426819,1,-5.644112
456.880157,-29.469999,-35.080551,-28.871962,nan,-49.205254,-21.653997,-28.871962,-2.720394,-28.871960,-29.399277,5.681274,5.333261,1,-5.610552
457.080492,-29.570000,-35.033504,-28.805067,nan,-27.468136,-20.882320,-28.805067,-1.840625,-28.805065,-35.361038,-0.327534,0.000000,1,-5.463505
457.288650,-29.610001,-35.118210,-28.888681,nan,-32.534615,-20.489115,-28.888681,-2.649029,-28.888681,-32.781235,2.336975,8.387127,1,-5.508209
457.483239,-29.670000,-34.695709,-28.832212,nan,-40.656406,-21.021605,-28.832212,-2.462061,-28.832211,-29.169621,5.526089,7.695896,1,-5.025709
457.682795,-29.780001,-34.901054,-29.060932,nan,-24.979181,-21.348093,-29.060932,-3.075671,-29.060932,-33.723824,1.177231,10.671431,1,-5.121054
457.884396,-29.809999,-34.365646,-28.796562,nan,-11.588470,-22.539349,-28.796562,-3.545750,-28.796564,-35.059208,-0.693562,14.466843,1,-4.555647
458.081564,-29.680000,-33.959160,-28.835106,nan,15.225462,-21.915035,-28.835106,-3.545750,-28.835108,-42.211250,-8.252090,0.000000,1,-4.279160
458.279735,-29.580000,-34.564011,-28.798677,nan,1.530877,-21.317667,-28.798677,-4.914618,-28.798679,-36.221066,-1.657055,9.079088,1,-4.984011
458.479980,-29.450001,-35.259872,-28.678642,nan,-7.900256,-20.538805,-28.678642,-3.149400,-28.678644,-36.189373,-0.929501,14.869164,1,-5.809872
458.681488,-29.330000,-34.948334,-29.129887,nan,25.815866,-21.761341,-29.129887,-3.092707,-29.129887,-41.187534,-6.239201,7.915874,1,-5.618334
458.879869,-29.120001,-34.228649,-28.627886,nan,-7.901215,-22.517506,-30.748413,-5.301317,-30.748413,-37.484577,-3.255928,13.335457,1,-5.108648
459.086519,-29.010000,-35.068893,-28.389057,nan,-4.037238,-22.170916,-28.389057,-5.301317,-28.389057,-39.214527,-4.145634,11.959221,1,-6.058893
459.281495,-28.940001,-34.948326,-28.374279,nan,-12.954597,-23.194319,-28.374279,-4.135970,-28.374279,-38.263859,-3.315533,10.906853,1,-6.008326
459.480512,-29.020000,-35.689991,-28.286131,nan,-2.830075,-23.484787,-28.286131,-4.135970,-28.286129,-39.490845,-3.800854,15.109623,0,-6.669991
459.681479,-29.270000,-35.823521,-28.818098,nan,-20.944523,-23.454092,-28.818098,-4.135970,-28.818096,-37.842068,-2.018547,9.733692,1,-6.553520
459.883790,-29.309999,-35.483494,-28.695919,nan,-21.009138,-23.757895,-28.695919,-4.135970,-28.695919,-39.504784,-4.021290,8.297314,1,-6.173494
460.080796,-29.150000,-34.640060,-28.827433,nan,-29.606384,-23.984039,-28.827433,-2.700164,-28.827433,-40.245434,-5.605373,0.000000,1,-5.490061
460.283789,-29.000000,-34.472393,-28.891533,nan,0.997452,-24.056059,-28.891533,-4.118964,-28.891535,-40.181637,-5.709244,0.030609,1,-5.472393
460.480479,-28.850000,-34.660561,-28.839336,nan,-24.004364,-23.911469,-28.839336,-5.756700,-28.839336,-37.230591,-2.570030,6.616665,1,-5.810560
460.685650,-28.790001,-34.316021,-28.372824,nan,-9.273255,-25.549746,-28.372824,-5.607165,-28.372824,-39.377537,-5.061516,4.132328,1,-5.526020
460.880483,-28.820000,-34.177685,-28.499737,nan,-18.940079,-25.447304,-28.499737,-7.769055,-28.499737,-39.244465,-5.066780,6.445793,1,-5.357685
461.080922,-28.840000,-34.517586,-28.555958,nan,-16.691856,-25.700050,-28.555958,-8.112418,-28.555958,-42.451298,-7.933712,0.000000,1,-5.677586
461.281477,-28.879999,-34.205276,-28.636391,nan,-14.770505,-25.774017,-28.636391,-3.119547,-28.636389,-40.616848,-6.411572,5.634842,1,-5.325277
461.479797,-28.980000,-34.929314,-28.543304,nan,-12.990849,-25.359657,-28.543304,-0.682432,-28.543304,-43.630608,-8.701294,0.000000,1,-5.949314
461.716693,-28.820000,-34.464500,-27.762169,nan,-11.801432,-25.714645,-28.068533,-0.830317,-28.068533,-41.832565,-7.368065,5.057339,1,-5.644501
461.887527,-28.670000,-34.077137,-28.551682,nan,-9.972716,-25.708584,-28.551682,-2.652456,-28.551682,-44.239891,-10.162754,0.000000,1,-5.407137
462.082509,-28.590000,-34.001011,-28.916754,nan,-8.740297,-24.480234,-28.916754,-4.561060,-28.916754,-43.978168,-9.977158,3.305519,1,-5.411011
462.283776,-28.549999,-33.991245,-28.687925,nan,-7.679132,-23.522640,-28.687925,-5.870488,-28.687923,-44.109638,-10.118393,3.518215,1,-5.441246
462.481519,-28.490000,-34.406738,-28.621426,nan,-6.775874,-23.334122,-28.621426,-5.870488,-28.621426,-46.565975,-12.159237,0.000000,1,-5.916739
462.682653,-28.590000,-34.066933,-28.537542,nan,-6.089872,-23.684322,-27.940138,-7.294109,-27.940136,-43.039932,-8.973000,7.648758,1,-5.476933
462.879555,-28.730000,-34.174927,-28.964928,nan,-5.157470,-23.047571,-28.964928,-6.335475,-28.964930,-47.907242,-13.732315,0.000000,1,-5.444927
463.078837,-28.980000,-34.107994,-29.222425,nan,-4.533256,-23.351446,-31.231251,-5.022061,-31.231251,-46.457897,-12.349903,4.449581,1,-5.127995
463.280798,-29.170000,-34.221653,-29.231953,nan,-3.722956,-22.529785,-29.231953,-5.371434,-29.231953,-46.606606,-12.384953,4.040134,1,-5.051653
463.478556,-29.200001,-34.839684,-29.283751,nan,-3.279168,-23.071018,-29.283751,-4.400368,-29.283749,-46.123245,-11.283562,6.633759,1,-5.639683
463.706720,-29.070000,-34.349289,-28.386486,nan,-2.629071,-22.875830,-30.297867,-4.376419,-30.297867,-47.462387,-13.113098,4.934692,1,-5.279289
463.878916,-28.860001,-34.112766,-29.172462,nan,-2.265823,-23.368645,-30.164967,-2.581329,-30.164967,-50.607124,-16.494358,0.000000,1,-5.252766
464.079584,-28.709999,-33.952122,-29.591406,nan,-1.952255,-24.155838,-29.591406,-2.135350,-29.591406,-49.438366,-15.486244,2.427094,1,-5.242123
464.280499,-28.610001,-32.658813,-29.279140,nan,-1.701934,-25.171497,-29.279140,-1.564857,-29.279140,-48.069798,-15.410984,6.155781,1,-4.048813
464.483515,-28.770000,-32.696239,-29.295637,nan,-1.138473,-25.763542,-29.295637,-0.922733,-29.295635,-50.583607,-17.887367,3.343033,1,-3.926239
464.702959,-29.090000,-34.004215,-29.389416,nan,-0.761195,-24.911379,-29.389416,-0.460733,-29.389416,-50.210056,-16.205841,4.493233,1,-4.914215
464.886506,-29.070000,-34.358910,-28.854168,nan,-0.600112,-24.832495,-30.728470,-4.685754,-30.728470,-50.715549,-16.356640,4.382561,1,-5.288910
465.083487,-29.040001,-35.119015,-29.014973,nan,0.800048,-24.631666,-29.014973,-4.685754,-29.014973,-52.283939,-17.164925,2.206326,1,-6.079014
465.281878,-29.100000,-34.392578,-28.772715,nan,-8.783275,-25.235914,-28.612902,-4.068543,-28.612904,-50.222439,-15.829861,6.865040,1,-5.292578
465.482617,-29.200001,-34.137409,-28.658901,nan,-29.245621,-24.923330,-28.658901,-2.597208,-28.658901,-47.432755,-13.295345,11.604786,1,-4.937408
465.730114,-29.170000,-33.373798,-28.770441,nan,-21.149052,-24.475050,-28.770441,-3.167261,-28.770441,-49.121132,-15.747334,11.628048,1,-4.203798
465.881501,-29.040001,-33.438835,-28.918409,nan,-19.345953,-24.309038,-28.918409,-2.291889,-28.918407,-48.500393,-15.061558,13.752800,1,-4.398834
466.087280,-28.980000,-33.767597,-29.005075,nan,-10.359191,-23.983570,-29.005075,0.743752,-29.005075,-50.315342,-16.547745,9.185173,1,-4.787598
466.282557,-28.820000,-33.867981,-28.701685,nan,-38.746727,-23.345350,-28.701685,1.047942,-28.701685,-46.083809,-12.215828,8.498920,1,-5.047981
466.481867,-28.730000,-34.065323,-28.254292,nan,-27.441889,-23.622505,-28.696781,-0.190010,-28.696781,-46.631676,-12.566353,4.875973,1,-5.335323
466.724199,-28.660000,-35.164303,-28.672024,nan,-51.598522,-24.058695,-28.672024,-1.675869,-28.672024,-43.708710,-8.544407,6.056637,1,-6.504303
466.888415,-28.680000,-34.883389,-28.179003,nan,-25.249323,-24.596437,-28.179003,-4.100951,-28.179005,-46.002533,-11.119144,3.694786,1,-6.203388
467.081483,-28.860001,-34.770237,-28.383165,nan,-45.082188,-24.638454,-28.383165,-2.976171,-28.383167,-43.256908,-8.486671,6.833992,1,-5.910236
467.284840,-29.000000,-35.078709,-28.383364,nan,-54.475971,-24.301167,-29.646103,-3.396529,-29.646103,-40.997978,-5.919270,9.488014,1,-6.078709
467.480050,-29.059999,-35.532841,-28.541574,nan,-51.900070,-23.354807,-28.541574,-4.439726,-28.541574,-41.361614,-5.828773,7.098259,1,-6.472841
467.745061,-29.100000,-35.296253,-28.605839,nan,-43.028748,-23.114006,-28.823904,-3.106190,-28.823904,-43.311775,-8.015522,5.753006,1,-6.196253
467.884340,-29.170000,-35.084263,-28.668726,nan,-47.375465,-22.937592,-29.065742,-0.992543,-29.065741,-41.503254,-6.418991,6.564960,1,-5.914263
468.083653,-29.270000,-34.841488,-28.686832,nan,-39.500053,-23.558939,-28.560877,0.314891,-28.560877,-42.487682,-7.646194,6.657116,1,-5.571487
468.281571,-29.309999,-34.641418,-28.779009,nan,-41.693485,-23.592747,-28.779009,0.226102,-28.779011,-41.951504,-7.310085,6.182201,1,-5.331419
468.480504,-29.309999,-35.347290,-28.553057,nan,-44.819397,-23.354242,-28.553057,1.118435,-28.553059,-41.081573,-5.734283,7.840855,1,-6.037291
468.679486,-29.280001,-35.867500,-28.705254,nan,-42.795509,-24.088181,-27.904022,0.628884,-27.904022,-41.268372,-5.400871,7.814503,1,-6.587500
468.883776,-29.260000,-35.600639,-28.995659,nan,-42.842907,-24.216743,-28.995659,0.628884,-28.995661,-42.707642,-7.107002,5.835579,1,-6.340639
469.088628,-29.320000,-35.187122,-28.864513,nan,-35.534237,-24.176975,-28.864513,0.169624,-28.864513,-39.312813,-4.125690,11.268703,1,-5.867123
469.279498,-29.370001,-35.503708,-28.983950,nan,-33.041328,-22.869516,-28.983950,-0.757448,-28.983952,-42.510082,-7.006374,6.834633,1,-6.133707
469.478414,-29.480000,-35.740936,-28.809799,nan,-27.176712,-23.289097,-29.088984,0.230000,-29.088984,-42.361713,-6.620777,7.687893,1,-6.260937
469.688849,-29.480000,-35.555237,-29.253527,nan,-32.011169,-23.427124,-29.252729,0.001992,-29.252728,-41.178295,-5.623058,9.066021,1,-6.075237
469.880499,-29.610001,-34.963619,-29.225639,nan,-24.326305,-23.145885,-29.225639,0.353813,-29.225641,-42.761223,-7.797604,7.672604,1,-5.353619
470.080503,-29.709999,-34.321926,-29.270288,nan,-29.003347,-23.690273,-29.270288,-2.317047,-29.270288,-41.522533,-7.200607,9.036896,1,-4.611927
470.283786,-29.680000,-33.936394,-29.260302,nan,-29.732494,-23.403042,-29.260302,-6.221021,-29.260303,-42.647747,-8.711353,7.925583,1,-4.256393
470.478521,-29.709999,-33.620720,-29.296902,nan,-19.471409,-23.621668,-31.705099,-6.020494,-31.705099,-42.628628,-9.007908,8.615791,1,-3.910721
470.681645,-29.820000,-33.927788,-29.282452,nan,-27.192953,-23.477110,-29.282452,-6.020494,-29.282452,-42.827774,-8.899986,5.626869,1,-4.107788
470.883487,-29.910000,-33.465382,-29.646687,nan,-33.228210,-24.301489,-32.149349,-6.256661,-32.149349,-41.768280,-8.302898,8.318153,1,-3.555382
471.083787,-29.969999,-34.430950,-29.494127,nan,-18.818817,-23.300312,-32.634514,-7.850969,-32.634514,-42.925941,-8.494991,8.459724,1,-4.460951
471.286644,-29.889999,-34.913696,-29.769335,nan,-21.563507,-22.765553,-29.769335,-5.261124,-29.769337,-42.562721,-7.649025,7.709385,1,-5.023697
471.480586,-29.700001,-35.520775,-29.685711,nan,-28.694796,-22.399614,-29.685711,-6.339082,-29.685711,-42.436413,-6.915638,6.953030,1,-5.820774
471.678536,-29.629999,-34.922073,-29.819685,nan,-31.440735,-22.520082,-29.819685,-4.606480,-29.819683,-41.906754,-6.984680,7.848644,1,-5.292074
471.880493,-29.760000,-35.878391,-29.771387,nan,-26.950209,-22.005468,-29.771387,-6.379810,-29.771387,-42.028545,-6.150154,7.290646,1,-6.118391
472.083510,-29.930000,-36.327763,-29.647963,nan,-32.488743,-22.432281,-33.530025,-9.705156,-33.530025,-42.084682,-5.756920,6.460434,1,-6.397762
472.279658,-30.129999,-36.560413,-29.055822,nan,-36.289032,-22.749552,-29.055822,-8.587919,-29.055822,-41.937454,-5.377041,7.529903,1,-6.430414
472.480625,-30.299999,-36.262524,-29.544588,nan,-33.658772,-22.574589,-29.544588,-6.484845,-29.544590,-41.514320,-5.251797,8.080967,1,-5.962524
472.685522,-30.420000,-36.646172,-29.903856,nan,-35.107338,-22.282125,-29.903856,-5.860884,-29.903858,-41.222656,-4.576485,6.990784,1,-6.226171
472.881794,-30.520000,-36.556049,-30.094534,nan,-35.853016,-20.848347,-30.094534,-9.855686,-30.094534,-41.508469,-4.952419,7.751778,1,-6.036049
473.081561,-30.559999,-36.890011,-29.863804,nan,-39.237186,-21.457819,-29.863804,-9.247477,-29.863804,-41.873360,-4.983349,6.105389,1,-6.330011
473.290523,-30.549999,-37.791748,-29.734423,nan,-36.606754,-20.133211,-29.734423,-8.374058,-29.734425,-41.381744,-3.589996,6.124245,1,-7.241749
473.481003,-30.540001,-38.042366,-29.942833,nan,-40.391846,-20.158937,-29.942833,-8.244066,-29.942835,-40.431114,-2.388748,7.617386,1,-7.502365
473.690726,-30.549999,-38.061657,-29.570726,nan,-37.945381,-20.158112,-29.570726,-7.573558,-29.570728,-40.408760,-2.347103,7.924469,1,-7.511658
473.880916,-30.730000,-38.299599,-29.609068,nan,-36.648884,-20.503138,-29.609068,-8.146339,-29.609066,-41.504833,-3.205235,6.418583,1,-7.569599
474.083513,-30.920000,-37.365635,-28.954512,nan,-22.213230,-20.078526,-28.954512,-5.890132,-28.954510,-40.535587,-3.169952,6.940521,1,-6.445635
474.280763,-31.000000,-37.119522,-28.845591,nan,-33.670425,-19.939734,-28.845591,-5.139335,-28.845591,-39.704914,-2.585392,8.743313,1,-6.119522
474.482532,-31.110001,-37.276596,-28.913738,nan,-32.485809,-20.473112,-28.913738,-10.475435,-28.913738,-40.834538,-3.557941,7.369408,1,-6.166595
474.681480,-31.209999,-36.101704,-28.658815,nan,-31.219307,-21.173269,-28.658815,-8.703357,-28.658817,-40.974430,-4.872726,7.022396,1,-4.891705
474.881495,-31.340000,-37.360844,-28.638330,nan,-21.604694,-20.828300,-28.638330,-8.703357,-28.638330,-40.824635,-3.463791,6.875263,1,-6.020844
475.084778,-31.559999,-36.733185,-28.586393,nan,-24.241955,-19.961710,-28.586393,-6.346781,-28.586391,-41.181973,-4.448788,7.189472,1,-5.173185
475.286632,-31.860001,-36.915642,-29.118172,nan,-32.495064,-20.990753,-29.118172,-7.538742,-29.118170,-41.187771,-4.272129,8.269264,1,-5.055641
475.481048,-32.139999,-37.947617,-29.205780,nan,-36.049946,-21.328697,-29.205780,-7.538742,-29.205780,-40.849098,-2.901482,8.466660,1,-5.807617
475.686625,-32.270000,-36.864414,-29.584610,nan,-25.044418,-22.571543,-31.891088,-5.766196,-31.891088,-41.642063,-4.777649,6.225456,1,-4.594414
475.884643,-32.139999,-36.245369,-29.075853,nan,-20.855959,-23.695620,-29.531269,-5.766196,-29.531269,-41.435215,-5.189846,5.988865,1,-4.105370
476.086628,-32.060001,-35.814159,-30.136162,nan,-30.164282,-24.310440,-30.136162,-6.499055,-30.136164,-40.914207,-5.100048,6.029392,1,-3.754158
476.284716,-32.119999,-36.711506,-30.399031,nan,-19.769100,-23.269302,-30.399031,-5.128006,-30.399029,-40.508724,-3.797218,5.266228,1,-4.591507
476.480763,-32.119999,-36.737137,-30.698689,nan,-31.369673,-23.422211,-30.698689,-4.242689,-30.698689,-40.165268,-3.428131,7.431686,1,-4.617138
476.678496,-32.169998,-36.809547,-31.093494,nan,-32.787437,-23.495846,-32.039902,-2.366014,-32.039902,-41.222431,-4.412884,4.570507,1,-4.639549
476.882212,-32.119999,-35.709347,-30.945097,nan,-38.056850,-25.276421,-30.945097,-1.174320,-30.945095,-40.815868,-5.106522,5.451363,1,-3.589348
477.079440,-31.900000,-35.537804,-31.028389,nan,-32.196899,-24.799728,-32.284561,-3.140431,-32.284561,-38.966480,-3.428677,8.070026,1,-3.637804
477.284708,-31.670000,-34.812412,-31.468208,nan,-38.896530,-25.856344,-32.185909,-1.794253,-32.185909,-39.346642,-4.534229,6.637039,1,-3.142412
477.487643,-31.510000,-36.161446,-31.328869,nan,-37.377663,-25.670195,-31.328869,-3.635794,-31.328869,-39.434624,-3.273178,5.085976,1,-4.651445
477.682637,-31.379999,-36.563480,-31.652655,nan,-37.155704,-25.871521,-31.652655,-4.412951,-31.652655,-38.654686,-2.091206,5.810616,1,-5.183481
477.884728,-31.340000,-37.296169,-31.454617,nan,-37.172821,-25.662977,-31.454617,-3.174383,-31.454617,-39.076260,-1.780090,5.565331,1,-5.956169
478.082467,-31.309999,-36.835983,-31.434669,nan,-37.461273,-26.327177,-31.434669,-5.088122,-31.434668,-38.619476,-1.783493,6.648438,1,-5.525984
478.282483,-31.280001,-36.183128,-31.787516,nan,-25.553341,-26.905958,-31.787516,-3.264044,-31.787516,-37.319241,-1.136112,8.756630,1,-4.903128
478.487515,-31.270000,-35.711353,-31.455200,nan,-22.230122,-26.506737,-31.455200,-4.381537,-31.455200,-37.141651,-1.430298,8.538063,1,-4.441353
478.679331,-31.209999,-35.155689,-30.706469,nan,-31.754871,-26.642807,-30.706469,-4.140110,-30.706470,-38.582710,-3.427021,5.557449,1,-3.945690
478.888508,-31.090000,-34.841702,-30.919559,nan,-35.389481,-27.006168,-30.907999,-3.948759,-30.907999,-36.280212,-1.438511,8.745594,1,-3.751701
479.080811,-30.940001,-35.267456,-31.355270,nan,-26.190765,-27.322832,-31.355270,-3.892877,-31.355270,-36.254349,-0.986893,7.993111,1,-4.327456
479.281498,-30.830000,-35.375736,-31.821520,nan,-28.807074,-27.673414,-31.975660,-0.385351,-31.975658,-35.721214,-0.345478,7.831154,1,-4.545736
479.480505,-30.719999,-34.909279,-31.400732,nan,-38.360317,-27.274912,-31.400732,0.063220,-31.400732,-36.812054,-1.902775,5.848629,1,-4.189280
479.687644,-30.660000,-34.600967,-31.757990,nan,-32.114975,-27.740942,-31.757990,0.063220,-31.757990,-36.128445,-1.527477,7.615799,1,-3.940968
479.887652,-30.700001,-34.576534,-30.607088,nan,-20.704876,-27.942949,-32.546124,-2.086785,-32.546124,-34.400291,0.176243,9.533480,1,-3.876534
480.079422,-30.719999,-34.248497,-31.485346,nan,-33.932522,-27.634027,-31.485346,-2.087099,-31.485346,-36.296570,-2.048073,5.715572,1,-3.528498
480.281475,-30.670000,-34.980232,-31.537039,nan,-31.486107,-27.831028,-33.001186,-3.660366,-33.001186,-36.095070,-1.114838,5.629086,1,-4.310232
480.482502,-30.650000,-35.390171,-31.396576,nan,-29.652502,-26.896025,-31.396576,-6.400850,-31.396576,-35.260853,0.129318,8.500156,1,-4.740171
480.678571,-30.570000,-35.739246,-31.482105,nan,-41.873051,-25.981745,-33.885857,-6.009377,-33.885857,-37.293468,-1.554222,2.924049,1,-5.169247
480.899203,-30.530001,-35.677521,-31.355049,nan,-37.638355,-25.838043,-31.355049,-7.228550,-31.355047,-36.776482,-1.098961,5.235378,1,-5.147520
481.087647,-30.490000,-35.478954,-30.868292,nan,-24.657326,-26.006508,-30.868292,-7.228550,-30.868292,-35.941933,-0.462978,3.831371,1,-4.988955
481.279405,-30.450001,-35.957226,-31.138926,nan,-38.713699,-25.082771,-31.138926,-7.193252,-31.138926,-36.618980,-0.661755,3.019577,1,-5.507225
481.479850,-30.360001,-35.991680,-30.926510,nan,-39.747261,-24.689554,-30.926510,-5.319008,-30.926510,-36.029045,-0.037365,3.926266,1,-5.631680
481.681507,-30.250000,-36.364460,-31.097509,nan,-34.234596,-25.174673,-34.429173,-8.329155,-34.429173,-36.176533,0.187927,6.120941,1,-6.114460
481.911181,-30.209999,-36.816448,-29.796318,nan,-40.596249,-25.080761,-30.897535,-6.628948,-30.897533,-36.587589,0.228859,4.074356,1,-6.606449
482.081728,-30.100000,-35.555603,-30.877401,nan,-33.505913,-24.724932,-30.877401,-6.628948,-30.877401,-34.912083,0.643520,5.804064,1,-5.455603
482.281498,-29.980000,-35.659283,-30.814440,nan,-39.774731,-25.073999,-30.814440,-7.890366,-30.814442,-36.721870,-1.062588,2.886864,1,-5.679283
482.479475,-29.940001,-36.746548,-30.805260,nan,-42.936543,-24.404636,-30.805260,-7.461497,-30.805262,-38.163326,-1.416779,0.766937,1,-6.806547
482.686305,-29.950001,-36.836342,-31.256407,nan,-36.035400,-23.244125,-31.256407,-3.511121,-31.256405,-36.537575,0.298767,3.575218,1,-6.886341
482.970574,-29.959999,-36.904594,-30.459660,nan,-26.605221,-23.423197,-30.847805,-4.124745,-30.847805,-34.431011,2.473583,5.197147,1,-6.944595
483.084508,-29.910000,-36.702507,-30.450981,nan,-38.581039,-23.563541,-30.459660,-4.124745,-30.459660,-36.664139,0.038368,1.510643,1,-6.792507
483.286570,-29.820000,-36.572845,-30.454285,nan,-46.162529,-23.367352,-30.454285,-4.510206,-30.454285,-38.838764,-2.265919,3.181458,1,-6.752846
483.492644,-29.700001,-36.511658,-30.089367,nan,-22.283428,-24.205652,-30.089367,-2.051852,-30.089367,-35.386322,1.125336,0.759518,1,-6.811657
483.677642,-29.610001,-36.632103,-30.130909,nan,-30.235548,-24.385109,-30.130909,-1.430835,-30.130909,-35.009438,1.622665,4.104267,1,-7.022102
483.926228,-29.540001,-36.460285,-30.309320,nan,-20.403669,-24.325525,-30.309320,-2.122383,-30.309320,-32.764385,3.695900,8.452259,1,-6.920284
484.085506,-29.490000,-36.397427,-30.614294,nan,-40.488476,-24.868183,-30.614294,-2.440985,-30.614294,-38.496239,-2.098812,4.140579,1,-6.907427
484.284486,-29.450001,-36.418587,-30.497881,nan,-38.520668,-25.175228,-30.497881,-4.291639,-30.497883,-36.439728,-0.021141,1.823589,1,-6.968586
484.480512,-29.440001,-35.858994,-30.402693,nan,-38.930725,-24.209526,-31.986338,-3.959110,-31.986338,-36.396446,-0.537453,0.630962,1,-6.418993
484.678604,-29.410000,-36.122425,-30.615849,nan,-33.045433,-24.983250,-30.615849,-3.478513,-30.615849,-35.017555,1.104870,0.387783,1,-6.712425
484.935758,-29.340000,-35.767773,-30.270210,nan,-25.222956,-23.975479,-31.738340,-3.670324,-31.738338,-32.815662,2.952110,0.218224,1,-6.427773
485.079660,-29.260000,-36.076263,-29.993690,nan,0.175228,-23.291698,-29.993690,-3.670324,-29.993689,-29.374519,6.701744,9.738451,1,-6.816263
485.281500,-29.180000,-35.764824,-29.839947,nan,-29.104820,-24.192915,-30.112898,-2.098975,-30.112896,-33.542374,2.222450,0.899433,1,-6.584824
485.483519,-29.129999,-35.645966,-29.835810,nan,-30.176029,-23.581141,-29.835810,-8.032072,-29.835810,-33.790436,1.855530,1.368217,1,-6.515966
485.691647,-29.110001,-35.490875,-29.885250,nan,-3.935221,-24.116951,-29.885250,-6.891141,-29.885250,-29.724020,5.766855,3.792240,1,-6.380875
485.879431,-29.100000,-34.903030,-29.728231,nan,-23.429873,-24.898565,-30.457642,-1.823526,-30.457642,-31.719231,3.183800,4.621721,1,-5.803030
486.080724,-29.090000,-35.246952,-29.768000,nan,-7.796726,-24.218294,-32.659889,-7.229720,-32.659889,-29.738773,5.508179,7.049185,1,-6.156952
486.279473,-29.090000,-34.509995,-29.765839,nan,-30.114254,-23.696062,-32.528812,-6.907431,-32.528812,-32.407822,2.102173,4.378065,1,-5.419994
486.481509,-29.100000,-34.353096,-29.662378,nan,-26.471571,-23.263977,-31.519428,-4.642627,-31.519428,-32.786861,1.566235,2.845816,1,-5.253096
486.677494,-29.120001,-34.678574,-29.419168,nan,-29.054071,-23.358490,-30.314917,-3.604113,-30.314917,-32.259624,2.418949,6.582228,1,-5.558573
486.881592,-29.309999,-34.612495,-29.249125,nan,-19.349241,-23.020821,-29.249125,-5.357774,-29.249125,-31.449566,3.162930,3.585808,1,-5.302496
487.088635,-29.340000,-34.432606,-29.406195,nan,-16.363993,-23.114990,-29.406195,-5.678279,-29.406195,-29.676121,4.756485,4.959106,1,-5.092606
487.285639,-29.240000,-35.021919,-29.298021,nan,-27.372610,-22.853205,-29.298021,-5.249589,-29.298023,-31.489304,3.532616,8.618025,1,-5.781919
487.479494,-29.330000,-35.117817,-29.223671,nan,-14.633197,-22.897724,-29.223671,-5.395275,-29.223669,-35.813705,-0.695889,0.000000,1,-5.787817
487.680708,-29.549999,-35.507839,-29.117357,nan,-22.188446,-23.003159,-29.117357,-4.329195,-29.117359,-31.237665,4.270174,7.271301,1,-5.957840
487.881496,-29.730000,-35.337444,-29.094988,nan,-17.825199,-22.755581,-29.094988,-3.411521,-29.094990,-29.530460,5.806984,6.507540,1,-5.607445
488.081589,-29.950001,-35.770462,-29.222624,nan,-30.112720,-23.433792,-31.451172,-5.571368,-31.451172,-31.963203,3.807259,11.429405,1,-5.820461
488.279731,-30.160000,-35.825718,-29.000406,nan,-26.747702,-24.159058,-29.000406,-5.059144,-29.000406,-31.833824,3.991894,10.744522,1,-5.665718
488.481357,-30.260000,-36.137478,-29.041754,nan,-23.878275,-23.622017,-29.041754,-5.823663,-29.041754,-31.918144,4.219334,10.451777,1,-5.877478
488.680495,-30.350000,-35.780777,-28.901737,nan,-2.863525,-23.222200,-28.901737,-6.757970,-28.901737,-33.314766,2.466011,0.000000,1,-5.430777
488.887640,-30.400000,-36.345287,-29.083284,nan,-20.518272,-23.723089,-29.083284,-7.798677,-29.083286,-30.542517,5.802771,10.659967,1,-5.945288
489.081477,-30.410000,-35.927269,-29.116365,nan,-18.307268,-23.082783,-29.116365,-5.114457,-29.116367,-28.655834,7.271435,13.411203,1,-5.517269
489.281586,-30.370001,-36.056602,-28.956945,nan,-16.073294,-22.414337,-28.956945,-4.496818,-28.956945,-28.974766,7.081837,10.233503,1,-5.686602
489.479696,-30.389999,-35.237103,-28.522017,nan,-14.195309,-22.059973,-29.046528,-4.225635,-29.046528,-28.681423,6.555679,10.647741,1,-4.847103
489.679611,-30.350000,-34.832470,-28.797180,nan,-12.550421,-23.292294,-28.797180,-4.225635,-28.797180,-27.672060,7.160410,11.264807,1,-4.482470
489.885509,-30.150000,-35.062984,-28.809427,nan,-10.888661,-24.360044,-28.809427,-4.812484,-28.809427,-26.160818,8.902166,11.900509,1,-4.912985
490.085925,-29.780001,-34.154144,-28.027670,nan,-10.186644,-25.244684,-28.826521,-4.213465,-28.826519,-25.183668,8.970476,12.444456,1,-4.374144
490.283516,-29.100000,-33.287735,-28.355534,nan,-8.406792,-26.199184,-28.355534,-4.263707,-28.355534,-23.452187,9.835548,11.662399,1,-4.187735
490.491563,-27.750000,-32.044922,-27.778240,nan,-6.565441,-27.317331,-28.504570,-5.793056,-28.504572,-22.191851,9.853071,10.101274,1,-4.294922
490.681503,-25.570000,-29.984510,-27.947069,nan,-31.609877,-29.311825,-29.893698,-4.866570,-29.893698,-23.921967,6.062544,18.616865,0,-4.414511
490.885641,-22.930000,-26.425234,-27.408054,nan,-43.924221,-31.361818,-27.408054,-9.978353,-27.408054,-23.225273,3.199961,6.472980,1,-3.495234
491.080504,-20.150000,-24.916361,-26.755404,nan,-41.008606,-31.866371,-26.755404,-7.755206,-26.755405,-18.778648,6.137712,4.843386,1,-4.766361
491.280404,-17.430000,-23.885099,-25.762560,nan,-42.835751,-32.545918,-25.762560,-8.188147,-25.762562,-16.650164,7.234936,6.057825,1,-6.455099
491.480852,-14.730000,-23.072218,-24.460751,nan,-44.763149,-32.624916,-28.409157,-7.626364,-28.409155,-14.905892,8.166326,3.531380,1,-8.342218
491.681588,-12.110000,-20.724789,-23.672550,nan,-17.455452,-32.736038,-23.672550,-7.626364,-23.672550,-7.416153,13.308636,1.693111,1,-8.614789
491.884506,-10.020000,-19.840508,-22.427511,nan,-25.632730,-32.435619,-25.647316,-8.049513,-25.647314,-5.793111,14.047397,0.141076,1,-9.820507
492.081480,-8.090000,-19.531782,-20.787445,nan,-21.226248,-30.172888,-20.787445,-8.049513,-20.787445,-3.042236,16.489546,3.051012,1,-11.441782
492.280764,-6.330000,-17.150990,-19.448879,nan,-26.816332,-29.406649,-19.448879,-8.049513,-19.448879,-2.742073,14.408916,0.676307,1,-10.820990
492.479497,-5.330000,-16.974663,-18.683895,nan,10.267344,-27.741199,-18.683895,-5.408710,-18.683895,3.779179,20.753841,3.053784,1,-11.644663
492.682639,-4.820000,-17.583395,-16.432348,nan,1.483312,-25.108221,-16.432348,-5.408710,-16.432348,4.088154,21.671549,1.109826,1,-12.763395
492.881509,-4.330000,-18.067381,-14.977999,nan,-2.286948,-23.384966,-14.977999,-0.245298,-14.977999,3.343167,21.410547,1.049500,1,-13.737381
493.081607,-3.890000,-17.617680,-13.547126,nan,-2.395227,-22.308846,-14.568434,-0.068727,-14.568434,3.883914,21.501595,1.778403,1,-13.727679
493.286646,-3.550000,-15.545938,-12.474042,nan,-9.501710,-20.397844,-11.960070,1.284932,-11.960070,2.970465,18.516403,4.795204,1,-11.995937
493.487505,-3.240000,-15.730508,-11.889388,nan,1.241978,-19.436892,-11.889388,0.351502,-11.889388,5.077437,20.807945,2.185744,1,-12.490508
493.684662,-2.900000,-15.129406,-10.413734,nan,0.117707,-17.851009,-10.413734,1.098003,-10.413734,6.524535,21.653940,0.313992,1,-12.229406
493.880718,-2.640000,-14.084542,-9.378321,nan,2.582704,-16.869190,-9.378321,1.363935,-9.378321,6.384024,20.468567,0.852063,1,-11.444542
494.082346,-2.380000,-13.934358,-8.243098,nan,-10.649601,-15.538770,-8.324787,1.562535,-8.324787,6.492930,20.427288,2.020556,1,-11.554358
494.279704,-2.130000,-13.283156,-7.667389,nan,-1.312990,-13.353907,-7.667389,4.416144,-7.667390,6.893738,20.176895,1.241775,1,-11.153156
494.486426,-1.900000,-13.261100,-7.475500,nan,-8.921924,-11.296233,-7.475500,2.807926,-7.475500,4.590961,17.852060,6.223706,1,-11.361100
494.682507,-1.720000,-12.627090,-6.330900,nan,6.470734,-10.113951,-4.633863,5.368903,-4.633863,7.943873,20.570963,0.043223,1,-10.907089
494.882510,-1.540000,-12.220264,-5.702614,nan,-5.171497,-8.418502,-5.702614,5.218245,-5.702614,6.393991,18.614256,4.492394,1,-10.680264
495.083879,-1.400000,-11.657819,-5.017354,nan,-19.734303,-7.445480,-3.624980,5.092745,-3.624980,5.122085,16.779903,5.817437,1,-10.257819
495.284494,-1.340000,-11.213339,-4.671924,nan,-6.483753,-7.181568,-4.927678,2.579139,-4.927678,6.249926,17.463264,5.048024,1,-9.873339
495.487339,-1.310000,-10.554540,-4.386965,nan,11.326010,-6.905421,-4.386965,0.575743,-4.386965,8.347428,18.901968,0.233318,1,-9.244539
495.690670,-1.310000,-9.811109,-3.733505,nan,16.998510,-6.068801,-4.338124,-1.511548,-4.338124,9.843997,19.655106,2.255172,1,-8.501108
495.879503,-1.350000,-9.491920,-3.368589,nan,-28.496513,-6.213163,-5.104914,-4.340814,-5.104914,7.573529,17.065449,0.000000,1,-8.141919
496.084954,-1.380000,-9.832560,-2.958270,nan,-9.715342,-4.776567,-3.221679,-4.340814,-3.221679,5.868098,15.700658,4.873928,1,-8.452559
496.282500,-1.460000,-8.935115,-2.763934,nan,-5.554600,-5.373790,-2.763934,-6.434341,-2.763934,6.772712,15.707827,3.620195,1,-7.475115
496.481516,-1.490000,-8.692483,-2.626690,nan,-3.387811,-4.917904,-2.626690,-4.285632,-2.626690,6.973110,15.665592,1.615413,1,-7.202483
496.684510,-1.520000,-8.911119,-2.336599,nan,-7.440459,-4.577724,-2.336599,-4.285632,-2.336599,9.476106,18.387224,0.000000,1,-7.391119
496.880499,-1.650000,-7.178611,-2.225722,nan,-27.267103,-4.067477,-2.225722,-0.004871,-2.225722,8.190358,15.368969,0.000000,1,-5.528611
497.092619,-1.650000,-6.267024,-1.958639,nan,-25.891777,-3.685153,-2.196185,0.303295,-2.196185,8.200929,14.467953,0.000000,1,-4.617023
497.282727,-1.720000,-5.804224,-1.840571,nan,-5.266248,-2.494868,-0.940531,2.250098,-0.940531,6.379373,12.183598,2.952611,1,-4.084225
497.490529,-1.940000,-5.030218,-1.967072,nan,-12.025816,-4.885768,-1.967072,5.292835,-1.967072,5.390746,10.420963,4.099004,1,-3.090218
497.683593,-2.060000,-5.203684,-1.581520,nan,18.831583,-4.407715,-1.584308,6.262729,-1.584308,8.652507,13.856191,2.107871,1,-3.143684
497.887602,-2.270000,-6.923139,-1.510251,nan,-5.444351,-3.014152,-1.510251,5.356804,-1.510251,6.049920,12.973059,2.681543,1,-4.653139
498.110172,-2.570000,-7.431696,-1.521654,nan,-0.423871,-2.727298,-0.196279,3.456697,-0.196279,6.650414,14.082110,1.354879,1,-4.861696
498.281731,-2.850000,-6.779118,-1.714154,nan,5.260268,-3.708033,-1.637682,4.457068,-1.637682,7.415408,14.194526,0.645966,1,-3.929118
498.491521,-3.040000,-7.601386,-1.638102,nan,10.263820,-1.751915,-1.638102,2.134006,-1.638102,6.599390,14.200775,0.413629,1,-4.561386
498.686647,-3.070000,-6.946057,-1.809912,nan,-4.459803,-1.460467,-1.809912,0.944031,-1.809912,5.069528,12.015585,2.434877,1,-3.876057
498.881591,-3.010000,-6.395181,-1.921476,nan,-5.662371,-1.346691,-1.921476,-2.293423,-1.921477,5.575316,11.970497,1.814924,1,-3.385181
499.113922,-2.880000,-6.132752,-1.864078,nan,9.311518,-1.057128,-1.864078,-1.305253,-1.864078,7.529138,13.661890,0.907543,1,-3.252752
499.279478,-2.750000,-5.710526,-1.791048,nan,-10.320110,-3.368703,-1.266260,1.311968,-1.266260,5.816689,11.527214,2.875901,1,-2.960526
499.482515,-2.220000,-6.052767,-1.765820,nan,-5.097460,-3.941473,-1.765820,-2.352409,-1.765820,5.583434,11.636200,3.833110,1,-3.832767
499.686237,-1.330000,-4.817227,-1.676609,nan,17.317652,-5.774470,-1.676609,-2.921076,-1.676609,9.320887,14.138113,0.917067,1,-3.487227
499.880498,-0.350000,-3.661090,-1.482844,nan,-14.758603,-5.938454,-1.482844,-1.973430,-1.482844,7.412763,11.073853,5.073439,1,-3.311090
500.129942,0.330000,-2.846312,-1.185876,nan,-17.000408,-4.264337,-1.376924,-1.973430,-1.376924,7.454213,10.300526,6.499916,1,-3.176312
500.280919,1.000000,-3.049563,-1.236093,nan,-9.035648,-5.349139,-1.236093,0.285677,-1.236093,9.124880,12.174442,3.296106,1,-4.049563
500.484514,1.780000,-3.208446,-0.891404,nan,0.859701,-4.076610,-0.891404,2.363024,-0.891404,11.121528,14.329973,0.912068,1,-4.988445
500.679502,2.490000,-1.622454,-0.104154,nan,9.770615,-4.390446,-0.104154,2.596718,-0.104154,13.076066,14.698520,0.418839,1,-4.112454
500.881727,3.210000,-0.317944,0.284385,nan,-1.263338,-4.386841,0.284385,-0.368097,0.284385,11.349232,11.667176,2.547360,1,-3.527945
501.128619,4.270000,0.714908,0.652448,nan,-24.719349,-4.230102,0.755922,0.258686,0.755922,15.397389,14.682482,0.000000,1,-3.555092
501.280708,5.680000,1.238038,1.169925,nan,5.796199,-5.986357,1.169925,-7.040483,1.169925,15.515244,14.277206,0.806604,1,-4.441961
501.480720,7.260000,2.623373,1.638689,nan,6.435338,-5.932259,-2.215340,-9.635072,-2.215340,17.202415,14.579042,1.124908,1,-4.636628
501.693686,8.760000,4.067687,2.869198,nan,0.997039,-6.566016,2.869198,-8.644030,2.869198,18.045134,13.977448,1.946207,1,-4.692314
501.891689,10.180000,6.418834,3.707539,nan,-35.956909,-7.202365,3.707539,-6.252963,3.707539,19.744356,13.325521,0.000000,1,-3.761166
502.141889,11.840000,7.820726,4.635019,nan,-36.331936,-7.964549,2.705748,-4.823178,2.705748,18.520811,10.700085,0.000000,1,-4.019274
502.280677,13.550000,7.841066,5.679907,nan,5.890566,-6.431299,5.679907,-2.820668,5.679907,21.368435,13.527369,3.109165,1,-5.708934
502.482195,15.210000,9.144090,6.238858,nan,42.640934,-7.712932,3.397606,-7.103129,3.397606,34.327309,25.183220,0.000000,1,-6.065910
502.679592,16.910000,10.823223,8.368252,nan,-26.043684,-7.330453,8.368252,-7.955866,8.368252,25.334106,14.510883,0.000000,1,-6.086777
502.882503,18.559999,12.495039,9.381843,nan,26.642611,-6.433758,9.381843,-8.309678,9.381843,33.733204,21.238165,0.000000,1,-6.064960
503.082813,20.010000,13.451258,10.603420,nan,39.138985,-5.605980,10.603420,-11.682367,10.603420,35.635120,22.183863,0.000000,1,-6.558743
503.280862,21.580000,13.846366,11.995675,nan,35.524982,-4.414854,11.995675,-11.682367,11.995675,39.458305,25.611938,0.000000,1,-7.733634
503.480328,22.790001,14.550455,12.496449,nan,32.057720,-2.668433,12.496449,-11.682367,12.496449,38.156185,23.605730,0.000000,1,-8.239546
503.677497,23.719999,14.020290,14.649002,nan,29.158272,-0.899293,10.651105,-9.994743,10.651105,39.586384,25.562698,0.000000,0,-9.699709
503.882715,24.450001,14.238811,15.640327,nan,25.566381,0.740753,15.640327,-10.333807,15.640327,39.367310,25.128498,0.000000,1,-10.211189
504.079726,25.110001,13.820722,16.722368,nan,22.774620,2.787771,16.722368,-12.687577,16.722368,40.570110,26.749390,0.000000,1,-11.289279
504.282349,25.690001,15.077369,17.700285,nan,20.188404,3.300362,17.700285,-12.687577,17.700285,40.676888,25.599518,0.000000,1,-10.612632
504.487526,26.110001,16.132774,18.055489,nan,17.723494,4.636703,18.055489,-12.687577,18.055489,40.171951,24.039177,0.000000,1,-9.977226
504.682590,26.129999,16.597324,19.580360,nan,15.740468,7.071144,19.580360,-12.687577,19.580360,40.988636,24.391312,0.000000,1,-9.532675
504.887571,26.150000,18.205954,20.112728,nan,13.810710,8.807084,20.112728,0.803965,20.112728,39.821167,21.615213,0.000000,1,-7.944046
505.089505,26.480000,19.138193,20.650473,nan,12.092468,11.993206,20.650473,2.352992,20.650473,38.987091,19.848898,0.000000,1,-7.341806
505.292514,26.910000,19.450802,21.568106,nan,0.851038,12.971341,21.568106,4.607036,21.568106,39.155575,19.704773,0.000000,1,-7.459198
505.484511,27.440001,20.227114,21.499197,nan,9.866155,13.328858,21.773033,0.684589,21.773033,40.718662,20.491549,0.000000,1,-7.212887
505.679585,28.020000,20.528334,21.850029,nan,8.813894,13.700525,21.850029,-0.134963,21.850029,39.922417,19.394083,0.000000,0,-7.491667
505.879711,28.490000,21.442768,23.989088,nan,7.652921,15.028916,23.989088,1.429663,23.989088,40.575977,19.133209,0.000000,1,-7.047232
506.081625,28.930000,22.445402,24.578918,nan,6.740633,15.057912,23.746593,-2.080811,23.746593,40.256100,17.810698,0.000000,1,-6.484598
506.288631,29.129999,22.510468,25.152958,nan,5.843887,15.820003,23.973299,-2.949145,23.973299,40.067020,17.556553,0.000000,1,-6.619532
506.480267,29.000000,21.896000,25.433792,nan,5.170547,17.513229,25.433792,-0.718287,25.433792,40.250572,18.354572,0.000000,1,-7.104000
506.679652,28.850000,22.483677,26.366636,nan,6.196953,18.186340,26.366636,2.298323,26.366634,37.946102,15.462425,0.000000,1,-6.366323
506.879686,28.760000,23.244770,26.386417,nan,5.696838,19.278259,26.386417,2.298323,26.386417,38.037743,14.792973,0.000000,1,-5.515230
507.080461,28.740000,24.182791,26.373791,nan,4.995967,19.742281,26.373791,-1.322626,26.373791,38.700050,14.517260,0.000000,1,-4.557209
507.290508,28.730000,24.361931,26.651060,nan,27.271116,20.004107,26.583813,-0.168119,26.583813,38.452557,14.090626,0.000000,1,-4.368069
507.482858,28.440001,24.381376,26.835995,nan,8.866400,21.279013,26.835995,1.107867,26.835995,36.767769,12.386393,0.000000,1,-4.058624
507.683659,28.059999,25.366856,27.529163,nan,-44.460873,21.832655,27.529163,1.107867,27.529163,27.499203,2.132347,0.000000,1,-2.693144
507.879715,27.900000,26.838621,27.236187,nan,37.162800,21.891655,27.236187,0.149272,27.236187,40.352917,13.514296,0.000000,1,-1.061378
508.085513,27.690001,27.235554,27.328394,nan,38.875645,22.555601,27.328394,1.991048,27.328394,38.931702,11.696148,0.000000,1,-0.454447
508.279624,27.620001,28.159798,27.606213,nan,-1.299734,21.819027,28.579798,2.433964,28.579798,32.863953,4.704155,0.000000,1,0.539797
508.489665,27.870001,29.169804,27.753912,nan,22.000557,21.108284,27.753912,-1.361029,27.753912,36.796284,7.626480,0.000000,1,1.299803
508.682488,28.260000,29.123489,28.541574,nan,9.230839,20.714169,28.541574,2.800988,28.541574,33.952366,4.828876,0.000000,1,0.863489
508.885482,28.580000,30.358887,28.410551,nan,-10.560290,19.304846,28.410551,-0.700701,28.410549,33.413074,3.054188,0.000000,1,1.778887
509.080528,28.760000,30.838312,28.326044,nan,33.732788,19.963902,28.326044,0.521845,28.326044,39.362667,8.524355,0.000000,1,2.078312
509.288511,28.820000,31.178579,28.212965,nan,28.087208,20.581951,28.212965,-4.181474,28.212963,38.829178,7.650599,0.000000,1,2.358580
509.481234,29.010000,31.230722,27.589100,nan,20.729132,20.675085,28.114491,-3.332497,28.114491,44.044537,12.589096,16.812950,0,2.220722
509.682711,29.120001,31.210608,28.814024,nan,26.741604,20.708513,28.250509,-1.408788,28.250509,44.044537,12.589096,18.474569,0,2.090607
509.886506,29.379999,31.986126,28.963114,nan,10.890105,20.280304,28.963114,-2.368658,28.963114,44.044537,12.589096,17.766460,0,2.606127
510.086658,29.510000,32.928791,29.217173,nan,20.795511,19.741379,29.217173,-2.457680,29.217173,44.044537,12.589096,19.564713,0,3.418791
510.281585,29.549999,33.385033,28.939877,nan,17.874386,18.955395,28.939877,-2.834876,28.939877,44.044537,12.589096,19.175365,0,3.835033
510.482814,29.400000,32.791042,29.187014,nan,23.212797,18.044931,29.187014,-4.697078,29.187016,44.044537,12.589096,20.976210,0,3.391043
510.687509,29.290001,32.733044,29.667551,nan,14.243078,19.647980,29.667551,-1.637743,29.667551,44.044537,12.589096,20.836630,0,3.443043
510.893580,29.180000,32.612175,29.741383,nan,18.749598,19.575752,29.741383,-3.617199,29.741383,44.044537,12.589096,21.860489,0,3.432175
511.081503,29.100000,32.707394,29.840393,nan,29.729221,20.951073,29.447004,-0.983470,29.447002,44.044537,12.589096,18.240145,0,3.607393
511.279635,28.980000,32.545528,29.389622,nan,31.618086,21.037073,29.389622,-2.345703,29.389622,44.044537,12.589096,20.629425,0,3.565529
511.479416,28.780001,31.700764,28.997084,nan,27.763519,21.648546,29.746086,-0.687332,29.746088,34.350307,2.174545,15.475481,0,2.920763
511.691652,28.790001,31.284433,29.778557,nan,50.023964,22.892994,29.778557,-2.758100,29.778559,37.273071,5.988638,14.019892,1,2.494432
511.892505,28.740000,31.493340,29.439417,nan,32.654335,22.483219,29.439417,-0.440830,29.439417,34.983822,3.490482,13.810278,1,2.753340
512.095508,28.770000,32.034428,29.560375,nan,32.177498,22.694895,29.560375,-1.404260,29.560375,34.293552,2.259125,14.311392,1,3.264427
512.321741,28.760000,32.401569,28.322271,nan,33.500744,22.546539,29.483530,-1.404260,29.483530,35.476578,3.075008,14.883745,1,3.641569
512.489721,28.639999,31.347410,29.449816,nan,38.388969,23.605658,29.449816,-1.805489,29.449818,35.591816,4.244406,12.838438,1,2.707411
512.682633,28.500000,30.944801,29.689623,nan,36.578712,23.409477,29.689623,-3.227735,29.689625,35.404640,4.459839,14.000496,1,2.444801
512.880694,28.350000,32.428890,29.739006,nan,37.921963,23.463694,29.739006,-1.934700,29.739008,35.126427,2.697536,13.357454,1,4.078890
513.079443,28.090000,31.549198,30.058212,nan,43.211163,23.442862,30.058212,-2.329216,30.058212,36.229557,4.680359,13.637787,1,3.459198
513.288502,27.940001,31.536053,29.339041,nan,34.728188,23.126354,29.863834,-2.191938,29.863834,34.194271,2.658218,12.111998,1,3.596052
513.479035,27.660000,31.771330,29.925314,nan,26.177439,24.821634,29.925314,-2.076963,29.925314,32.993591,1.222261,11.853191,1,4.111330
513.682660,27.530001,31.630888,30.037933,nan,18.147209,24.957493,30.037933,-3.744072,30.037933,32.143051,0.512163,13.407778,1,4.100887
513.879496,27.350000,31.900175,29.780540,nan,34.395580,25.351805,29.780540,-7.506808,29.780542,31.887518,-0.012657,11.672543,1,4.550175
514.088647,27.280001,32.461155,30.002565,nan,23.957275,25.351862,30.002565,-4.479202,30.002567,32.579441,0.118286,12.638187,1,5.181154
514.296371,27.290001,31.334606,29.607771,nan,29.348827,26.301994,26.755531,-7.130598,26.755529,32.095966,0.761360,11.798496,1,4.044605
514.479424,27.240000,31.060516,29.508507,nan,13.915806,26.181503,24.517588,-12.477298,24.517588,31.460964,0.400448,12.084410,1,3.820517
514.682703,27.200001,31.048658,29.272804,nan,19.031471,25.861639,29.272804,-10.832509,29.272802,31.947439,0.898781,12.466131,1,3.848658
514.881507,27.139999,31.571653,28.651373,nan,16.915304,25.295429,28.651373,-10.322909,28.651373,30.681538,-0.890116,12.224422,1,4.431654
515.079499,27.110001,31.355522,28.416471,nan,-0.443540,25.048326,24.463001,-9.883677,24.463001,30.675234,-0.680288,13.225264,1,4.245522
515.328415,27.080000,30.852079,28.220688,nan,23.476162,23.811878,24.047647,-10.432602,24.047647,30.971846,0.119766,11.209671,1,3.772079
515.480863,27.000000,30.683969,28.040684,nan,14.551141,24.015293,28.040684,-10.432602,28.040684,30.359150,-0.324820,10.476686,1,3.683969
515.682426,26.879999,30.151188,27.972702,nan,33.169724,24.516855,27.972702,-9.586193,27.972702,32.341053,2.189865,12.557362,1,3.271189
515.880336,26.830000,29.137642,27.815399,nan,32.885838,24.446966,27.815399,-12.906044,27.815399,31.168697,2.031055,10.330894,1,2.307642
516.085505,26.730000,29.346643,27.705769,nan,34.519573,24.042612,27.705769,-12.906044,27.705769,32.152134,2.805490,10.295753,1,2.616644
516.328494,26.620001,29.503681,27.629509,nan,36.658707,24.061693,27.629509,-9.895657,27.629511,32.254765,2.751083,10.102493,1,2.883680
516.481503,26.530001,28.799063,27.610182,nan,40.088474,23.647264,27.610182,-9.895657,27.610180,32.517059,3.717997,10.310488,1,2.269062
516.683509,26.459999,28.079458,27.616907,nan,35.512478,23.377562,23.031025,-11.464703,23.031025,31.725849,3.646391,9.583445,1,1.619459
516.882720,26.469999,27.892193,27.302792,nan,34.905293,24.422049,27.576384,-9.305451,27.576382,31.448746,3.556553,8.862770,1,1.422194
517.085640,26.549999,27.465345,27.356102,nan,26.536812,26.140818,27.356102,-8.947618,27.356104,31.282188,3.816843,8.645922,1,0.915346
517.350271,26.660000,29.096762,27.321938,nan,37.794510,25.560194,27.427610,-9.696391,27.427608,31.777199,2.680437,9.180878,1,2.436762
517.487505,26.700001,29.144880,27.167253,nan,33.782730,24.953743,24.628563,-6.346724,24.628563,32.686649,3.541769,10.746889,1,2.444880
517.682488,26.780001,29.875183,27.551561,nan,31.018646,23.910772,27.551561,-8.136043,27.551563,31.137461,1.262278,6.777748,1,3.095182
517.882559,26.870001,29.648161,27.577921,nan,34.398457,23.873220,27.577921,-7.874507,27.577921,32.202812,2.554651,8.992228,1,2.778160
518.081602,26.889999,30.609688,27.708620,nan,40.875790,23.416897,27.708620,-12.056241,27.708622,32.593594,1.983906,8.740999,1,3.719688
518.280238,26.780001,29.899549,27.712252,nan,37.698383,24.178427,27.712252,-13.949684,27.712254,31.413912,1.514362,6.333439,1,3.119549
518.492665,26.660000,29.545292,27.147793,nan,40.956512,23.106775,27.515532,-11.885730,27.515530,30.900114,1.354822,5.452225,1,2.885292
518.682482,26.639999,28.615065,27.858797,nan,38.131912,23.633154,27.858797,-14.975924,27.858799,32.222080,3.607016,7.826416,1,1.975065
518.881480,26.639999,28.373562,27.548750,nan,36.028847,24.726976,27.548750,-12.715776,27.548748,31.792059,3.418497,7.188181,1,1.733562
519.092502,26.730000,27.907795,27.290432,nan,28.106319,25.556236,27.290432,-9.644143,27.290432,31.983225,4.075430,7.674953,1,1.177795
519.282482,26.870001,26.690474,27.564646,nan,35.326279,25.033339,27.564646,-7.808410,27.564646,32.110878,5.420404,7.581348,1,-0.179527
519.484464,26.950001,26.632750,26.342968,nan,36.229359,24.228960,26.342968,-4.547091,26.342968,32.532146,5.899397,8.156954,1,-0.317251
519.690678,26.950001,27.942595,27.749557,nan,18.241936,22.963804,25.239950,-6.274018,25.239950,31.899679,3.957085,6.767746,1,0.992594
519.885305,26.940001,28.087172,27.927311,nan,24.621634,22.511549,27.927311,-6.607594,27.927311,32.463100,4.375929,8.738981,1,1.147171
520.080983,27.110001,28.079685,28.011581,nan,23.774229,22.522043,28.011581,-5.030319,28.011581,31.886850,3.807165,7.054445,1,0.969685
520.280504,27.280001,28.057364,27.986702,nan,25.007372,22.699467,27.986702,-5.921850,27.986700,32.146374,4.089010,7.228189,1,0.777363
520.482824,27.250000,28.769670,27.367025,nan,23.010612,22.817533,25.411695,-4.888323,25.411695,32.165253,3.395582,7.000179,1,1.519670
520.684575,27.219999,28.717199,28.310259,nan,20.623892,22.957146,25.415756,-7.236257,25.415756,31.768002,3.050802,6.188173,1,1.497200
520.885504,27.230000,30.075947,28.275082,nan,16.609936,22.356010,28.275082,-6.095340,28.275082,32.051411,1.975464,7.009329,1,2.845947
521.082491,27.200001,29.543737,28.294220,nan,20.048985,23.533607,26.819363,-3.687145,26.819363,32.131855,2.588118,8.186394,1,2.343737
521.291785,27.049999,29.023130,28.329975,nan,13.886472,25.663843,26.802126,-3.819623,26.802128,32.004349,2.981218,7.617418,1,1.973131
521.480351,26.930000,28.428637,28.405804,nan,11.083261,26.053968,28.405804,-2.341328,28.405804,31.858389,3.429752,7.376616,1,1.498636
521.689649,26.990000,28.401011,28.393566,nan,19.254332,24.343212,26.873672,-3.799734,26.873672,30.540211,2.139200,5.078413,1,1.411011
521.882562,27.049999,28.244423,28.383913,nan,17.230732,24.843262,28.383913,-3.148093,28.383915,31.647556,3.403133,7.280733,1,1.194424
522.091510,26.889999,28.389469,28.376873,nan,18.081017,24.203808,28.376873,-2.695198,28.376873,31.168186,2.778717,5.731409,1,1.499470
522.284241,26.719999,28.244629,27.957771,nan,21.985260,25.590004,27.191149,-1.916554,27.191151,30.561419,2.316790,5.786880,1,1.524630
522.488503,26.770000,28.795916,27.232483,nan,29.466188,26.282263,28.219849,3.910682,28.219849,30.896255,2.100340,6.101994,1,2.025915
522.684787,26.799999,29.390345,28.005850,nan,24.708303,27.192480,28.005850,3.910682,28.005850,30.003044,0.612700,4.412031,1,2.590345
522.879476,26.870001,29.575571,28.102177,nan,10.661024,26.733006,28.102177,-1.021784,28.102177,31.601967,2.026396,6.527700,1,2.705570
523.081256,26.730000,29.851233,28.063070,nan,7.810433,26.807541,28.063070,-2.794772,28.063070,30.922091,1.070858,6.326023,1,3.121233
523.280215,26.860001,30.753256,27.929399,nan,27.144844,25.547665,27.577412,-0.879968,27.577412,30.748449,-0.004807,5.373571,1,3.893255
523.484820,27.010000,31.551575,28.046375,nan,15.177063,24.161428,28.046375,-0.879968,28.046375,31.624203,0.072628,6.686422,1,4.541574
523.681482,27.059999,32.585674,27.886375,nan,8.045507,23.038258,27.791761,-0.236537,27.791759,30.637354,-1.948320,4.379311,1,5.525675
523.881565,26.959999,32.983334,27.815620,nan,9.652824,22.341295,27.815620,3.093237,27.815619,31.043312,-1.940022,5.783772,1,6.023335
524.080116,26.860001,33.160198,27.817301,nan,16.036879,22.483244,27.817301,0.414392,27.817301,31.254263,-1.905935,6.683945,1,6.300198
524.280497,26.790001,34.233852,27.749828,nan,9.515409,23.497526,27.749828,1.981599,27.749828,31.882435,-2.351418,8.513781,1,7.443851
524.485171,26.770000,32.897961,27.758196,nan,11.316089,25.023758,27.758196,4.816186,27.758198,29.628374,-3.269587,4.187420,1,6.127960
524.682110,26.730000,33.151634,27.579882,nan,24.963461,26.058794,27.579882,4.816186,27.579884,29.659393,-3.492241,5.586733,1,6.421635
524.879689,26.879999,32.249336,27.600466,nan,15.996805,25.474968,27.600466,2.823046,27.600468,30.954605,-1.294731,7.921467,1,5.369337
525.079863,27.020000,32.826427,27.767513,nan,21.556469,24.412914,27.767513,1.924425,27.767513,30.467571,-2.358856,6.588350,1,5.806427
525.289655,27.100000,32.537476,27.904919,nan,24.117651,24.531786,27.904919,3.194273,27.904919,29.088758,-3.448717,4.142803,1,5.437475
525.482236,27.020000,32.386776,27.830755,nan,29.174549,24.108189,27.830755,4.534499,27.830755,29.522503,-2.864273,5.888271,1,5.366776
525.681420,26.870001,32.933811,27.926245,nan,23.767204,23.652597,27.926245,5.683455,27.926245,29.438740,-3.495071,6.891020,1,6.063810
525.879791,26.780001,32.861858,27.736883,nan,17.047234,24.897055,29.296635,3.899381,29.296635,29.917336,-2.944523,7.559944,1,6.081858
526.081477,26.760000,33.713814,27.561163,nan,36.206657,23.962460,27.561163,5.950535,27.561163,27.520941,-6.192873,4.540382,1,6.953814
526.280724,26.770000,34.109650,27.879560,nan,24.680861,24.758629,27.879560,6.595617,27.879559,28.490993,-5.618656,6.462669,1,7.339649
526.498763,26.799999,34.864048,27.455877,nan,26.169451,24.657770,27.455877,6.595617,27.455877,28.195795,-6.668253,5.971828,1,8.064049
526.681742,26.900000,35.689026,27.700768,nan,35.231384,25.011904,27.700768,4.200884,27.700769,27.466883,-8.222143,4.878887,1,8.789026
526.879424,27.020000,36.051842,27.759995,nan,38.914330,23.889194,27.759995,2.116555,27.759995,27.442305,-8.609537,5.399611,1,9.031841
527.080108,27.200001,35.419476,27.885939,nan,26.335463,23.634035,28.539549,1.634026,28.539547,28.704523,-6.714952,6.927578,1,8.219475
527.280496,27.309999,34.608128,28.017965,nan,41.123260,24.125969,28.017965,2.980998,28.017965,27.259905,-7.348223,4.328863,1,7.298128
527.479518,27.410000,34.188675,27.946751,nan,36.375793,25.081257,27.946751,3.433374,27.946751,27.916212,-6.272463,5.147453,1,6.778675
527.682296,27.480000,33.786026,28.081940,nan,25.396849,24.561134,28.081940,3.390978,28.081940,29.120552,-4.665474,7.450899,1,6.306026
527.879709,27.520000,33.258900,27.730383,nan,41.483936,24.291143,28.706034,1.999982,28.706034,28.809141,-4.449759,6.877197,1,5.738899
528.080507,27.520000,33.393776,27.818945,nan,42.503361,24.940029,27.730383,1.728665,27.730383,28.166489,-5.227287,4.980644,1,5.873775
528.283477,27.510000,32.243378,28.129692,nan,44.677635,23.543421,26.348690,-4.452506,26.348690,26.691460,-5.551918,3.036610,1,4.733377
528.480150,27.520000,33.646347,28.055229,nan,3.160382,23.765310,28.055229,-4.452506,28.055231,25.509769,-8.136578,0.000000,1,6.126347
528.681425,27.510000,33.372009,27.979321,nan,29.803930,23.661335,27.237247,-4.211655,27.237247,28.802877,-4.569132,6.384159,1,5.862009
528.881777,27.520000,33.509636,27.894043,nan,50.730129,23.240181,27.894043,0.898583,27.894043,26.512011,-6.997625,1.230827,1,5.989635
529.079412,27.389999,33.233932,27.972036,nan,2.386273,22.278830,27.972036,-0.707120,27.972036,26.309898,-6.924034,0.000000,1,5.843933
529.280481,27.219999,32.985149,28.311712,nan,54.405445,21.964067,28.311712,-4.809174,28.311712,25.758902,-7.226248,1.113672,1,5.765150
529.479835,27.299999,33.579624,27.854845,nan,35.266476,20.439894,27.854845,-4.728604,27.854847,28.059822,-5.519802,2.886131,1,6.279625
529.681498,27.410000,33.668880,28.326874,nan,3.221691,19.541412,26.208029,-5.297111,26.208029,27.196491,-6.472389,0.000000,1,6.258881
529.879728,27.510000,31.981228,28.104475,nan,6.517756,21.177023,28.307013,-8.081743,28.307013,26.851080,-5.130148,0.000000,1,4.471228
530.081650,27.510000,31.642931,28.023134,nan,51.750759,21.585957,24.441370,-8.954409,24.441370,24.837967,-6.804964,4.148619,1,4.132931
530.280493,27.530001,31.784523,27.952440,nan,38.414982,22.376490,24.391300,-9.365696,24.391300,29.398378,-2.386145,1.620926,1,4.254522
530.487696,27.590000,32.362572,27.927124,nan,57.452621,22.590843,27.927124,-8.536311,27.927124,23.865377,-8.497194,7.776724,1,4.772572
530.682416,27.600000,31.801708,28.266567,nan,32.424213,22.964617,28.266567,-9.250417,28.266567,28.576902,-3.224806,0.075834,1,4.201708
530.884494,27.549999,32.189095,27.838013,nan,17.360733,23.304293,23.925190,-9.782057,23.925190,31.896622,-0.292473,2.843376,1,4.639095
531.083494,27.580000,32.910873,28.191774,nan,32.977356,21.250080,28.191774,-7.496870,28.191776,29.064669,-3.846205,0.736038,1,5.330873
531.289733,27.450001,32.146477,28.363510,nan,51.671921,21.407913,27.702070,-1.653597,27.702068,25.061924,-7.084553,8.601805,1,4.696476
531.478830,27.090000,32.105080,28.255295,nan,52.394505,21.717468,27.616970,-1.595810,27.616970,25.101690,-7.003389,5.483240,1,5.015079
531.681439,27.030001,30.685179,28.560038,nan,-3.331298,23.115080,27.923803,-1.590588,27.923803,27.956629,-2.728550,0.000000,1,3.655178
531.888853,26.959999,31.311832,28.200563,nan,53.380547,23.018208,28.200563,-2.688274,28.200565,23.223194,-8.088638,6.535742,1,4.351833
532.083514,26.940001,31.757778,28.112322,nan,-4.279338,22.982903,28.112322,-0.136917,28.112324,27.670109,-4.087669,0.000000,1,4.817778
532.282493,27.080000,31.844755,27.900215,nan,5.555449,23.110426,26.819822,-2.700983,26.819820,28.173454,-3.671301,0.000000,1,4.764755
532.498746,27.160000,31.259907,27.907770,nan,22.227877,23.222359,25.196550,-6.778049,25.196550,26.396685,-4.863222,0.000000,1,4.099907
532.683480,27.160000,30.775581,28.166296,nan,26.945675,24.636604,25.053059,-7.783091,25.053059,26.113411,-4.662170,0.000000,1,3.615582
532.885499,27.190001,30.428930,27.740633,nan,17.368597,25.194479,27.758638,-9.409184,27.758640,27.222504,-3.206427,0.000000,1,3.238930
533.084492,27.299999,31.221991,27.786638,nan,19.372072,24.141994,27.786638,-13.091117,27.786640,27.658176,-3.563814,0.000000,1,3.921991
533.293615,27.350000,32.856590,27.782753,nan,30.344738,22.819994,24.177895,-9.012148,24.177895,26.801779,-6.054811,0.000000,1,5.506590
533.691516,27.219999,32.151367,27.957161,nan,-1.130391,22.734917,27.957161,-3.189701,27.957159,28.896847,-3.254520,0.000000,1,4.931368
533.887770,27.240000,31.397606,27.720715,nan,25.811813,24.410688,27.720715,-4.315156,27.720715,26.819695,-4.577911,0.000000,1,4.157606
534.090791,27.250000,32.027592,27.746292,nan,27.133732,23.390306,27.746292,-7.299521,27.746292,26.336945,-5.690647,0.000000,1,4.777592
534.281479,27.280001,32.060154,27.499289,nan,22.631662,24.001408,27.499289,-6.407369,27.499289,28.107092,-3.953062,0.000000,1,4.780153
534.511968,27.430000,31.109921,26.499992,nan,17.997437,24.564348,27.417610,-2.954705,27.417608,29.180515,-1.929405,0.000000,1,3.679920
534.682890,27.530001,31.379747,27.618980,nan,31.519890,23.419310,27.618980,-3.956276,27.618982,27.920275,-3.459473,0.000000,1,3.849747
534.883499,27.629999,31.500675,27.686897,nan,24.612988,22.204967,26.776300,-2.276493,26.776300,28.956573,-2.544102,0.000000,1,3.870676
535.081484,27.770000,31.779013,27.928726,nan,15.893871,22.904409,27.928726,-4.752562,27.928726,30.610409,-1.168604,0.000000,1,4.009012
535.282490,27.900000,30.939714,27.703798,nan,41.808434,23.200109,25.546423,-5.393437,25.546423,26.830400,-4.109314,0.000000,1,3.039715
535.526697,27.980000,31.170378,26.298117,nan,44.193474,23.207199,27.720407,-5.566538,27.720407,26.382082,-4.788296,0.000000,1,3.190378
535.685492,28.059999,30.188017,27.615150,nan,16.340569,23.297976,24.270708,-8.361106,24.270708,31.536472,1.348455,0.000000,1,2.128017
535.881507,28.299999,29.800901,27.594675,nan,9.877568,24.739479,22.707796,-12.217197,22.707796,32.897724,3.096823,0.000000,1,1.500902
536.086187,28.620001,31.019753,27.726032,nan,12.118629,22.791389,27.726032,-5.659749,27.726032,33.999123,2.979370,0.000000,1,2.399752
536.280316,29.010000,31.511738,27.740536,nan,27.818329,21.253490,26.003805,-4.341826,26.003805,32.273483,0.761745,0.000000,1,2.501738
536.529055,29.389999,32.261959,26.500772,nan,9.604289,20.893745,27.648956,-5.007855,27.648956,35.859177,3.597218,0.000000,1,2.871960
536.685690,29.490000,31.722904,27.868816,nan,-3.862608,20.873655,27.868816,-3.020900,27.868816,38.362953,6.640049,0.000000,1,2.232904
536.888644,29.610001,32.268997,28.054256,nan,-23.713192,20.152218,28.054256,-7.431371,28.054256,41.043758,8.774761,0.000000,1,2.658997
537.082504,29.680000,31.779535,28.165823,nan,-30.590527,20.938217,28.165823,-9.947319,28.165823,42.502079,10.722544,0.000000,1,2.099535
537.280360,29.629999,32.134579,27.693745,nan,19.952797,22.447950,27.911097,-9.761571,27.911097,41.865322,9.730743,2.138573,1,2.504580
537.542505,29.690001,32.006779,26.289385,nan,-27.879045,22.756912,27.851528,-11.310596,27.851528,43.904564,11.897785,0.000000,1,2.316778
537.682478,29.780001,31.299757,27.830011,nan,22.594248,23.448969,27.830011,-12.042584,27.830011,42.254879,10.955122,4.787064,1,1.519756
537.882506,29.900000,31.570221,27.707157,nan,13.802353,22.961094,27.707157,-6.423203,27.707157,44.894909,13.324688,5.516449,1,1.670221
538.081664,29.990000,30.986904,27.593197,nan,68.102852,23.497400,27.593197,-6.423203,27.593197,46.728683,15.741779,23.050627,0,0.996904
538.280596,30.110001,30.688129,27.611502,nan,66.650032,22.695271,27.611502,-3.765254,27.611502,22.874395,-7.913097,23.223526,0,0.578129
538.546301,30.250000,30.447844,27.078669,nan,63.288315,21.317730,25.025719,-5.132376,25.025719,22.387613,-7.777552,24.108118,0,0.197844
538.682646,30.410000,30.608513,27.880461,nan,62.179604,21.955770,24.812120,-7.670852,24.812120,22.387613,-7.777552,25.249254,0,0.198513
538.881091,30.480000,32.414551,28.030127,nan,58.339653,21.644213,28.030127,-8.586087,28.030127,22.387613,-7.777552,24.602650,0,1.934551
539.080745,30.469999,33.117950,28.198967,nan,58.634052,21.666876,28.198967,-7.135359,28.198969,23.102047,-9.337643,19.975018,0,2.647951
539.281474,30.480000,32.664848,28.366484,nan,51.174927,22.554361,25.298058,-7.671067,25.298058,23.102047,-9.337643,21.844477,0,2.184849
539.483794,30.430000,32.323448,28.403959,nan,49.999279,23.097084,28.403959,-5.341962,28.403957,23.102047,-9.337643,23.920927,0,1.893448
539.682870,30.340000,32.640297,29.015873,nan,58.053486,22.649963,27.349171,-4.166756,27.349171,31.106737,-1.354921,18.802956,0,2.300297
539.880801,30.360001,33.213142,28.984270,nan,53.966167,22.173504,27.176605,-4.256278,27.176605,31.200333,-2.012810,19.139626,0,2.853142
540.084507,30.389999,32.533684,29.418089,nan,53.331486,21.463806,29.418089,-3.441709,29.418087,31.200333,-2.012810,15.916479,0,2.143684
540.281490,30.520000,33.788960,29.507097,nan,28.255816,20.706442,29.423702,-0.208489,29.423702,31.200333,-2.012810,24.923399,0,3.268959
540.481217,30.650000,34.556141,29.641422,nan,38.023491,20.433567,29.641422,-2.275433,29.641422,33.524517,-0.458992,18.876608,0,3.906141
540.689693,30.670000,35.065510,29.226007,nan,39.469555,20.435505,29.226007,-1.288994,29.226007,33.524517,-0.458992,18.148634,0,4.395510
540.885474,30.760000,34.185135,30.052601,nan,51.765343,19.751566,28.385719,-4.167203,28.385717,34.788769,0.603634,14.231144,1,3.425135
541.085621,30.879999,33.534229,29.914156,nan,49.083427,20.549067,28.215918,-4.245598,28.215918,34.494724,0.960495,12.924149,1,2.654230
541.280479,31.059999,33.695469,30.125971,nan,-4.626346,21.223940,28.419445,-4.266312,28.419445,34.948242,1.406796,24.952044,0,2.635469
541.480772,31.420000,34.250595,29.756010,nan,45.345882,20.264149,30.110554,0.019526,30.110554,35.476643,1.657505,16.074196,0,2.830595
541.690760,31.549999,33.195621,30.317209,nan,28.519855,22.580454,29.254650,-2.656399,29.254650,36.598846,3.403225,17.904886,0,1.645622
541.883494,31.600000,33.649273,30.496140,nan,46.648739,22.061808,29.672689,-2.058625,29.672689,36.604034,2.954762,12.009626,1,2.049273
542.080475,31.580000,34.422298,30.725691,nan,34.223133,22.877556,30.725691,-0.881100,30.725689,36.604034,3.107498,15.175411,0,2.842299
542.280755,31.530001,34.033924,31.066835,nan,32.487522,24.229681,29.319183,-4.369128,29.319183,39.277893,5.243969,14.920311,1,2.503923
542.486525,31.450001,34.199242,31.003267,nan,25.753946,24.294483,31.003267,-5.286501,31.003269,39.107712,4.908470,13.780823,1,2.749241
542.682588,31.360001,34.115696,31.598454,nan,-0.398367,25.190453,31.598454,-6.600385,31.598454,39.470623,5.354927,20.159828,0,2.755695
542.880444,31.280001,33.566662,31.737244,nan,21.729219,25.336765,29.009386,-6.819646,29.009388,39.377529,6.296585,15.637543,0,2.286661
543.089509,31.080000,33.810127,31.695951,nan,28.481287,25.782938,31.695951,-6.819646,31.695950,39.768688,5.958561,13.710262,1,2.730127
543.281504,31.000000,33.080875,31.574917,nan,8.110603,25.087959,31.574917,-6.048323,31.574917,40.353928,7.273052,16.329700,0,2.080875
543.484789,30.950001,33.581482,31.151121,nan,11.315751,24.204208,30.364475,-3.224049,30.364475,41.041546,7.865738,15.721470,0,2.631481
543.681498,30.879999,33.929039,31.281614,nan,8.973431,23.348082,31.490160,-5.432981,31.490162,40.271072,6.342033,18.732243,0,3.049040
543.889509,30.780001,34.130920,31.500174,nan,32.774815,23.094280,31.500174,-3.645908,31.500174,39.421532,5.290611,11.320087,1,3.350920
544.084500,30.650000,34.105061,31.410076,nan,28.448378,23.338087,31.410076,-2.540601,31.410076,41.032654,6.927593,12.863232,1,3.455061
544.281510,30.530001,34.774834,31.332775,nan,12.618919,23.618788,31.249979,-0.206990,31.249979,39.533020,4.758186,15.930843,0,4.244833
544.481488,30.440001,34.667496,31.510633,nan,26.060009,23.659578,31.510633,-0.453120,31.510632,40.171036,5.503540,11.002144,1,4.227495
544.682503,30.480000,34.673145,31.310953,nan,22.726097,22.262423,31.021946,-0.722519,31.021946,41.163940,6.490795,12.597500,1,4.193146
544.880494,30.389999,35.150822,31.191858,nan,12.016756,22.786827,31.191858,-1.257684,31.191858,41.567303,6.416481,13.980568,1,4.760822
545.085645,30.290001,34.879761,31.223801,nan,28.176773,24.815340,31.223801,-1.257684,31.223801,41.634247,6.754486,15.437897,0,4.589760
545.281254,30.200001,34.805592,31.252150,nan,31.626318,25.094534,31.252150,-2.184594,31.252148,40.505653,5.700062,11.965794,1,4.605591
545.481944,30.110001,33.756660,31.269699,nan,35.788433,24.904272,31.269699,-3.050639,31.269699,39.064648,5.307987,9.031738,1,3.646660
545.680780,30.020000,33.869373,31.151407,nan,25.166048,26.209917,31.151407,0.633376,31.151407,40.636108,6.766735,13.632469,1,3.849373
545.889624,29.920000,34.348030,31.129578,nan,17.998163,26.287313,31.273149,0.358928,31.273151,41.879082,7.531052,13.784927,1,4.428030
546.081469,29.799999,33.333187,30.951481,nan,41.910629,27.442949,30.951481,-4.151917,30.951481,39.896408,6.563221,9.941921,1,3.533188
546.281810,29.740000,34.089436,30.903513,nan,29.380346,27.363199,30.903513,-3.323148,30.903513,39.470718,5.381283,9.646637,1,4.349436
546.479730,29.700001,34.420143,31.028881,nan,25.365370,27.386301,31.028881,-5.460183,31.028881,40.324036,5.903893,11.987518,1,4.720142
546.683638,29.690001,34.315323,30.684031,nan,33.690742,27.829407,30.684031,-5.460183,30.684031,39.478012,5.162689,9.713150,1,4.625322
546.881366,29.680000,33.972225,30.856152,nan,31.152327,26.638403,30.856152,-5.294122,30.856152,40.214214,6.241989,10.062805,1,4.292225
547.084788,29.549999,34.115162,30.624056,nan,20.027336,26.066929,30.572514,-5.196880,30.572514,39.763691,5.648529,11.479771,1,4.565163
547.288648,29.510000,33.915737,30.854290,nan,27.596479,22.481628,29.257589,-3.991753,29.257589,40.103462,6.187725,10.372513,1,4.405737
547.486401,29.440001,33.390316,30.848206,nan,35.086411,22.416388,30.848206,-4.585492,30.848206,39.578064,6.187748,9.537804,1,3.950315
547.682480,29.450001,32.524265,30.424736,nan,35.164951,23.101072,29.954641,-3.190837,29.954641,39.022789,6.498524,8.320797,1,3.074265
547.886772,29.440001,33.261028,30.522976,nan,30.736465,22.860537,30.522976,-6.620103,30.522976,39.178165,5.917137,9.841454,1,3.821028
548.081483,29.379999,32.884418,30.591911,nan,33.487068,23.296919,30.591911,-9.107111,30.591913,39.494106,6.609688,9.519310,1,3.504419
548.287621,29.360001,32.128307,30.326174,nan,29.402298,22.347055,30.326174,-6.770619,30.326176,40.086021,7.957714,10.317093,1,2.768307
548.481799,29.299999,32.475101,30.542961,nan,27.762207,22.946262,30.542961,-7.674642,30.542963,38.459827,5.984726,6.964405,1,3.175102
548.687985,29.290001,31.866587,29.722105,nan,31.849230,23.140802,23.944475,-12.310587,23.944475,39.034992,7.168406,8.179111,1,2.576586
548.880041,29.280001,32.089039,30.082172,nan,40.949085,21.155752,30.460623,-12.310587,30.460623,38.464684,6.375645,7.325451,1,2.809038
549.086651,29.250000,32.768623,29.979586,nan,42.235352,21.350471,30.324627,-12.310587,30.324627,38.950214,6.181591,7.433907,1,3.518623
549.287510,29.139999,32.891659,30.555630,nan,35.307194,21.563133,30.555630,-7.312596,30.555630,38.388798,5.497139,7.725780,1,3.751659
549.482477,29.020000,33.721695,30.192633,nan,40.053555,21.755127,30.192633,-5.884916,30.192633,38.650860,4.929165,7.370201,1,4.701694
549.689325,28.980000,32.579823,30.160265,nan,38.547817,22.239820,26.613775,-5.095906,26.613775,38.708729,6.128906,7.316002,1,3.599823
549.883488,28.940001,32.057541,30.171696,nan,33.946819,22.971106,30.160265,-2.599345,30.160267,39.502380,7.444839,8.221249,1,3.117540
550.081268,29.030001,31.692451,30.171696,nan,30.692139,23.144863,30.171696,0.035857,30.171696,38.332981,6.640530,7.424202,1,2.662451
550.280802,29.010000,30.836479,30.546806,nan,26.286381,23.400755,30.056641,-0.717070,30.056641,38.349392,7.512913,5.557056,1,1.826479
550.481557,28.959999,30.859632,30.367743,nan,26.371140,24.234913,30.367743,-0.546834,30.367743,39.375011,8.515379,9.008518,1,1.899633
550.688104,28.990000,31.121395,29.909584,nan,22.352949,24.094170,29.610645,3.206993,29.610645,39.339993,8.218597,8.441860,1,2.131395
550.880794,28.950001,31.436945,30.217361,nan,21.972128,25.296213,30.626904,3.206993,30.626904,38.734531,7.297586,6.310204,1,2.486944
551.084513,29.000000,31.329094,30.650181,nan,20.448599,24.680954,30.650181,0.533136,30.650181,39.631943,8.302849,7.585770,1,2.329094
551.285777,28.990000,33.419914,30.714592,nan,25.565983,24.297012,30.714592,-0.133888,30.714594,39.191936,5.772022,6.947479,1,4.429914
551.481522,28.920000,31.933304,30.420021,nan,24.607018,25.278574,31.006144,1.465307,31.006144,38.837624,6.904320,7.777554,1,3.013304
551.701249,28.830000,31.296848,30.676296,nan,18.637142,25.548923,30.676296,3.359231,30.676296,38.323082,7.026234,5.940548,1,2.466848
551.880185,28.840000,31.896189,30.216330,nan,28.668985,24.133709,30.216330,4.122857,30.216330,37.236431,5.340242,4.769249,1,3.056189
552.084776,28.820000,30.709745,30.298532,nan,8.757327,24.620537,29.033104,-3.163572,29.033106,37.790749,7.081003,6.231556,1,1.889746
552.281781,28.700001,30.721436,30.419046,nan,23.117823,24.202494,30.419046,-2.644824,30.419046,37.530834,6.809399,5.669693,1,2.021435
552.480513,28.590000,30.652523,30.104803,nan,11.746933,23.722731,30.104803,-3.590493,30.104803,38.409576,7.757053,6.072075,1,2.062523
552.721070,28.440001,29.975800,30.327091,nan,25.391504,23.726723,30.327091,-5.293215,30.327091,38.102066,8.126266,6.920868,1,1.535799
552.883504,28.430000,30.252195,29.959553,nan,20.427467,24.276394,29.959553,-5.293215,29.959553,37.798161,7.545965,7.753868,1,1.822195
553.086503,28.309999,30.469324,29.962179,nan,31.866682,24.242592,29.962179,-4.528254,29.962179,36.807812,6.338488,4.754505,1,2.159325
553.284493,28.160000,31.297312,30.107956,nan,33.965332,21.559042,31.127705,2.549373,31.127705,37.796749,6.499437,4.991859,1,3.137312
553.488238,28.059999,32.404484,29.821833,nan,29.689631,21.212952,29.821833,0.587352,29.821833,37.218330,4.813847,5.666130,1,4.344484
553.735087,28.010000,32.262424,29.684952,nan,21.922407,21.299118,29.684952,3.953677,29.684952,38.275784,6.013359,7.855968,1,4.252424
553.881745,27.980000,31.064562,29.450827,nan,27.079279,23.393187,30.825998,3.437928,30.825998,36.038658,4.974096,4.173031,1,3.084562
554.084493,27.930000,30.639648,29.426466,nan,26.866108,23.225885,29.426466,5.021142,29.426464,37.994846,7.355198,6.622971,1,2.709648
554.283642,27.990000,31.692133,29.301847,nan,25.785595,22.242250,29.301847,1.321870,29.301846,36.095512,4.403379,5.079533,1,3.702133
554.483025,28.260000,32.158264,28.919777,nan,27.827677,21.383768,28.919777,-5.363986,28.919775,36.669563,4.511299,3.388641,1,3.898264
554.680891,28.500000,32.586246,29.182526,nan,16.749920,21.862873,29.182526,-4.233260,29.182526,37.075802,4.489555,4.290546,1,4.086246
554.888573,28.719999,32.038120,28.805634,nan,29.074907,21.070473,28.805634,-5.804619,28.805634,37.574730,5.536610,3.496639,1,3.318121
555.092708,28.820000,33.266663,28.752041,nan,28.884159,18.734207,28.752041,-4.584294,28.752041,36.779327,3.512665,4.205261,1,4.446663
555.280689,28.790001,32.511639,28.600107,nan,31.262878,18.960587,25.561995,-8.112228,25.561995,37.899441,5.387802,5.033951,1,3.721638
555.482529,28.730000,32.224022,28.662605,nan,29.312817,20.779604,28.662605,-0.921833,28.662603,36.579479,4.355457,3.622917,1,3.494022
555.683208,28.709999,32.671478,28.936371,nan,34.834618,22.138750,28.936371,-0.921833,28.936371,37.707916,5.036438,4.343788,1,3.961479
555.881265,28.709999,32.409790,28.591949,nan,31.143829,22.806707,28.555618,-0.921833,28.555618,37.859821,5.450031,4.559727,1,3.699791
556.080478,28.660000,32.929146,28.676214,nan,33.526390,22.431379,28.676214,-3.679811,28.676214,37.955341,5.026196,2.811852,1,4.269146
556.282480,28.629999,32.416985,28.622028,nan,32.062622,21.691994,28.622028,-3.170675,28.622028,37.844357,5.427372,3.179562,1,3.786985
556.480782,28.610001,32.063240,28.566425,nan,22.835695,21.642076,27.968512,-1.494786,27.968512,36.080345,4.017105,3.312363,1,3.453239
556.682482,28.559999,31.417004,28.891462,nan,36.131420,22.551535,28.891462,-3.087373,28.891460,38.766872,7.349869,4.463890,1,2.857004
556.884721,28.500000,31.953089,28.551573,nan,31.223724,22.137991,29.201792,1.569682,29.201792,37.677792,5.724703,3.089027,1,3.453089
557.085338,28.500000,31.321173,28.720457,nan,35.853512,22.801607,28.720457,0.193587,28.720455,37.278149,5.956976,0.712265,1,2.821173
557.282575,28.510000,31.157475,28.814331,nan,27.518526,24.128757,28.888094,0.184409,28.888096,36.535912,5.378437,1.141731,1,2.647474
557.480007,28.480000,30.339863,28.688454,nan,25.756916,24.174210,28.688454,-3.733403,28.688452,37.485416,7.145554,2.855839,1,1.859863
557.690651,28.400000,30.484455,28.799585,nan,23.304525,24.308308,28.799585,-4.618441,28.799585,37.247120,6.762665,2.360657,1,2.084455
557.880487,28.320000,30.262060,28.325577,nan,12.446705,22.547487,28.325577,-10.202560,28.325577,35.313423,5.051363,0.981472,1,1.942060
558.089513,28.379999,30.674973,28.662682,nan,18.601606,22.392496,28.662682,-11.893818,28.662683,36.168980,5.494007,0.993118,1,2.294973
558.284481,28.450001,31.243322,28.270296,nan,24.835838,21.616278,28.270296,-8.025391,28.270298,37.366306,6.122984,0.674400,1,2.793322
558.479754,28.480000,30.733950,28.411743,nan,21.660143,21.161022,28.411743,-11.830241,28.411743,35.358070,4.624121,0.064606,1,2.253950
558.680662,28.590000,31.067459,28.124069,nan,25.168419,21.372660,28.124069,-10.406063,28.124069,36.126614,5.059155,2.579247,1,2.477459
558.883509,28.559999,30.010939,28.512417,nan,27.932682,21.575495,28.512417,-15.244089,28.512417,36.586720,6.575781,0.420864,1,1.450939
559.081653,28.480000,30.507294,28.853096,nan,27.204100,22.151339,28.853096,-12.096500,28.853094,35.455231,4.947937,0.977673,1,2.027294
559.280622,28.400000,29.703611,28.593716,nan,27.709181,22.860786,28.593716,-12.287132,28.593716,36.178127,6.474516,2.155327,1,1.303612
559.479544,28.290001,29.074574,28.655045,nan,20.956766,23.249250,28.655045,-11.343583,28.655045,35.347954,6.273380,0.016975,1,0.784573
559.680679,28.250000,28.584108,28.629120,nan,30.136055,23.425318,28.629120,-11.500184,28.629120,36.376125,7.792017,0.674973,1,0.334108
559.884516,28.299999,28.310930,28.624374,nan,22.530273,22.229916,28.629120,-12.000253,28.629120,36.340061,8.029131,0.676739,1,0.010931
560.080636,28.309999,27.890633,28.216648,nan,15.375157,22.386173,23.512304,-11.760859,23.512304,34.221794,6.331161,1.195988,1,-0.419367
560.280642,28.230000,28.026936,28.465162,nan,21.456375,21.985643,26.305548,-5.399038,26.305548,36.079697,8.052761,0.097317,1,-0.203064
560.484986,28.120001,28.415922,28.885998,nan,14.505893,22.277653,28.885998,-2.632083,28.885998,34.965172,6.549250,0.261620,1,0.295921
560.681610,28.070000,28.698240,28.813898,nan,25.937496,22.008835,28.813898,-0.729593,28.813898,35.286827,6.588587,0.294842,1,0.628241
560.883489,28.100000,29.872442,28.946100,nan,24.131653,21.425774,28.946100,-0.729593,28.946100,34.880043,5.007601,0.511463,1,1.772442
561.080682,28.100000,29.568598,29.043560,nan,19.090420,21.312147,29.043560,-0.729593,29.043560,33.812752,4.244154,1.175442,1,1.468597
561.280708,28.160000,29.000408,27.406576,nan,10.286672,21.335861,27.406576,-0.729593,27.406576,33.751854,4.751446,0.960930,1,0.840408
561.487485,28.030001,28.676237,27.637928,nan,-0.841871,21.435337,27.157381,-1.201367,27.157383,31.676687,3.000450,0.792101,1,0.646236
561.681478,27.740000,28.682520,27.921387,nan,16.172403,22.669647,28.374945,1.133896,28.374945,32.043751,3.361231,1.802799,1,0.942520
561.881493,27.379999,27.673910,27.810913,nan,15.198812,23.117533,27.810913,0.252509,27.810913,31.749903,4.075993,0.288198,1,0.293911
562.082480,27.110001,27.198801,28.315123,nan,7.580110,24.166559,28.315123,-0.410286,28.315121,30.546543,3.347742,0.613997,1,0.088800
562.284699,26.730000,26.737814,28.014631,nan,3.155546,25.143457,27.906416,0.485435,27.906414,28.296476,1.558662,1.522049,1,0.007814
562.484522,26.139999,24.834360,28.014631,nan,6.914164,27.236876,28.014631,-1.221531,28.014629,28.788721,3.954361,2.083841,1,-1.305639
562.684668,25.459999,23.235069,27.300133,nan,2.585520,28.771885,27.009102,-1.229517,27.009100,26.982445,3.747375,1.905987,1,-2.224930
562.888511,24.740000,22.675514,27.300133,nan,8.830778,28.896933,27.300133,0.456171,27.300135,25.299002,2.623487,3.895321,1,-2.064486
563.081499,24.260000,23.027254,27.227867,nan,7.563558,28.323166,27.897778,1.721122,27.897778,25.435167,2.407913,0.276634,1,-1.232746
563.284612,23.459999,22.225655,26.793266,nan,17.811052,27.832455,27.227867,1.721122,27.227869,26.321743,4.096088,1.224167,1,-1.234344
563.481533,22.629999,22.531605,26.793266,nan,4.948277,28.335335,26.793266,2.348293,26.793268,23.157339,0.625734,1.560732,1,-0.098394
563.679533,21.770000,22.983011,26.564722,nan,-1.771445,27.888187,26.564722,-2.392061,26.564722,20.732841,-2.250170,2.384090,1,1.213011
563.882593,20.920000,22.909746,26.194029,nan,13.215622,26.970533,25.960117,-1.511514,25.960117,22.101694,-0.808052,2.717331,1,1.989746
564.082831,19.940001,23.653635,25.941025,nan,-1.449131,26.421003,25.941025,2.916799,25.941025,19.350876,-4.302759,2.770672,1,3.713634
564.282567,18.780001,22.480459,25.395937,nan,12.436474,26.510303,25.395937,0.364257,25.395937,19.109411,-3.371048,1.877254,1,3.700459
564.479814,17.530001,22.220575,25.167633,nan,14.347871,25.840834,25.167633,0.364257,25.167633,17.715771,-4.504805,1.819738,1,4.690575
564.684510,16.469999,21.530800,24.311287,nan,-2.127958,24.857710,24.311287,0.544787,24.311287,15.708880,-5.821919,2.214811,1,5.060801
564.882565,15.260000,21.437016,23.456713,nan,0.281782,24.706604,23.661716,0.512511,23.661716,12.650021,-8.786995,0.344817,1,6.177015
565.079747,14.100000,20.668198,22.580702,nan,8.058589,24.241348,23.082705,-0.404816,23.082705,12.767794,-7.900404,0.142772,1,6.568197
565.288504,12.720000,19.758654,21.610979,nan,5.234032,22.954641,21.610979,-5.695200,21.610979,11.848812,-7.909842,3.154010,1,7.038653
565.481500,11.280000,17.684509,20.954098,nan,14.309525,23.485415,20.954098,-5.695200,20.954098,9.973125,-7.711385,1.087198,1,6.404510
565.682476,9.830000,16.562349,19.218725,nan,5.112235,23.720186,16.753794,-6.162330,16.753794,7.739078,-8.823271,1.620158,1,6.732349
565.888507,8.300000,15.688477,18.071987,nan,-6.974032,25.352375,18.071987,-3.743036,18.071987,4.378079,-11.310398,2.135145,1,7.388476
566.083502,7.020000,14.883336,16.909084,nan,3.265919,25.687670,16.909084,-1.316404,16.909084,3.772207,-11.111130,0.247706,1,7.863336
566.279782,6.130000,13.693431,15.786408,nan,-0.573505,25.549995,15.786408,-2.807451,15.786409,3.026932,-10.666498,2.005476,1,7.563431
566.480489,5.530000,13.226441,15.239510,nan,-5.868131,24.305017,15.239510,-5.183893,15.239510,1.162952,-12.063490,1.623988,1,7.696441
566.680611,4.850000,13.002313,13.678612,nan,6.482291,22.307659,13.678612,-6.006006,13.678612,1.396989,-11.605324,1.982980,1,8.152313
566.884724,4.180000,13.230602,12.803482,nan,8.485980,18.902161,11.545160,-3.145804,11.545160,-0.077963,-13.308565,1.078769,1,9.050602
567.079674,3.370000,12.207320,11.895851,nan,22.302029,16.698717,11.895851,-6.748526,11.895851,1.625027,-10.582294,0.487672,1,8.837320
567.281479,2.700000,10.296918,11.037498,nan,25.714453,16.051575,11.037498,-8.010038,11.037498,1.744668,-8.552250,1.615494,1,7.596918
567.479502,1.150000,9.361447,10.345155,nan,23.726200,15.318230,7.047353,-8.244504,7.047353,0.623910,-8.737537,1.448364,1,8.211448
567.682641,0.430000,8.120106,9.271553,nan,12.364745,14.504228,7.502891,-4.421655,7.502891,-0.683993,-8.804099,1.369930,1,7.690106
567.884495,0.930000,8.326296,8.236083,nan,31.241108,12.079356,8.236083,-3.931608,8.236083,3.343300,-4.982996,1.577921,1,7.396296
568.081712,2.120000,8.254904,7.592814,nan,5.838400,10.840161,7.819050,-5.942957,7.819051,1.381990,-6.872913,3.450191,1,6.134904
568.286641,2.430000,8.347865,6.491889,nan,2.600128,10.773147,6.491889,-7.440840,6.491889,0.223827,-8.124038,2.097736,1,5.917865
568.486724,2.800000,9.824994,6.304369,nan,15.291644,9.096225,6.304369,-8.072070,6.304369,2.785729,-7.039265,1.292165,1,7.024994
568.681600,3.060000,9.892735,5.798760,nan,21.990444,9.390779,5.798760,-3.972107,5.798760,4.618136,-5.274599,1.228978,1,6.832736
568.881728,2.990000,9.653278,5.429913,nan,29.553730,7.623897,5.429913,-3.135125,5.429913,4.911102,-4.742177,1.429047,1,6.663279
569.090504,2.830000,9.615019,5.267741,nan,36.926788,6.855278,4.132195,-2.838865,4.132195,6.309728,-3.305291,4.059744,1,6.785019
569.292554,2.500000,9.088324,4.986254,nan,38.715019,6.049551,4.986254,-1.580617,4.986254,7.273704,-1.814620,1.083951,1,6.588324
569.479745,2.160000,8.286583,4.805535,nan,-12.822701,5.333178,4.805535,-2.874827,4.805535,0.162045,-8.124537,0.080310,1,6.126583
569.693590,1.950000,7.827833,4.307396,nan,-2.262537,3.420605,4.567794,-5.041026,4.567794,1.056371,-6.771462,0.871385,1,5.877833
569.933691,1.800000,7.612170,3.996430,nan,21.577152,2.648589,4.307396,-5.041026,4.307396,4.610412,-3.001758,2.504406,1,5.812170
570.084704,1.710000,7.437686,4.009330,nan,31.294523,3.137902,4.087366,-5.041026,4.087366,6.817790,-0.619897,0.204846,1,5.727686
570.286507,1.650000,6.892986,3.821513,nan,20.804838,3.071570,4.009330,-5.041026,4.009330,5.422905,-1.470081,3.046924,1,5.242986
570.481499,1.590000,6.159310,3.821513,nan,20.808538,2.811776,3.821513,-5.041026,3.821513,5.629303,-0.530007,2.467959,1,4.569310
570.681732,1.490000,6.240741,3.625417,nan,20.373867,3.396971,3.588710,-5.041026,3.588710,4.301157,-1.939584,4.065020,1,4.750741
570.906885,1.400000,4.746953,3.519905,nan,10.810641,3.135695,3.519905,-3.131786,3.519906,4.970828,0.223875,1.507281,1,3.346952
571.082808,1.310000,4.424229,3.401927,nan,20.082193,3.754048,3.401927,-3.511594,3.401927,6.624136,2.199907,0.340672,1,3.114229
571.280595,1.200000,4.984293,3.075743,nan,6.230542,3.377290,3.075743,-3.511594,3.075743,3.791333,-1.192960,5.374236,1,3.784293
571.487414,1.080000,4.034792,2.997655,nan,13.290774,3.587646,2.722741,-0.687286,2.722741,5.662329,1.627537,1.518083,1,2.954792
571.680496,0.980000,4.436246,2.708476,nan,1.386567,2.136166,2.708476,-4.358548,2.708476,2.986765,-1.449481,5.382659,1,3.456246
571.912434,0.960000,3.927067,2.664883,nan,23.668409,1.794695,0.354783,-5.775250,0.354783,6.595994,2.668927,1.296675,1,2.967067
572.081515,0.970000,2.636485,2.498844,nan,-8.564585,0.486580,2.498844,-1.679013,2.498844,4.168512,1.532028,4.100728,1,1.666485
572.279676,1.040000,3.077805,2.410832,nan,9.716331,-0.596610,2.410832,-1.109769,2.410832,3.989110,0.911305,3.937774,1,2.037805
572.490663,1.170000,2.585121,2.287737,nan,-24.629229,-1.229611,2.287737,1.204756,2.287737,0.253145,-2.331976,0.684931,1,1.415121
572.680626,1.280000,2.628786,2.139890,nan,6.579272,-0.188804,2.139890,2.609400,2.139890,4.485532,1.856746,3.733079,1,1.348786
572.934476,1.350000,2.006262,1.969638,nan,-9.827978,1.487846,0.196862,-4.431942,0.196862,2.675355,0.669093,1.369257,1,0.656262
573.079412,1.380000,1.757500,1.801999,nan,-19.031797,1.104257,1.801999,-1.428817,1.801998,-0.185142,-1.942642,2.989479,1,0.377500
573.281496,1.370000,2.565277,1.918737,nan,-8.113983,1.688456,1.918737,-0.705453,1.918737,2.496551,-0.068727,1.829314,1,1.195277
573.490198,1.420000,3.019966,1.938412,nan,-7.189584,1.289948,4.307318,5.922264,4.307318,2.502689,-0.517277,0.393719,1,1.599966
573.679512,1.450000,2.637309,2.057232,nan,-16.871017,0.497136,1.887349,5.922264,1.887349,1.610378,-1.026931,2.144086,1,1.187309
573.879500,1.460000,3.303601,2.090148,nan,-34.520294,-1.229681,2.057232,5.922264,2.057232,-1.805216,-5.108816,1.332378,1,1.843601
574.094509,1.360000,2.697290,1.927232,nan,3.183277,-1.667035,2.090148,5.922264,2.090148,3.336630,0.639340,3.108571,1,1.337290
574.282479,1.220000,2.135408,1.742959,nan,16.663698,-1.903303,1.927232,-7.805940,1.927232,4.857071,2.721663,2.737665,1,0.915408
574.480497,1.030000,2.111045,1.742959,nan,-15.552923,-1.588760,1.742959,-8.070840,1.742960,0.488991,-1.622054,2.368685,1,1.081045
574.682496,0.870000,1.068437,1.497493,nan,-0.589458,-0.091490,1.497493,-6.787126,1.497493,1.854517,0.786080,0.774114,1,0.198437
574.888761,0.860000,0.162991,1.374565,nan,26.531015,0.880128,0.096875,-3.194224,0.096875,4.580474,4.417483,2.446907,1,-0.697009
575.081194,0.990000,0.711156,1.157333,nan,12.321383,2.763147,1.544176,0.967109,1.544176,5.332576,4.621421,1.666670,1,-0.278844
575.288508,1.150000,1.084810,1.174922,nan,34.220615,2.067450,1.174922,0.967109,1.174922,7.448393,6.363583,3.462781,1,-0.065190
575.483511,1.240000,0.401472,1.242131,nan,39.169888,2.192092,1.242131,0.967109,1.242131,8.685362,8.283891,5.146246,1,-0.838528
575.679477,1.360000,0.496127,1.183026,nan,23.007048,0.151873,1.183026,0.967109,1.183026,7.147567,6.651440,1.737103,1,-0.863873
575.886651,1.350000,0.060563,1.272441,nan,25.825504,0.149744,1.327674,0.967109,1.327674,6.927581,6.867018,1.399590,1,-1.289437
576.080637,1.130000,0.078433,1.263925,nan,9.402935,-0.870253,1.263925,0.967109,1.263925,5.180415,5.101983,1.460298,1,-1.051567
576.279420,0.830000,-0.372599,1.150023,nan,27.034147,-0.284625,1.150023,0.967109,1.150023,7.143083,7.515682,2.587766,1,-1.202599
576.484474,0.590000,-1.244663,1.084934,nan,2.779786,0.438218,1.084934,-1.873371,1.084934,3.525969,4.770633,3.414328,1,-1.834663
576.683510,0.510000,-0.629917,0.972128,nan,-21.362093,-0.218162,0.976999,-3.374742,0.976999,0.362979,0.992896,6.507390,1,-1.139917
576.885674,0.320000,-0.992559,0.972128,nan,6.813165,0.973767,0.972128,-0.780335,0.972128,3.033429,4.025988,3.779191,1,-1.312559
577.080745,0.140000,-0.662355,0.795759,nan,42.588356,1.150834,0.795759,1.384669,0.795759,8.277001,8.939356,7.138112,1,-0.802355
577.289641,-0.030000,-0.214410,0.649655,nan,40.773239,1.503887,0.649655,2.521481,0.649655,8.306105,8.520514,7.285447,1,-0.184410
577.479484,-0.050000,-0.455273,0.685899,nan,5.615394,0.523177,0.685899,2.616410,0.685899,4.308960,4.764233,0.629634,1,-0.405273
577.679711,0.170000,-1.287041,0.638126,nan,10.057030,-0.298003,0.638126,0.803091,0.638126,6.022745,7.309786,2.252161,1,-1.457041
577.879557,0.210000,-0.016957,0.598381,nan,36.086792,-0.697282,0.598381,1.606733,0.598381,9.386790,9.403748,8.552812,1,-0.226957
578.087506,0.300000,0.236742,0.419704,nan,20.136456,-2.677182,0.419704,0.072426,0.419704,6.772393,6.535651,3.215544,1,-0.063258
578.281499,0.440000,-0.417286,0.375682,nan,7.200769,-2.641583,0.375682,0.713649,0.375682,5.387986,5.805272,0.188583,1,-0.857286
578.489643,0.540000,-0.080079,0.252203,nan,2.101620,-1.740345,0.252203,-1.200145,0.252203,6.095623,6.175703,1.091004,1,-0.620080
578.682488,0.470000,1.072109,0.242578,nan,-2.785189,-1.516710,0.242578,-1.200145,0.242578,5.112089,4.039980,0.430686,1,0.602109
578.880609,0.190000,0.827391,0.180689,nan,-24.594555,-0.242501,0.180689,-1.582249,0.180689,1.238871,0.411480,6.296675,1,0.637391
579.082481,-0.210000,-0.319082,0.047987,nan,-8.952240,1.507289,0.047987,-5.875853,0.047987,2.813888,3.132970,2.753608,1,-0.109082
579.279503,-0.100000,-0.354651,0.294462,nan,2.581526,0.363275,-2.113261,-6.019308,-2.113261,5.435881,5.790532,1.616052,1,-0.254651
579.486506,0.050000,-0.703885,0.260850,nan,-6.068436,-1.369562,0.260850,-7.966252,0.260850,4.575435,5.279321,0.580984,1,-0.753886
579.682496,0.420000,-0.001223,0.241857,nan,1.396785,-2.857885,0.241857,-7.966252,0.241857,5.061132,5.062355,0.606528,1,-0.421223
579.879424,0.680000,-0.603333,0.195894,nan,-11.298956,-3.304667,0.195894,-9.017294,0.195894,4.033958,4.637291,2.857237,1,-1.283333
580.086648,0.750000,-1.890386,0.145746,nan,2.826245,-2.437576,0.145746,-8.967309,0.145746,6.099931,7.990317,0.826242,1,-2.640386
580.280603,0.750000,-0.691894,0.121172,nan,0.062845,-2.943637,0.121172,-9.821166,0.121172,6.043356,6.735250,0.297777,1,-1.441894
580.481753,0.780000,-1.460707,0.115358,nan,-10.859702,-1.968558,-3.975707,-10.227662,-3.975707,4.853347,6.314054,1.564599,1,-2.240707
580.679721,0.740000,-1.191556,0.090137,nan,8.098805,-2.170824,0.090137,-6.029006,0.090137,6.608108,7.799664,2.285040,1,-1.931556
580.889700,0.600000,-1.775806,0.202128,nan,10.173932,-2.028560,-2.610556,-7.031710,-2.610556,6.441069,8.216874,3.011957,1,-2.375806
581.082483,0.560000,-1.826015,0.269896,nan,-15.352934,-1.796376,0.269896,-7.031710,0.269896,3.820606,5.646621,2.265576,1,-2.386015
581.280846,0.300000,-1.477646,0.191961,nan,2.131146,-1.995398,-0.771829,-2.409476,-0.771829,5.689828,7.167475,1.117281,1,-1.777646
581.479715,0.130000,-1.544371,0.241852,nan,-16.304827,-2.267435,0.241852,-0.765254,0.241852,2.797040,4.341411,4.368634,1,-1.674371
581.685718,0.060000,-1.229999,0.204244,nan,3.428886,-2.914553,0.837827,1.583958,0.837827,4.735967,5.965966,0.063900,1,-1.289999
581.882498,0.230000,-0.456889,0.187647,nan,-17.505873,-2.973226,0.187647,2.600326,0.187647,3.243520,3.700409,3.934363,1,-0.686889
582.079518,0.280000,-0.526540,0.156581,nan,3.006984,-3.984752,0.432568,0.689968,0.432568,3.869038,4.395579,1.784573,1,-0.806540
582.279713,0.120000,-0.474975,0.222136,nan,-2.756163,-3.145986,0.222136,-3.365017,0.222136,3.873028,4.348003,2.344454,1,-0.594975
582.479492,0.020000,0.080075,0.189092,nan,-12.949903,-2.754036,0.189092,-1.226053,0.189092,2.921654,2.841579,3.036814,1,0.060075
582.689641,-0.010000,0.753946,0.188743,nan,5.187373,-2.164990,0.188743,-0.655466,0.188743,5.193171,4.439225,1.267265,1,0.763946
582.884494,0.070000,-0.066708,0.195939,nan,-8.984794,-1.437599,0.195939,-0.226458,0.195939,4.291892,4.358600,1.711321,1,-0.136708
583.080582,0.140000,1.513146,0.054641,nan,0.715264,-2.529603,0.090570,-3.437076,0.090570,4.735309,3.222163,0.438828,1,1.373146
583.282503,0.200000,1.579596,0.028743,nan,9.723160,-2.631064,0.028743,-3.437076,0.028743,5.912562,4.332966,2.467874,1,1.379596
583.489030,0.110000,0.320671,-0.102700,nan,12.221465,-1.661617,-1.664751,-3.905128,-1.664751,5.779169,5.458498,2.000774,1,0.210671
583.682480,0.170000,-0.848744,-0.009885,nan,8.579920,-0.546649,-4.049661,-10.099441,-4.049661,5.348382,6.197126,1.939375,1,-1.018744
583.892506,0.340000,-0.465458,-0.039204,nan,10.093367,0.443655,-0.039204,-10.941520,-0.039204,6.722592,7.188051,5.573705,1,-0.805458
584.113136,0.490000,-0.713510,0.040730,nan,1.771488,-0.370868,0.040730,-10.941520,0.040730,6.118586,6.832095,3.311875,1,-1.203510
584.287507,0.610000,-0.914883,0.087656,nan,29.043966,-0.295656,0.087656,-9.445294,0.087656,14.659323,15.574206,0.000000,1,-1.524883
584.483511,0.740000,-1.425527,0.133497,nan,11.502773,-0.931263,0.133497,-7.824618,0.133497,11.894435,13.319963,0.000000,1,-2.165527
584.680481,0.920000,-1.207114,0.246014,nan,27.606714,-0.930756,0.246014,-7.824618,0.246014,9.929301,11.136415,9.486158,1,-2.127115
584.879661,1.030000,-0.350317,0.238620,nan,-15.003788,-1.659340,0.238620,-2.153420,0.238620,9.211902,9.562219,0.000000,1,-1.380317
585.079693,1.180000,0.180487,0.314118,nan,-3.567034,-2.875052,-1.352658,-4.166941,-1.352658,13.039102,12.858615,0.000000,1,-0.999513
585.279681,1.070000,0.534821,0.434826,nan,-16.028667,-3.358022,0.434826,-3.554929,0.434826,5.014229,4.479408,1.069489,1,-0.535179
585.483351,1.120000,-0.347247,0.354973,nan,-18.769012,-1.996777,-1.691907,-5.117200,-1.691908,4.157121,4.504368,2.837124,1,-1.467247
585.682494,1.140000,-0.154630,0.383655,nan,19.189127,-1.867754,0.383655,-3.954227,0.383655,9.143922,9.298552,6.938643,1,-1.294630
585.880479,1.240000,0.251352,0.533901,nan,-3.730687,-2.594401,0.533901,-4.702308,0.533901,5.558807,5.307455,0.569552,1,-0.988648
586.080928,1.350000,0.836727,0.589432,nan,-24.706650,-3.150514,0.398716,-0.476792,0.398716,3.261184,2.424458,4.707065,1,-0.513273
586.281606,1.350000,1.190338,0.824404,nan,-2.606959,-3.136162,-0.614808,-3.598031,-0.614808,6.009624,4.819286,0.709385,1,-0.159662
586.479734,1.360000,1.519101,0.768752,nan,12.947235,-3.134674,0.768752,-4.383365,0.768752,8.675238,7.156137,5.674307,1,0.159101
586.683511,1.250000,1.361818,0.843592,nan,1.069999,-2.302382,0.010173,-2.083548,0.010173,6.984403,5.622585,2.549553,1,0.111818
586.881494,1.120000,1.720219,0.915816,nan,-9.575080,-2.664983,0.915816,-2.975209,0.915816,5.742566,4.022346,0.614116,1,0.600219
587.097890,0.990000,2.022496,0.921587,nan,-2.675689,-2.636282,-1.016417,-4.845011,-1.016417,12.048776,10.026279,0.000000,1,1.032496
587.282571,0.920000,2.692762,0.912091,nan,27.400509,-3.309892,-0.464100,-3.440478,-0.464100,15.137440,12.444678,0.000000,1,1.772762
587.480873,0.990000,1.906714,0.830950,nan,25.231974,-1.833112,0.830950,-5.866395,0.830950,15.033760,13.127046,0.000000,1,0.916714
587.679480,0.910000,1.724605,0.874646,nan,25.321470,-1.426851,0.874646,-5.507275,0.874646,9.705194,7.980588,8.072561,1,0.814605
587.879778,0.660000,1.911937,0.939072,nan,3.204806,-0.686175,0.939072,-6.394415,0.939072,7.156578,5.244641,4.014773,1,1.251937
588.112938,0.240000,2.264537,0.783090,nan,8.969692,-1.244858,0.907166,-6.490107,0.907166,6.330886,4.066349,3.151659,1,2.024537
588.284857,0.100000,2.398172,0.813030,nan,2.291455,-0.169006,0.813030,-2.881435,0.813030,5.028408,2.630236,1.884699,1,2.298172
588.480679,0.100000,3.270251,0.773687,nan,21.514009,-0.195131,0.773687,-0.910671,0.773687,9.198548,5.928298,9.601079,1,3.170251
588.691509,0.130000,3.430800,0.702750,nan,-13.166327,-0.989325,0.702750,-4.493634,0.702750,9.703119,6.272319,0.000000,1,3.300800
588.884489,0.140000,3.118658,0.534090,nan,18.796354,-1.422835,0.646030,-1.298324,0.646030,15.075322,11.956665,0.000000,1,2.978657
589.130668,0.170000,3.577322,0.513462,nan,18.374092,-1.479647,0.529646,-0.011111,0.529646,13.776413,10.199091,0.000000,1,3.407322
589.279977,0.200000,3.809764,0.559319,nan,16.246840,-2.944504,0.513462,-0.011111,0.513462,13.032842,9.223078,0.000000,1,3.609764
589.479576,0.320000,4.191255,0.378705,nan,15.481286,-3.153267,-0.090179,-1.172210,-0.090179,14.336463,10.145208,0.000000,1,3.871255
589.686506,0.490000,4.456875,0.300798,nan,-26.008598,-3.621213,0.300798,0.346261,0.300798,4.498386,0.041511,0.552737,1,3.966875
589.884503,0.750000,5.129137,0.336787,nan,-13.147699,-4.663785,0.336787,-1.350253,0.336787,11.098568,5.969431,0.000000,1,4.379137
590.134293,0.780000,5.575359,0.423341,nan,18.213024,-4.510726,-1.076002,-3.748358,-1.076002,13.578589,8.003231,0.000000,1,4.795359
590.280737,0.840000,4.645881,0.354587,nan,-9.347037,-2.720388,-0.921212,-3.189498,-0.921212,6.016606,1.370725,2.254990,1,3.805881
590.481348,1.030000,5.193198,0.418670,nan,-28.362597,-3.012983,0.936664,1.294984,0.936664,3.637005,-1.556193,3.285143,1,4.163198
590.679764,1.090000,4.883367,0.488741,nan,-0.768112,-2.819897,0.488741,-0.808386,0.488741,6.212027,1.328660,2.291451,1,3.793366
590.880504,1.130000,4.392272,0.536204,nan,-8.395496,-2.211185,-0.386857,-2.307653,-0.386857,6.691039,2.298767,1.820221,1,3.262272
591.080474,1.180000,3.485067,0.578378,nan,10.122519,-3.650203,0.578378,0.144533,0.578378,6.869955,3.384887,3.515750,1,2.305068
591.289607,1.170000,3.449515,0.604326,nan,1.783585,-4.091649,0.914593,0.775667,0.914593,7.204238,3.754724,3.513398,1,2.279515
591.481795,1.100000,2.827632,0.721401,nan,5.718689,-2.834752,0.721401,-1.167819,0.721401,7.693501,4.865869,5.432069,1,1.727632
591.683640,0.930000,2.697782,0.653228,nan,-10.127557,-1.149750,0.339089,-0.785345,0.339089,5.155026,2.457244,0.115214,1,1.767782
591.880484,0.770000,1.374911,0.746832,nan,-16.412807,0.347931,0.746832,-0.816643,0.746832,4.272262,2.897351,1.027868,1,0.604911
592.080737,0.610000,1.201703,0.656874,nan,26.648016,0.165434,0.656874,0.325171,0.656874,8.713708,7.512005,7.647765,1,0.591703
592.282494,0.580000,2.014731,0.637877,nan,-6.274257,1.025795,0.637877,-3.018733,0.637877,4.932267,2.917536,0.133443,1,1.434731
592.481495,0.650000,2.654112,0.617818,nan,26.461380,0.764170,0.617818,-2.652834,0.617818,9.421425,6.767313,8.896967,1,2.004112
592.683732,0.690000,2.443862,0.588683,nan,-8.741260,-1.441861,-0.184707,-1.933474,-0.184707,5.027862,2.584000,0.229985,1,1.753862
592.881599,0.840000,3.934174,0.696226,nan,-15.143682,-3.129836,0.696226,-2.128464,0.696226,4.496854,0.562680,0.710672,1,3.094174
593.083478,0.910000,4.167688,0.644709,nan,-1.950110,-3.195844,0.644709,0.766460,0.644709,5.006584,0.838896,0.203960,1,3.257688
593.282029,0.910000,4.403453,0.640168,nan,-10.669113,-3.025976,0.616151,-1.225210,0.616151,4.962919,0.559466,0.477443,1,3.493453
593.481500,0.880000,3.446963,0.640168,nan,-18.879047,-1.171796,0.640168,-1.225210,0.640168,3.774749,0.327786,2.905191,1,2.566963
